Monster Name,CR,Book,Size,Alignment,Type,XP
Aarakocra,0.25,mm 012,Medium,NG,Humanoid,50
Aatxe,5,cc 007,,,,1800
Aboleth,10,mm 013,Large,LE,Aberration,5900
Aboleth' Nihileth,12,ToB 008,Large,CE,Undead,8400
Abominable Beauty,11,ToB 011,Medium,NE,Elemental,7200
Abominable Yeti,9,mm 306,Huge,CE,Monstrosity,5000
Abyssal Wretch,0.25,mtf 136,Medium,CE,Fiend,50
Accursed Defiler,4,ToB 012,Medium,NE,Undead,1100
Acid Ant,0.25,cc 008,,,,50
Acolyte,0.25,mm 342,Medium,Any,Humanoid,50
Adult Black Dragon,14,mm 088,Huge,CE,Dragon,11500
Adult Blue Dracolich,17,mm 084,Huge,LE,Undead,18000
Adult Blue Dragon,16,mm 091,Huge,LE,Dragon,15000
Adult Brass Dragon,13,mm 105,Huge,CG,Dragon,10000
Adult Bronze Dragon,15,mm 108,Huge,LG,Dragon,13000
Adult Cave Dragon,16,ToB 125,Huge,NE,Dragon,15000
Adult Copper Dragon,14,mm 111,Huge,CG,Dragon,11500
Adult Faerie Dragon,2,mm 133,Tiny,CG,Dragon,450
Adult Flame Dragon,16,ToB 129,Huge,CE,Dragon,15000
Adult Gold Dragon,17,mm 114,Huge,LG,Dragon,18000
Adult Green Dragon,15,mm 094,Huge,LE,Dragon,13000
Adult Kruthik,2,mtf 212,Medium,Unaligned,Monstrosity,450
Adult Mithral Dragon,14,ToB 133,Huge,N,Dragon,11500
Adult Oblex,5,mtf 218,Medium,LE,Ooze,1800
Adult Red Dragon,17,mm 098,Huge,CE,Dragon,18000
Adult Sea Dragon,16,ToB 135,Huge,NE,Dragon,15000
Adult Silver Dragon,16,mm 117,Huge,LG,Dragon,15000
Adult Void Dragon,14,ToB 139,Huge,CN,Dragon,11500
Adult White Dragon,13,mm 101,Huge,CE,Dragon,10000
Adult Wind Dragon,17,ToB 143,Huge,CN,Dragon,18000
Agnibarra,1,cc 009,,,,200
Ahu-Nixta,3,cc 011,,,,700
Ahuizotl,2,cc 010,,,,450
Air Elemental,5,mm 124,Large,N,Elemental,1800
Air Elemental Myrmidon,7,mtf 202,Medium,N,Elemental,2900
Ala,8,ToB 013,Medium,CE,Fey,3900
Alabaster Tree,7,cc 302,,,,2900
Algorith,10,ToB 014,Medium,LN,Celestial,5900
Alhoon,10,vgm 172,Medium,Any evil,Undead,5900
Alkilith,11,mtf 130,Medium,CE,Fiend,7200
Alkonost,0.5,cc 012,,,,100
Allip,5,mtf 116,Medium,NE,Undead,1800
Alliumite,0.25,cc 013,,,,50
Allosaurus,2,mm 079,Large,Unaligned,Beast,450
Alp,1,cc 014,,,,200
Alseid,0.5,ToB 015,Medium,CN,Monstrosity,100
Alseid Grovekeeper,3,ToB 015,Medium,CN,Monstrosity,700
Ammut,9,cc 015,,,,5000
Amnizu,18,mtf 164,Medium,LE,Fiend,20000
Amphiptere,3,ToB 016,Medium,Unaligned,Beast,700
Ancient Black Dragon,21,mm 087,Gargantuan,CE,Dragon,33000
Ancient Blue Dragon,23,mm 090,Gargantuan,LE,Dragon,50000
Ancient Brass Dragon,20,mm 104,Gargantuan,CG,Dragon,25000
Ancient Bronze Dragon,22,mm 107,Gargantuan,LG,Dragon,41000
Ancient Copper Dragon,21,mm 110,Gargantuan,CG,Dragon,33000
Ancient Flame Dragon,24,ToB 128,Gargantuan,CE,Dragon,62000
Ancient Gold Dragon,24,mm 113,Gargantuan,LG,Dragon,62000
Ancient Green Dragon,22,mm 093,Gargantuan,LE,Dragon,41000
Ancient Mithral Dragon,18,ToB 132,Gargantuan,N,Dragon,20000
Ancient Red Dragon,24,mm 097,Gargantuan,CE,Dragon,62000
Ancient Sea Dragon,22,ToB 135,Gargantuan,NE,Dragon,41000
Ancient Silver Dragon,23,mm 116,Gargantuan,LG,Dragon,50000
Ancient Titan,12,ToB 380,Gargantuan,NG,Celestial,8400
Ancient Void Dragon,24,ToB 138,Gargantuan,CN,Dragon,62000
Ancient White Dragon,20,mm 100,Gargantuan,CE,Dragon,25000
Ancient Wind Dragon,22,ToB 142,Gargantuan,CN,Dragon,41000
Andrenjinyi,15,ToB 015,Gargantuan,N,Celestial,13000
Androsphinx,17,mm 281,Large,LN,Monstrosity,18000
Angatra,6,ToB 019,Medium,NE,Undead,2300
Angel' Chained,8,ToB 020,Medium,NE,Celestial,3900
Angel' Eye of the Gods,1,cc 016,,,,200
Angel' Fidele,5,ToB 021,Medium,LG,Celestial,1800
Angel' Kinnara,3,cc 017,,,,700
Angel' Ophanim,16,cc 018,,,,15000
Angel' Sammael,7,cc 019,,,,2900
Angel' Song,6,cc 020,,,,2300
Angel' Zoryas,8,cc 021,,,,3900
Angler Worm,4,ToB 022,Huge,Unaligned,Monstrosity,1100
Angry Sorrowsworn,13,mtf 231,Medium,NE,Monstrosity,10000
Animated Armor,1,mm 019,Medium,Unaligned,Construct,200
Ankheg,2,mm 021,Large,Unaligned,Monstrosity,450
Ankou Soul Herald,21,cc 037,,,,33000
Ankou Soul Seeker,8,cc 038,,,,3900
Ankylosaurus,3,mm 079,Huge,Unaligned,Beast,700
Annis Hag,6,vgm 159,Large,CE,Fey,2300
Anophiloi,1,cc 039,,,,200
Ant Queen' Giant,4,ToB 023,Large,Unaligned,Beast,1100
Ant' Giant,2,ToB 023,Large,Unaligned,Beast,450
Anubian,2,ToB 024,Medium,CE,Elemental,450
Ape,0.5,mm 317,Medium,Unaligned,Beast,100
Arborcyte,8,cc 040,,,,3900
Arboreal Grappler,3,ToB 025,Medium,NE,Aberration,700
Arcamag,2,cc 041,,,,450
Arcanaloth,12,mm 313,Medium,NE,Fiend,8400
Arcanaphage,4,cc 042,,,,1100
Arch-Devil' Belphegor,22,cc 100,,,,41000
Arch-Devil' Parzelon,25,cc 101,,,,75000
Archmage,12,mm 342,Medium,Any,Humanoid,8400
Aridni,5,ToB 026,Small,NE,Fey,1800
Armanite,7,mtf 131,Large,CE,Fiend,2900
Asanbosam,5,ToB 027,Large,CE,Aberration,1800
Assassin,8,mm 343,Medium,Any non-good,Humanoid,3900
Astral Dreadnought,21,mtf 117,Gargantuan,Unaligned,Monstrosity,33000
Astral Snapper,3,cc 043,,,,700
Aurochs,2,vgm 207,Large,Unaligned,Beast,450
Autumn Eladrin,10,mtf 195,Medium,CN,Fey,5900
Awakened Shrub,0,mm 317,Small,Unaligned,Plant,10
Awakened Tree,2,mm 317,Huge,Unaligned,Plant,450
Axe Beak,0.25,mm 317,Large,Unaligned,Beast,50
Azeban,4,cc 044,,,,1100
Azer,2,mm 022,Medium,LN,Elemental,450
Azi Dahaka,14,cc 045,,,,11500
Azza Gremlin,0.25,ToB 028,Small,N,Fey,50
Baba Yaga,20,cc 046,,,,25000
Baba Yaga’s Horsemen' Base,11,ToB 030,Medium,LN,Fey,7200
Baba Yaga’s Iron Teeth,2,cc 047,,,,450
Babau,4,vgm 136,Medium,CE,Fiend,1100
Baboon,0,mm 318,Small,Unaligned,Beast,10
Badger,0,mm 318,Tiny,Unaligned,Beast,10
Bagiennik,3,ToB 031,Medium,CN,Aberration,700
Balhannoth,11,mtf 118,Large,CE,Aberration,7200
Balor,19,mm 055,Huge,CE,Fiend,22000
Banderhobb,5,vgm 122,Large,NE,Monstrosity,1800
Bandit,0.125,mm 343,Medium,Any non-lawful,Humanoid,25
Bandit Captain,2,mm 344,Medium,Any non-lawful,Humanoid,450
Bandit Lord,4,ToB 418,Medium,Any non-lawful,Humanoid,1100
Banshee,4,mm 023,Medium,CE,Undead,1100
Bar Brawl,3,cc 048,,,,700
Barbed Devil,5,mm 070,Medium,LE,Fiend,1800
Barghest,4,vgm 123,Large,NE,Fiend,1100
Barlgura,5,mm 056,Large,CE,Fiend,1800
Barong,17,cc 049,,,,18000
Basilisk,3,mm 024,Medium,Unaligned,Monstrosity,700
Bastet Temple Cat,1,ToB 032,Small,CN,Beast,200
Bat,0,mm 318,Tiny,Unaligned,Beast,10
Bat King,13,cc 022,,,,10000
Bat' Giant Albino,3,cc 050,,,,700
Bat' Giant Vampire,2,cc 050,,,,450
Battle Mage,4,cc 397,,,,1100
Bearded Devil,3,mm 070,Medium,LE,Fiend,700
Bearfolk,3,ToB 033,Medium,CG,Humanoid,700
Bearfolk Chieftain,6,cc 051,,,,2300
Bearmit Crab,2,cc 052,,,,450
Behir,11,mm 025,Huge,NE,Monstrosity,7200
Beholder,13,mm 028,Large,LE,Aberration,10000
Beholder (in lair),14,mm 028,Large,LE,Aberration,11500
Beholder Zombie,5,mm 316,Large,NE,Undead,1800
Behtu,2,ToB 034,Small,CE,Humanoid,450
Beli,2,ToB 035,Small,NE,Fey,450
Berbalang,2,mtf 120,Medium,NE,Aberration,450
Bereginyas,4,ToB 036,Tiny,NE,Fey,1100
Berserker,2,mm 344,Medium,Any chaotic,Humanoid,450
Bheur Hag,7,vgm 160,Medium,CE,Fey,2900
Bilwis,1,cc 053,,,,200
Black Abishai,7,mtf 160,Medium,LE,Fiend,2900
Black Bear,0.5,mm 318,Medium,Unaligned,Beast,100
Black Dragon Wyrmling,2,mm 088,Medium,CE,Dragon,450
Black Knight Commander,5,ToB 418,Medium,LE,Humanoid,1800
Black Pudding,4,mm 241,Large,Unaligned,Ooze,1100
Blemmyes,8,ToB 037,Large,CE,Monstrosity,3900
Blink Dog,0.25,mm 318,Medium,LG,Fey,50
Blood Hag,11,ToB 242,Medium,CE,Fey,7200
Blood Hawk,0.125,mm 319,Small,Unaligned,Beast,25
Blood Mage,7,cc 397,,,,2900
Bloody Bones,3,cc 054,,,,700
Blue Abishai,17,mtf 161,Medium,LE,Fiend,18000
Blue Dragon Wyrmling,3,mm 091,Medium,LE,Dragon,700
Blue Slaad,7,mm 276,Large,CN,Aberration,2900
Boar,0.25,mm 319,Medium,Unaligned,Beast,50
Bodak,6,vgm 127,Medium,CE,Undead,2300
Boggle,0.125,vgm 128,Small,CN,Fey,25
Boloti,1,ToB 038,Tiny,NE,Fey,200
Bone Collective,8,ToB 039,Small,CE,Undead,3900
Bone Crab,0.5,ToB 040,Small,N,Beast,100
Bone Devil,9,mm 071,Large,LE,Fiend,5000
Bone Naga,4,mm 233,Large,LE,Undead,1100
Bone Swarm,10,ToB 041,Large (swarm of Tiny),CE,Undead,5900
Boneclaw,12,mtf 121,Large,CE,Undead,8400
Bookkeeper,0.125,cc 055,,,,25
Boot Grabber,0.5,cc 056,,,,100
Boreas,17,ToB 042,Medium,CE,Elemental,18000
Bouda,5,ToB 044,Medium,NE,Fiend,1800
Brass Dragon Wyrmling,1,mm 106,Medium,CG,Dragon,200
Brontosaurus,5,vgm 139,Gargantuan,Unaligned,Beast,1800
Bronze Dragon Wyrmling,2,mm 109,Medium,LG,Dragon,450
Bronze Scout,1,mtf 125,Medium,Unaligned,Construct,200
Broodiken,1,ToB 045,Tiny,N,Construct,200
Brother Ox,16,cc 025,,,,15000
Brown Bear,1,mm 319,Large,Unaligned,Beast,200
Bucca,0.5,ToB 046,Tiny,NE,Fey,100
Bugbear,1,mm 033,Medium,CE,Humanoid,200
Bugbear Chief,3,mm 033,Medium,CE,Humanoid,700
Bukavac,9,ToB 047,Large,NE,Monstrosity,5000
Bulette,5,mm 034,Large,Unaligned,Monstrosity,1800
Bulezau,3,mtf 131,Medium,CE,Fiend,700
Bullywug,0.25,mm 035,Medium,NE,Humanoid,50
Buraq,11,ToB 048,Medium,LG,Celestial,7200
Burrowling,0.5,ToB 049,Small,LN,Humanoid,100
Cactid,3,ToB 050,Large,Unaligned,Plant,700
Cadaver Collector,14,mtf 122,Large,LE,Construct,11500
Cambion,5,mm 036,Medium,Any evil,Fiend,1800
Cambium,14,ToB 051,Large,NE,Fiend,11500
Camel,0.125,mm 320,Large,Unaligned,Beast,25
Canoloth,8,mtf 247,Medium,NE,Fiend,3900
Carbuncle,1,cc 057,,,,200
Carrion Beetle,4,ToB 052,Large,N,Beast,1100
Carrion Crawler,2,mm 037,Large,Unaligned,Monstrosity,450
Cat,0,mm 320,Tiny,Unaligned,Beast,10
Catoblepas,5,vgm 129,Large,Unaligned,Monstrosity,1800
Cats of Ulthar,4,cc 058,,,,1100
Cauldronborn,2,cc 059,,,,450
Cave Bear,2,mm 334,Large,Unaligned,Beast,450
Cave Dragon Wyrmling,2,ToB 127,Medium,NE,Dragon,450
Cave Fisher,3,vgm 130,Medium,Unaligned,Monstrosity,700
Cavelight Moss,4,ToB 053,Large,N,Plant,1100
Centaur,2,mm 038,Large,NG,Monstrosity,450
Centaur Chieftain,5,cc 060,,,,1800
Chain Devil,8,mm 072,Medium,LE,Fiend,3900
Chasme,6,mm 057,Large,CE,Fiend,2300
Chelicerae,7,ToB 054,Large,NE,Aberration,2900
Chernomoi,1,ToB 055,Tiny,N,Fey,200
Child of the Briar,1,ToB 056,Tiny,NE,Plant,200
Child of Yggdrasil,6,cc 061,,,,2300
Chimera,6,mm 039,Large,CE,Monstrosity,2300
Chitine,0.5,vgm 131,Small,CE,Monstrosity,100
Choker,1,mtf 123,Small,CE,Aberration,200
Choldrith,3,vgm 132,Medium,CE,Monstrosity,700
Chronalmental,8,ToB 057,Large,Unaligned,Elemental,3900
Chuhaister,7,cc 062,,,,2900
Chupacabra,0.5,cc 063,,,,100
Chuul,4,mm 040,Large,CE,Aberration,1100
Cikavak,0.125,ToB 058,Tiny,N,Beast,25
City Watch Captain,4,ToB 419,Medium,LN,Humanoid,1100
Clay Golem,9,mm 168,Large,Unaligned,Construct,5000
Cloaker,8,mm 041,Large,CN,Aberration,3900
Clockwork Abomination,5,ToB 059,Large,LE,Construct,1800
Clockwork Abomination,5,ToB 059,Large,LE,Fiend,1800
Clockwork Assassin,6,cc 064,,,,2300
Clockwork Beetle,0.5,ToB 060,Tiny,Unaligned,Construct,100
Clockwork Beetle Swarm,3,ToB 061,Large swarm of Tiny,N,Construct,700
Clockwork Hound,2,ToB 062,Medium,Unaligned,Construct,450
Clockwork Huntsman,3,ToB 063,Medium,Unaligned,Construct,700
Clockwork Myrmidon,6,ToB 064,Large,Unaligned,Construct,2300
Clockwork Servant,0.125,cc 065,,,,25
Clockwork Soldier,1,cc 065,,,,200
Clockwork Watchman,0.5,ToB 065,Medium,Unaligned,Construct,100
Clockwork Weaving Spider,1,ToB 066,Tiny,Unaligned,Construct,200
Cloud Giant,9,mm 154,Huge,NG or NE,Giant,5000
Cloud Giant Smiling One,11,vgm 146,Huge,CN,Giant,7200
Clurichaun,0.25,ToB 067,Tiny,CN,Fey,50
Cobbleswarm,2,ToB 068,Medium swarm of Tiny,Unaligned,Monstrosity,450
Cockatrice,0.5,mm 042,Small,Unaligned,Monstrosity,100
Commoner,0,mm 344,Medium,Any,Humanoid,10
Constrictor Snake,0.25,mm 320,Large,Unaligned,Beast,50
Copper Dragon Wyrmling,1,mm 112,Medium,CG,Dragon,200
Corpse Flower,8,mtf 127,Large,CE,Plant,3900
Corpse Mound,11,ToB 069,Huge,NE,Undead,7200
Corpse Thief,0.5,cc 066,,,,100
Couatl,4,mm 043,Medium,LG,Celestial,1100
Cow,0.25,vgm 207,Large,Unaligned,Beast,50
Crab,0,mm 320,Tiny,Unaligned,Beast,10
Cranium Rat,0,vgm 133,Tiny,LE,Beast,10
Crawling Claw,0,mm 044,Tiny,NE,Undead,10
Crimson Mist,6,cc 067,,,,2300
Crocodile,0.5,mm 320,Large,Unaligned,Beast,100
Cueyatl,0.5,cc 068,,,,100
Cueyatl Moon Priest,5,cc 068,,,,1800
Cueyatl Sea Priest,1,cc 069,,,,200
Cueyatl Warrior,1,cc 069,,,,200
Cult Fanatic,2,mm 345,Medium,Any non-good,Humanoid,450
Cultist,0.125,mm 345,Medium,Any non-good,Humanoid,25
Cyclops,6,mm 045,Huge,CN,Giant,2300
Dakini' Simhamukha,8,cc 070,,,,3900
Dao,11,mm 143,Large,NE,Elemental,7200
Darakhul Priestess,9,cc 172,,,,5000
Darakhul Shadowmancer,4,cc 171,,,,1100
Dark Eye,3,cc 072,,,,700
Dark Father,4,cc 071,,,,1100
Dark Folk' Dark Servant,1,cc 072,,,,200
Dark Voice,5,cc 073,,,,1800
Darkling,0.5,vgm 134,Small,CN,Fey,100
Darkling Elder,2,vgm 134,Medium,CN,Fey,450
Darkmantle,0.5,mm 046,Small,Unaligned,Monstrosity,100
Dau,4,ToB 070,Small,CN,Fey,1100
Death Butterfly Swarm,4,ToB 071,Large swarm of Tiny,CE,Beast,1100
Death Butterfly Swarm' Greater,6,ToB 071,Huge swarm of Tiny,CE,Beast,2300
Death Dog,1,mm 321,Medium,NE,Monstrosity,200
Death Kiss,10,vgm 124,Large,NE,Aberration,5900
Death Knight,17,mm 047,Medium,CE,Undead,18000
Death Slaad,10,mm 278,Medium,CE,Aberration,5900
Death Tyrant,14,mm 029,Large,LE,Undead,11500
Death Tyrant (in lair),15,mm 029,Large,LE,Undead,13000
Deathlock,4,mtf 128,Medium,NE,Undead,1100
Deathlock Mastermind,8,mtf 129,Medium,NE,Undead,3900
Deathlock Wight,3,mtf 129,Medium,NE,Undead,700
Deathwisp,7,ToB 072,Medium,NE,Undead,2900
Deep One,2,ToB 073,Medium,CE,Humanoid,450
Deep One Archimandrite,8,ToB 074,Large,CE,Humanoid,3900
Deep One Hybrid Priest,4,ToB 073,Medium,CE,Humanoid,1100
Deep Rothe,0.25,vgm 207,Medium,Unaligned,Beast,50
Deep Scion,3,vgm 135,Medium,NE,Humanoid,700
Deer,0,mm 321,Medium,Unaligned,Beast,10
Degenerate Titan,8,ToB 381,Huge,CE,Giant,3900
Deinonychus,1,vgm 139,Medium,Unaligned,Beast,200
Demilich,18,mm 048,Tiny,NE,Undead,20000
Demilich (in lair),20,mm 048,Tiny,NE,Undead,25000
Demon Lord of Apes' Mechuiti,27,ToB 088,Gargantuan,CE,Fiend,105000
Demon Lord of Bats and Fire Camazotz,22,ToB 085,Large,CE,Fiend,41000
Demon Lord of Cockroaches Akyishigal,12,ToB 082,Large,CE,Fiend,8400
Demon Lord of Night Alquam,21,ToB 084,Huge,CE,Fiend,33000
Demon Lord of the Devouring Worm Qorgeth,23,ToB 090,Gargantuan,CE,Fiend,50000
Demon Lord' Chemosh,19,cc 075,,,,22000
Demon Lord' Chittr’k’k,13,cc 076,,,,10000
Demon Lord' Rangda,17,cc 079,,,,18000
Demon Lord' Typhon,22,cc 081,,,,41000
Demon' Alnaar,9,cc 082,,,,5000
Demon' Apau Perape,6,ToB 075,Large,CE,Fiend,2300
Demon' Berstuc,11,ToB 076,Large,CE,Fiend,7200
Demon' Cipactli,5,cc 083,,,,1800
Demon' Echo,6,cc 084,,,,2300
Demon' Fulad-Zereh,9,cc 085,,,,5000
Demon' Kishi,8,ToB 077,Medium,CE,Fiend,3900
Demon' Malakbel,9,ToB 078,Medium,CE,Fiend,5000
Demon' Neophron,8,cc 087,,,,3900
Demon' Pishacha,3,cc 088,,,,700
Demon' Plaresh,3,cc 089,,,,700
Demon' Psoglav,7,ToB 079,Large,CE,Fiend,2900
Demon' Rattok,4,cc 090,,,,1100
Demon' Rubezahl,10,ToB 080,Medium,CE,Fiend,5900
Demon' Spree,5,cc 091,,,,1800
Demon' Vellso,7,cc 092,,,,2900
Demon' Wind,2,cc 093,,,,450
Demon' Yek,4,cc 095,,,,1100
Demon' Yek Alpha,9,cc 095,,,,5000
Derro,0.25,mtf 158,Small,CE,Humanoid,50
Derro Fetal Savant,4,ToB 092,Tiny,CE,Humanoid,1100
Derro Savant,3,mtf 159,Small,CE,Humanoid,700
Derro Shadow Antipaladin,5,ToB 093,Small,CE,Humanoid,1800
Derro' Speaker to Darkness,5,cc 096,,,,1800
Derro' Witch Queen,5,cc 097,,,,1800
Desert Giant,9,ToB 222,Huge,N,Giant,5000
Deva,10,mm 016,Medium,LG,Celestial,5900
Devil Bough,6,cc 302,,,,2300
Devil Shark,13,cc 098,,,,10000
Devil' Arbeyach,21,ToB 095,Large,LE,Fiend,33000
Devil' Automata,10,ToB 102,Large,LE,Fiend,5900
Devil' Chort,12,ToB 104,Medium,LE,Fiend,8400
Devil' Crystalline,6,ToB 105,Medium,LE,Fiend,2300
Devil' Fire Imp,0.5,cc 103,,,,100
Devil' Gilded,7,ToB 106,Medium,LE,Fiend,2900
Devil' Ia’Affrat,15,ToB 098,Large swarm of Tiny,LE,Fiend,13000
Devil' Infernal Knight,16,cc 104,,,,15000
Devil' Ink,2,ToB 108,Small,LE,Fiend,450
Devil' Koralk (Harvester Devil),11,ToB 108,Large,LE,Fiend,7200
Devil' Lunar,8,ToB 110,Large,LE,Fiend,3900
Devil' Mammon,25,ToB 099,Huge,LE,Fiend,75000
Devil' Orobas,14,ToB 111,Large,LE,Fiend,11500
Devil' Salt,6,ToB 113,Medium,LE,Fiend,2300
Devil' Totivillus' Scribe of Hell,24,ToB 101,Medium,LE,Fiend,62000
Devil' Wind’s Harp,4,cc 105,,,,1100
Devilbound Gnomish Prince,9,ToB 420,Small,Any Evil,Humanoid,5000
Devourer,13,vgm 138,Large,CE,Fiend,10000
Dhampir,1,cc 106,,,,200
Dhampir Commander,7,cc 107,,,,2900
Dhergoloth,7,mtf 248,Medium,NE,Fiend,2900
Dimetrodon,0.25,vgm 139,Medium,Unaligned,Beast,50
Dinosaur' Archaeopteryx,0.25,cc 108,,,,50
Dinosaur' Lystrosaurus,2,cc 108,,,,450
Dinosaur' Mbielu,3,ToB 114,Huge,Unaligned,Beast,700
Dinosaur' Ngobou,5,ToB 115,Large,Unaligned,Beast,1800
Dinosaur' Nodosaurus,1,cc 109,,,,200
Dinosaur' Spinosaurus,13,ToB 116,Gargantuan,Unaligned,Beast,10000
Dinosaur' Young Spinosaurus,5,ToB 117,Huge,Unaligned,Beast,1800
Dipsa,0.25,ToB 118,Tiny,Unaligned,Ooze,50
Dire Troll,13,mtf 243,Huge,CE,Giant,10000
Dire Wolf,1,mm 321,Large,Unaligned,Beast,200
Displacer Beast,3,mm 081,Large,LE,Monstrosity,700
Dissimortuum,7,ToB 119,Medium,CE,Undead,2900
Djinni,11,mm 144,Large,CG,Elemental,7200
Dogmole,1,ToB 120,Medium,Neutral,Beast,200
Dogmole Juggernaut,5,ToB 121,Large,N,Monstrosity,1800
Dolphin,0.125,vgm 208,Medium,Unaligned,Beast,25
Domovoi,4,ToB 122,Medium,CN,Fey,1100
Doomspeaker,6,cc 399,,,,2300
Doppelganger,3,mm 082,Medium,N,Monstrosity,700
Doppelrat,2,ToB 123,Tiny,Unaligned,Monstrosity,450
Dorreq,4,ToB 124,Medium,NE,Aberration,1100
Dracotaur,6,cc 110,,,,2300
Draegloth,7,vgm 141,Large,CE,Fiend,2900
Draft Horse,0.25,mm 321,Large,Unaligned,Beast,50
Dragon Eel,12,ToB 146,Huge,N,Dragon,8400
Dragon Turtle,17,mm 119,Gargantuan,N,Dragon,18000
Dragon' Clockwork 1-Head,8,cc 111,,,,3900
Dragon' Clockwork 3-Head,14,cc 112,,,,11500
Dragon' Light' Adult,16,cc 114,,,,15000
Dragon' Light' Ancient,22,cc 116,,,,41000
Dragon' Light' Wyrmling,2,cc 113,,,,450
Dragon' Light' Young,7,cc 114,,,,2900
Dragon' Wasteland Adult,17,cc 119,,,,18000
Dragon' Wasteland Wyrmling,3,cc 118,,,,700
Dragon' Wasteland Young,9,cc 118,,,,5000
Dragon' Wasteland' Ancient,23,cc 120,,,,50000
Dragonborn Edjet,3,cc 121,,,,700
Dragonborn Elementalist,2,cc 122,,,,450
Dragonborn Hvy Cavalry,2,cc 123,,,,450
Dragonborn Lgt Cavalry,1,cc 124,,,,200
Dragonborn' Ouroban,11,cc 125,,,,7200
Dragonleaf Tree,8,ToB 147,Large,Unaligned,Plant,3900
Drake' Alehouse,0.5,ToB 148,Tiny,CN,Dragon,100
Drake' Ash,4,ToB 149,Small,NE,Dragon,1100
Drake' Bathhouse,3,cc 126,,,,700
Drake' Coral,7,ToB 150,Medium,NE,Dragon,2900
Drake' Crimson,1,ToB 151,Tiny,CE,Dragon,200
Drake' Deep,9,ToB 152,Large,CE,Dragon,5000
Drake' Elder Shadow,7,ToB 153,Large,CE,Dragon,2900
Drake' Fey,6,cc 127,,,,2300
Drake' Forest,2,cc 128,,,,450
Drake' Moon,5,cc 129,,,,1800
Drake' Pact,1,cc 130,,,,200
Drake' Paper,2,ToB 154,Small,N,Dragon,450
Drake' Peluda,3,cc 131,,,,700
Drake' Rust,8,ToB 155,Medium,CE,Dragon,3900
Drake' Skull,3,cc 132,,,,700
Drake' Spider,9,cc 133,,,,5000
Drake' Star,15,ToB 156,Large,N,Dragon,13000
Drakon,5,ToB 157,Large,Unaligned,Beast,1800
Dream Eater,5,ToB 158,Medium,LE,Fiend,1800
Dream Squire,2,cc 134,,,,450
Dream Wraith,5,cc 135,,,,1800
Dretch,0.25,mm 057,Small,CE,Fiend,50
Drider,6,mm 120,Large,CE,Monstrosity,2300
Drow,0.25,mm 128,Medium,NE,Humanoid,50
Drow Arachnomancer,13,mtf 182,Medium,CE,Humanoid,10000
Drow Elite Warrior,5,mm 128,Medium,NE,Humanoid,1800
Drow Favored Consort,18,mtf 183,Medium,NE,Humanoid,20000
Drow House Captain,9,mtf 184,Medium,NE,Humanoid,5000
Drow Inquisitor,14,mtf 184,Medium,NE,Humanoid,11500
Drow Mage,7,mm 129,Medium,NE,Humanoid,2900
Drow Matron Mother,20,mtf 186,Medium,NE,Humanoid,25000
Drow Priestess of Lolth,8,mm 129,Medium,NE,Humanoid,3900
Drow Shadowblade,11,mtf 187,Medium,NE,Humanoid,7200
Drowned Maiden,5,ToB 159,Medium,NE,Undead,1800
Druid,2,mm 346,Medium,Any,Humanoid,450
Dryad,1,mm 121,Medium,N,Fey,200
Dryad' Duskthorn,3,ToB 160,Medium,C,Fey,700
Duergar,1,mm 122,Medium,LE,Humanoid,200
Duergar Despot,12,mtf 188,Medium,LE,Humanoid,8400
Duergar Hammerer,2,mtf 188,Medium,LE,Construct,450
Duergar Kavalrachni,2,mtf 189,Medium,LE,Humanoid,450
Duergar Mind Master,2,mtf 189,Medium,LE,Humanoid,450
Duergar Screamer,3,mtf 190,Medium,LE,Construct,700
Duergar Soulblade,1,mtf 190,Medium,LE,Humanoid,200
Duergar Stone Guard,2,mtf 191,Medium,LE,Humanoid,450
Duergar Warlord,6,mtf 192,Medium,LE,Humanoid,2300
Duergar Xarrorn,2,mtf 193,Medium,LE,Humanoid,450
Dullahan,11,ToB 161,Large,LE,Fey,7200
Dune Mimic,8,ToB 162,Huge,N,Monstrosity,3900
Duodrone,0.25,mm 225,Medium,LN,Construct,50
Dust Goblin,0.25,ToB 232,Small,NE,Humanoid,50
Dust Goblin Chieftain,3,cc 136,,,,700
Dust Mephit,0.5,mm 215,Small,NE,Elemental,100
Dvarapala,5,cc 137,,,,1800
Dwarf' Cleric of the Brew,5,cc 399,,,,1800
Dwarf' Graveslayer,4,cc 400,,,,1100
Dwarven Ringmage,7,ToB 420,Medium,Any,Humanoid,2900
Dybbuk,4,mtf 132,Medium,CE,Fiend,1100
Eagle,0,mm 322,Small,Unaligned,Beast,10
Eala,2,ToB 163,Small,Unaligned,Monstrosity,450
Earth Elemental,5,mm 124,Large,N,Elemental,1800
Earth Elemental Myrmidon,7,mtf 202,Medium,N,Elemental,2900
Eater of Dust,9,ToB 164,Medium,NE,Aberration,5000
Ecstatic Bloom,11,cc 303,,,,7200
Edimmu,4,ToB 165,Medium,CE,Undead,1100
Eel Hound,2,ToB 166,Medium,N,Fey,450
Efreeti,11,mm 145,Large,LE,Elemental,7200
Eidolon,12,mtf 194,Medium,Any,Undead,8400
Einherjar,7,ToB 167,Medium,CN,Humanoid,2900
Elder Brain,14,vgm 174,Large,LE,Aberration,11500
Elder Oblex,10,mtf 219,Huge,LE,Ooze,5900
Elder Tempest,23,mtf 200,Gargantuan,N,Elemental,50000
Eleinomae,5,ToB 168,Medium,CE,Fey,1800
Elemental Locus,17,ToB 169,Gargantuan,N,Elemental,18000
Elemental' Blood,5,cc 138,,,,1800
Elemental' Storm Lord,13,cc 139,,,,10000
Elemental' Venom,4,cc 140,,,,1100
Elephant,4,mm 322,Huge,Unaligned,Beast,1100
Elf' Alchemist Archer,10,cc 141,,,,5900
Elf' Deathsworn,6,cc 142,,,,2300
Elf' Enchanter,7,cc 143,,,,2900
Elf' Servant of the Vine,6,cc 144,,,,2300
Elk,0.25,mm 322,Large,Unaligned,Beast,50
Elophar,4,cc 149,,,,1100
Elves' Shadow Fey' Duelist,6,ToB 171,Medium,LE,Humanoid,2300
Elves' Shadow Fey' Elf,0.25,ToB 171,Medium,LE,Humanoid,50
Elves' Shadow Fey' Enchantress,7,ToB 172,Medium,LE,Humanoid,2900
Elves' Shadow Fey' Forest Hunter,5,ToB 173,Medium,LE,Humanoid,1800
Elves' Shadow Fey' Guardian,4,ToB 174,Large,NE,Humanoid,1100
Elvish Veteran Archer,3,ToB 422,Medium,CG or CN,Humanoid,700
Emerald Eye,1,ToB 175,Tiny,CE,Construct,200
Emerald Order Cult Leader,8,ToB 421,Medium,LN or Evil,Humanoid,3900
Empty Cloak,0.5,ToB 176,Medium,Unaligned,Construct,100
Empyrean,23,mm 130,Huge,CG or NE,Celestial,50000
Eonic Drifter,1,ToB 177,Medium,CN,Humanoid,200
Erina Defender,1,ToB 178,Small,N,Humanoid,200
Erina Scrounger,0.25,ToB 178,Small,N,Humanoid,50
Erinyes,12,mm 073,Medium,LE,Fiend,8400
Ettercap,2,mm 131,Medium,NE,Monstrosity,450
Ettin,4,mm 132,Large,CE,Giant,1100
Execrable Shrub,0.5,cc 304,,,,100
Exploding Toad,0.25,cc 150,,,,50
Eye Golem,11,ToB 233,Large,Unaligned,Construct,7200
Fang of the Great Wolf,3,cc 384,,,,700
Far Darrig,3,ToB 179,Small,N,Fey,700
Far Wanderer,3,cc 151,,,,700
Fate Eater,6,ToB 180,Medium,N,Aberration,2300
Fear Liath,2,cc 152,,,,450
Fear Smith,10,ToB 181,Medium,CN,Fey,5900
Fellforged,5,ToB 182,Medium,LE,Construct,1800
Female Steeder,1,mtf 238,Large,Unaligned,Monstrosity,200
Fext,6,ToB 183,Medium,Any,Undead,2300
Fey Lady' Berchta,16,cc 154,,,,15000
Fey Lord of the Hunt,18,ToB 188,Medium,LN,Fey,20000
Fey Lord' Bear King,12,ToB 186,Medium,LN,Fey,8400
Fey Lord' Moonlit King,17,ToB 190,Medium,NG,Fey,18000
Fey Lord' Reynard,12,cc 156,,,,8400
Fey Lord' River King,16,ToB 196,Medium,CN,Fey,15000
Fey Queen of Night and Magic,21,ToB 192,Medium,NE,Fey,33000
Fey Queen of Witches,17,ToB 194,Large,N,Fey,18000
Fey Snow Queen,16,ToB 198,Medium,NE,Fey,15000
Feyward Tree,8,ToB 200,Huge,Unaligned,Construct,3900
Fierstjerren,5,cc 167,,,,1800
Fire Dancer Swarm,7,ToB 373,Medium swarm of Tiny,NE,Elemental,2900
Fire Elemental,5,mm 125,Large,N,Elemental,1800
Fire Elemental Myrmidon,7,mtf 203,Medium,N,Elemental,2900
Fire Giant,9,mm 154,Huge,LE,Giant,5000
Fire Giant Dreadnought,14,vgm 147,Huge,LE,Giant,11500
Fire Snake,1,mm 265,Medium,NE,Elemental,200
Firebird,4,ToB 201,Small,NG,Celestial,1100
Firegeist,2,ToB 202,Small,NE,Elemental,450
Firenewt Warlock of Imix,1,vgm 143,Medium,NE,Humanoid,200
Firenewt Warrior,0.5,vgm 142,Medium,NE,Humanoid,100
Flab Giant,4,ToB 223,Large,CE,Giant,1100
Flail Snail,3,vgm 144,Large,Unaligned,Elemental,700
Flame Dragon Wyrmling,3,ToB 131,Medium,CE,Dragon,700
Flame Eater Swarm,2,cc 158,,,,450
Flame-Scourged Scion,9,cc 159,,,,5000
Flameskull,4,mm 134,Tiny,NE,Undead,1100
Flesh Golem,5,mm 169,Medium,N,Construct,1800
Flesh Reaver,0.5,cc 160,,,,100
Fleshpod Hornet,6,cc 161,,,,2300
Flind,9,vgm 153,Medium,CE,Humanoid,5000
Flumph,0.125,mm 135,Small,LG,Aberration,25
Flutterflesh,12,ToB 203,Large,CE,Undead,8400
Flying Polyp,11,cc 162,,,,7200
Flying Snake,0.125,mm 322,Tiny,Unaligned,Beast,25
Flying Sword,0.25,mm 020,Small,Unaligned,Construct,50
Folk of Leng,2,ToB 204,Medium,NE,Humanoid,450
Fomorian,8,mm 136,Huge,CE,Giant,3900
Forest Marauder,4,ToB 205,Large,CE,Giant,1100
Foxin,0.5,cc 163,,,,100
Fragrite,6,cc 164,,,,2300
Fraughashar,0.5,ToB 206,Small,NE,Fey,100
Frog,0,mm 322,Tiny,Unaligned,Beast,10
Froghemoth,10,vgm 145,Huge,Unaligned,Monstrosity,5900
Frost Giant,8,mm 155,Huge,NE,Giant,3900
Frost Giant Everlasting One,12,vgm 148,Huge,CE,Giant,8400
Frost Salamander,9,mtf 223,Huge,Unaligned,Elemental,5000
Frostveil,4,ToB 207,Medium,Unaligned,Plant,1100
Fulminar,9,cc 165,,,,5000
Fungi' Wirbeln,1,cc 166,,,,200
Galeb Duhr,6,mm 139,Medium,N,Elemental,2300
Gargoctopus,5,cc 167,,,,1800
Gargoyle,2,mm 140,Medium,CE,Elemental,450
Garroter Crab,0.25,ToB 208,Tiny,Unaligned,Beast,50
Gas Spore,0.5,mm 138,Large,Unaligned,Plant,100
Gauth,6,vgm 125,Medium,LE,Aberration,2300
Gazer,0.5,vgm 126,Tiny,NE,Aberration,100
Gbahali,6,ToB 209,Huge,Unaligned,Beast,2300
Gear Mage,4,cc 401,,,,1100
Gearforged Templar,6,ToB 210,Medium,LN,Humanoid,2300
Gelatinous Cube,2,mm 242,Large,Unaligned,Ooze,450
Genie' Al-Aeshma,9,ToB 211,Large,CE,Elemental,5000
Gerridae,1,ToB 212,Large,N,Fey,200
Ghast,2,mm 148,Medium,CE,Undead,450
Ghast of Leng,3,cc 168,,,,700
Ghost,4,mm 147,Medium,Any,Undead,1100
Ghost Boar,3,cc 169,,,,700
Ghost Boar' Elder,6,cc 169,,,,2300
Ghost Dragon,11,cc 170,,,,7200
Ghost Dwarf,6,cc 171,,,,2300
Ghost Knight,6,ToB 423,Medium,LE,Humanoid,2300
Ghoul,1,mm 148,Medium,CE,Undead,200
Ghoul' Beggar,0.5,ToB 213,Medium,CE,Undead,100
Ghoul' Bonepowder,12,ToB 214,Small,NE,Undead,8400
Ghoul' Darakhul,3,ToB 216,Medium,NE,Undead,700
Ghoul' Emperor,20,ToB 218,Medium,NE,Undead,25000
Ghoul' Imperial,4,ToB 220,Medium,LE,Undead,1100
Ghoul' Iron,5,ToB 221,Medium,LE,Undead,1800
Ghoul' Tar,4,cc 176,,,,1100
Ghoulsteed,3,cc 177,,,,700
Giant Ape,7,mm 323,Huge,Unaligned,Beast,2900
Giant Badger,0.25,mm 323,Medium,Unaligned,Beast,50
Giant Bat,0.25,mm 323,Large,Unaligned,Beast,50
Giant Boar,2,mm 323,Large,Unaligned,Beast,450
Giant Centipede,0.25,mm 323,Small,Unaligned,Beast,50
Giant Constrictor Snake,2,mm 324,Huge,Unaligned,Beast,450
Giant Crab,0.125,mm 324,Medium,Unaligned,Beast,25
Giant Crocodile,5,mm 324,Huge,Unaligned,Beast,1800
Giant Eagle,1,mm 324,Large,NG,Beast,200
Giant Elk,2,mm 325,Huge,Unaligned,Beast,450
Giant Fire Beetle,0,mm 325,Small,Unaligned,Beast,10
Giant Frog,0.25,mm 325,Medium,Unaligned,Beast,50
Giant Goat,0.5,mm 326,Large,Unaligned,Beast,100
Giant Hyena,1,mm 326,Large,Unaligned,Beast,200
Giant Lizard,0.25,mm 326,Large,Unaligned,Beast,50
Giant Moth,0.125,cc 178,,,,25
Giant Moth' Rimewing,0.25,cc 178,,,,50
Giant Moth' Shockwing,1,cc 179,,,,200
Giant Moth' Sootwing,0.25,cc 179,,,,50
Giant Octopus,1,mm 326,Large,Unaligned,Beast,200
Giant Owl,0.25,mm 327,Large,N,Beast,50
Giant Poisonous Snake,0.25,mm 327,Medium,Unaligned,Beast,50
Giant Rat,0.125,mm 327,Small,Unaligned,Beast,25
Giant Scorpion,3,mm 327,Large,Unaligned,Beast,700
Giant Sea Horse,0.5,mm 328,Large,Unaligned,Beast,100
Giant Shark,5,mm 328,Huge,Unaligned,Beast,1800
Giant Spider,1,mm 328,Large,Unaligned,Beast,200
Giant Strider,1,vgm 143,Large,NE,Monstrosity,200
Giant Toad,1,mm 329,Large,Unaligned,Beast,200
Giant Vulture,1,mm 329,Large,NE,Beast,200
Giant Wasp,0.5,mm 329,Medium,Unaligned,Beast,100
Giant Weasel,0.125,mm 329,Medium,Unaligned,Beast,25
Giant Wolf Spider,0.25,mm 330,Medium,Unaligned,Beast,50
Giant' Blood,8,cc 180,,,,3900
Giant' Cacus,6,cc 181,,,,2300
Giant' Cave,10,cc 182,,,,5900
Giant' Haunted,6,cc 183,,,,2300
Giant' Laestrigonian,4,cc 184,,,,1100
Giant' Mountain,21,cc 185,,,,33000
Giant' Void,11,cc 187,,,,7200
Gibbering Mouther,2,mm 157,Medium,N,Aberration,450
Giff,3,mtf 204,Medium,LN,Humanoid,700
Girallon,4,vgm 152,Large,Unaligned,Monstrosity,1100
Githyanki Gish,10,mtf 205,Medium,LE,Humanoid,5900
Githyanki Kith'rak,12,mtf 205,Medium,LE,Humanoid,8400
Githyanki Knight,8,mm 160,Medium,LE,Humanoid,3900
Githyanki Supreme Commander,14,mtf 206,Medium,LE,Humanoid,11500
Githyanki Warrior,3,mm 160,Medium,LE,Humanoid,700
Githzerai Anarch,16,mtf 207,Medium,LN,Humanoid,15000
Githzerai Enlightened,10,mtf 208,Medium,LN,Humanoid,5900
Githzerai Monk,2,mm 161,Medium,LN,Humanoid,450
Githzerai Zerth,6,mm 161,Medium,LN,Humanoid,2300
Glabrezu,9,mm 058,Large,CE,Fiend,5000
Gladiator,5,mm 346,Medium,Any,Humanoid,1800
Glass Gator,1,ToB 228,Large,Unaligned,Beast,200
Gloom Weaver,9,mtf 224,Medium,N,Humanoid,5000
Gloomflower,3,cc 188,,,,700
Gnarljak,6,ToB 229,Small,Unaligned,Construct,2300
Gnoll,0.5,mm 163,Medium,CE,Humanoid,100
Gnoll Fang of Yeenoghu,4,mm 163,Medium,CE,Fiend,1100
Gnoll Flesh Gnawer,1,vgm 154,Medium,CE,Humanoid,200
Gnoll Havoc Runner,3,ToB 230,Medium,CE,Humanoid,700
Gnoll Hunter,0.5,vgm 154,Medium,CE,Humanoid,100
Gnoll Pack Lord,2,mm 163,Medium,CE,Humanoid,450
Gnoll Slaver,3,cc 189,,,,700
Gnoll Witherling,0.25,vgm 155,Medium,CE,Undead,50
Gnomish Knife Cultist,5,cc 402,,,,1800
Goat,0,mm 330,Medium,Unaligned,Beast,10
Goat-Man,3,ToB 231,Medium,CE,Monstrosity,700
Goblin,0.25,mm 166,Small,NE,Humanoid,50
Goblin Boss,1,mm 166,Small,NE,Humanoid,200
Goblin' Chaos-Spawn,0.5,cc 190,,,,100
Goblin' Shadow,0.5,cc 191,,,,100
Gold Dragon Wyrmling,3,mm 115,Medium,LG,Dragon,700
Golem' Alchemical,9,cc 192,,,,5000
Golem' Altar Flame,10,cc 193,,,,5900
Golem' Armory,7,cc 194,,,,2900
Golem' Bone,7,cc 195,,,,2900
Golem' Bronze,3,cc 195,,,,700
Golem' Doom,10,cc 197,,,,5900
Golem' Fractal,8,cc 198,,,,3900
Golem' Keg,3,cc 199,,,,700
Golem' Lesser' Glass,2,cc 200,,,,450
Golem' Lesser' Hair,0.25,cc 200,,,,50
Golem' Lesser' Mud,1,cc 201,,,,200
Golem' Lesser' Wood,3,cc 201,,,,700
Golem' Lotus,9,cc 202,,,,5000
Golem' Manastorm,8,cc 203,,,,3900
Golem' Paper,0.25,cc 204,,,,50
Golem' Paper Swarm,3,cc 204,,,,700
Golem' War Machine,18,cc 205,,,,20000
Goliath Longlegs,7,cc 206,,,,2900
Goreling,0.25,cc 207,,,,50
Gorgon,5,mm 171,Large,Unaligned,Monstrosity,1800
Goristro,17,mm 059,Huge,CE,Fiend,18000
Grave Behemoth,10,cc 208,,,,5900
Gray Ooze,0.5,mm 243,Medium,Unaligned,Ooze,100
Gray Render,12,mtf 209,Large,CN,Monstrosity,8400
Gray Slaad,9,mm 277,Medium,CN,Aberration,5000
Gray Thirster,2,ToB 238,Medium,NE,Undead,450
Green Abishai,15,mtf 162,Medium,LE,Fiend,13000
Green Dragon Wyrmling,2,mm 095,Medium,LE,Dragon,450
Green Hag,3,mm 177,Medium,NE,Fey,700
Green Knight,6,cc 209,,,,2300
Green Slaad,8,mm 277,Large,CN,Aberration,3900
Grell,3,mm 172,Medium,NE,Aberration,700
Grick,2,mm 173,Medium,N,Monstrosity,450
Grick Alpha,7,mm 173,Large,N,Monstrosity,2900
Griffon,2,mm 174,Large,Unaligned,Monstrosity,450
Grim Jester,11,ToB 240,Medium,CE,Undead,7200
Grimlock,0.25,mm 175,Medium,NE,Humanoid,50
Grindylow,1,cc 210,,,,200
Grung,0.25,vgm 156,Small,LE,Humanoid,50
Grung Elite Warrior,2,vgm 157,Small,LE,Humanoid,450
Grung Wildling,1,vgm 157,Small,LE,Humanoid,200
Guard,0.125,mm 347,Medium,,Humanoid,25
Guard Drake,2,vgm 158,Medium,Unaligned,Dragon,450
Guardian Naga,10,mm 234,Large,LG,Monstrosity,5900
Gug,12,ToB 241,Huge,NE,Giant,8400
Gugalanna,21,cc 211,,,,33000
Gulon,6,cc 212,,,,2300
Gumienniki,1,cc 213,,,,200
Gynosphinx,11,mm 282,Large,LN,Monstrosity,7200
Hadrosaurus,0.25,vgm 140,Large,Unaligned,Beast,50
Hag' Snow,3,cc 214,,,,700
Half-ogre,1,mm 238,Large,Any chaotic,Giant,200
Half-Red Dragon Veteran,5,mm 180,Medium,Any,Humanoid,1800
Hallowed Reeds,0.5,cc 305,,,,100
Harpy,1,mm 181,Medium,CE,Monstrosity,200
Haugbui,13,ToB 247,Medium,LN,Undead,10000
Hawk,0,mm 330,Tiny,Unaligned,Beast,10
Hell Hound,3,mm 182,Medium,LE,Fiend,700
Hellfire Engine,16,mtf 165,Huge,LE,Construct,15000
Helmed Horror,4,mm 183,Medium,N,Construct,1100
Herald of Blood,12,ToB 248,Huge,NE,Fiend,8400
Herald of Darkness,7,ToB 249,Large,NE,Fiend,2900
Herald of Fire,12,cc 215,,,,8400
Herald of Great Wyrm,15,cc 217,,,,13000
Herald of Undeath,11,cc 219,,,,7200
Hezrou,8,mm 060,Large,CE,Fiend,3900
Hill Giant,5,mm 155,Huge,CE,Giant,1800
Hippogriff,1,mm 184,Large,Unaligned,Monstrosity,200
Hoard Golem,12,ToB 234,Huge,Unaligned,Construct,8400
Hobgoblin,0.5,mm 186,Medium,LE,Humanoid,100
Hobgoblin Captain,3,mm 186,Medium,LE,Humanoid,700
Hobgoblin Devastator,4,vgm 161,Medium,LE,Humanoid,1100
Hobgoblin Iron Shadow,2,vgm 162,Medium,LE,Humanoid,450
Hobgoblin Warlord,6,mm 187,Medium,LE,Humanoid,2300
Homunculus,0,mm 188,Tiny,N,Construct,10
Hook Horror,3,mm 189,Large,N,Monstrosity,700
Horakh,9,ToB 250,Medium,N,Monstrosity,5000
Horned Devil,11,mm 074,Large,LE,Fiend,7200
Horned Serpent,12,cc 220,,,,8400
Hound of the Night,5,ToB 251,Large,Unaligned,Monstrosity,1800
Hound of Tindalos,8,cc 221,,,,3900
Howler,8,mtf 210,Large,CE,Fiend,3900
Hraesvelgr the Corpse Swallower,19,ToB 224,Huge,N,Giant,22000
Hulking Whelp,5,ToB 252,Small or Huge,CN,Fey,1800
Human' Elfmarked,0.5,cc 403,,,,100
Hundun,10,ToB 253,Large,CG,Celestial,5900
Hungry Ghost' Gaki,8,cc 222,,,,3900
Hungry Ghost' Preta,3,cc 223,,,,700
Hungry Sorrowsworn,11,mtf 232,Medium,NE,Monstrosity,7200
Hunter Shark,2,mm 330,Large,Unaligned,Beast,450
Hydra,8,mm 190,Huge,Unaligned,Monstrosity,3900
Hydroloth,9,mtf 249,Medium,NE,Fiend,5000
Hyena,0,mm 331,Medium,Unaligned,Beast,10
Ice Devil,14,mm 075,Large,LE,Fiend,11500
Ice Maiden,6,ToB 254,Medium,LE,Fey,2300
Ice Mephit,0.5,mm 215,Small,NE,Elemental,100
Ichneumon,11,cc 224,,,,7200
Idolic Deity,8,ToB 255,Small,NE,Construct,3900
Ijiraq,7,cc 225,,,,2900
Imp,1,mm 076,Tiny,LE,Fiend,200
Imy-Ut Ushabti,3,ToB 256,Medium,N,Monstrosity,700
Incinis,10,cc 226,,,,5900
Incubus,4,mm 285,Medium,NE,Fiend,1100
Inkling,0.25,cc 227,,,,50
Intellect Devourer,2,mm 191,Tiny,LE,Aberration,450
Invisible Stalker,6,mm 192,Medium,N,Elemental,2300
Iron Cobra,4,mtf 125,Medium,Unaligned,Construct,1100
Iron Golem,16,mm 170,Large,Unaligned,Construct,15000
Iron Sphere,5,cc 228,,,,1800
Isonade,14,ToB 257,Gargantuan,CN,Monstrosity,11500
Jaanavar Jal,7,cc 229,,,,2900
Jackal,0,mm 331,Small,Unaligned,Beast,10
Jackalwere,0.5,mm 193,Medium,CE,Humanoid,100
Jaculus,3,ToB 258,Small,NE,Dragon,700
Jiangshi,6,cc 230,,,,2300
Jinmenju,9,cc 232,,,,5000
Jotun Giant,22,ToB 226,Gargantuan,CN,Giant,41000
Kalke,0.25,ToB 289,Small,NE,Fiend,50
Kallikantzaros,2,cc 233,,,,450
Kappa,2,cc 234,,,,450
Karakura,5,cc 235,,,,1800
Kenku,0.25,mm 194,Medium,CN,Humanoid,50
Ki-rin,12,vgm 163,Huge,LG,Celestial,8400
Kikimora,5,ToB 260,Medium,CN,Fey,1800
Killer Whale,3,mm 331,Huge,Unaligned,Beast,700
Kitsune,2,cc 236,,,,450
Knight,3,mm 347,Medium,,Humanoid,700
Kobold,0.125,mm 195,Small,LE,Humanoid,25
Kobold Alchemist,2,ToB 261,Small,LN,Humanoid,450
Kobold Chieftain,4,ToB 263,Small,LE,Humanoid,1100
Kobold Dragonshield,1,vgm 165,Small,LE,Humanoid,200
Kobold Inventor,0.25,vgm 166,Small,LE,Humanoid,50
Kobold Scale Sorcerer,1,vgm 167,Small,LE,Humanoid,200
Kobold Trapsmith,1,ToB 264,Small,LN,Humanoid,200
Kobold' Elite,1,cc 237,,,,200
Kobold' Junk Shaman,2,cc 238,,,,450
Kobold' King,6,cc 239,,,,2300
Kobold' Swolbold,3,cc 240,,,,700
Kobold' Wizard,5,cc 241,,,,1800
Kongamato,5,ToB 265,Large,Unaligned,Beast,1800
Korred,7,vgm 168,Small,CN,Fey,2900
Korrigan,3,cc 242,,,,700
Koschei,17,ToB 266,Medium,NE,Fiend,18000
Kot Bayun,2,ToB 268,Medium,N,Monstrosity,450
Krake Spawn,9,ToB 269,Huge,NE,Monstrosity,5000
Kraken,23,mm 197,Gargantuan,CE,Monstrosity,50000
Kruthik Hive Lord,5,mtf 212,Large,Unaligned,Monstrosity,1800
Kryt,5,cc 243,,,,1800
Külmking,9,cc 244,,,,5000
Kuo-toa,0.25,mm 199,Medium,NE,Humanoid,50
Kuo-toa Archpriest,6,mm 200,Medium,NE,Humanoid,2300
Kuo-toa Whip,1,mm 200,Medium,NE,Humanoid,200
Kuunganisha,2,cc 245,,,,450
Lady in White,2,cc 246,,,,450
Lamassu,10,cc 247,,,,5900
Lamia,4,mm 201,Large,CE,Monstrosity,1100
Lamia' Matriarch Serp,5,cc 249,,,,1800
Lamia' Serpentine,1,cc 248,,,,200
Lantern Dragonette,0.5,ToB 270,Tiny,LN,Dragon,100
Lemure,0,mm 076,Medium,LE,Fiend,10
Lemurfolk,0.25,ToB 271,Small,N,Humanoid,50
Lemurfolk Greyfur,4,ToB 271,Small,N,Humanoid,1100
Leonino,0.125,cc 250,,,,25
Leshy,1,ToB 272,Medium,CN,Monstrosity,200
Leucrotta,3,vgm 169,Large,CE,Monstrosity,700
Leviathan,20,mtf 198,Gargantuan,N,Elemental,25000
Library Automaton,0.5,ToB 273,Small,LN,Construct,100
Lich,21,mm 202,Medium,Any evil,Undead,33000
Lich (in lair),22,mm 202,Medium,Any evil,Undead,41000
Lich Hound,4,ToB 274,Medium,NE,Undead,1100
Lich' Hierophant,9,cc 252,,,,5000
Lich' Pact,15,cc 254,,,,13000
Likho,6,ToB 275,Medium,CE,Monstrosity,2300
Lindwurm,5,ToB 276,Large,NE,Dragon,1800
Lion,1,mm 331,Large,Unaligned,Beast,200
Liosalfar,8,ToB 277,Large,N,Elemental,3900
Living Shade,0.25,cc 255,,,,50
Living Star,19,cc 256,,,,22000
Living Wick,0.25,ToB 278,Small,Unaligned,Construct,50
Lizard,0,mm 332,Tiny,Unaligned,Beast,10
Lizard King/Queen,4,mm 205,Medium,CE,Humanoid,1100
Lizardfolk,0.5,mm 204,Medium,N,Humanoid,100
Lizardfolk Shaman,2,mm 205,Medium,N,Humanoid,450
Lonely Sorrowsworn,9,mtf 232,Medium,NE,Monstrosity,5000
Lord of Vultures,12,cc 026,,,,8400
Lorelei,5,ToB 279,Medium,CE,Fey,1800
Lost Sorrowsworn,7,mtf 233,Medium,NE,Monstrosity,2900
Lou Carcolh,2,cc 257,,,,450
Loxoda,6,ToB 280,Huge,NE,Monstrosity,2300
Mage,6,mm 347,Medium,,Humanoid,2300
Magma Mephit,0.5,mm 216,Small,NE,Elemental,100
Magmin,0.5,mm 212,Small,CN,Elemental,100
Mahoru,3,ToB 281,Large,Unaligned,Monstrosity,700
Male Steeder,0.25,mtf 238,Medium,Unaligned,Monstrosity,50
Mallqui,8,ToB 282,Medium,LN,Undead,3900
Malphas,6,ToB 283,Medium,NE,Fey,2300
Mammoth,6,mm 332,Huge,Unaligned,Beast,2300
Mamura,6,ToB 284,Small,NE,Aberration,2300
Mamura,6,ToB 284,Small,NE,Fey,2300
Manabane Scarab Swarm,4,ToB 374,Medium swarm of Tiny,Unaligned,Beast,1100
Mandrake,0.5,cc 260,,,,100
Mandrake' Great,1,cc 260,,,,200
Mandriano,5,cc 261,,,,1800
Mandriano' Ancient,8,cc 261,,,,3900
Manes,0.125,mm 060,Small,CE,Fiend,25
Manticore,3,mm 213,Large,LE,Monstrosity,700
Mantik,9,cc 262,,,,5000
Mantik’s Barbed,1,cc 263,,,,200
Marid,11,mm 146,Large,CN,Elemental,7200
Marilith,16,mm 061,Large,CE,Fiend,15000
Marut,25,mtf 213,Large,LN,Construct,75000
Mask Wight,13,ToB 285,Medium,NE,Undead,10000
Master of Demon Mtn,17,cc 264,,,,18000
Mastiff,0.125,mm 332,Medium,Unaligned,Beast,25
Maurezhi,7,mtf 133,Medium,CE,Fiend,2900
Mavka,12,ToB 286,Medium,CE,Fey,8400
Mavka,12,ToB 286,Medium,CE,Undead,8400
Maw Demon,1,vgm 137,Medium,CE,Fiend,200
Meazel,1,mtf 214,Medium,NE,Humanoid,200
Medusa,6,mm 214,Medium,LE,Monstrosity,2300
Meenlock,2,vgm 170,Small,NE,Fey,450
Megapede,3,cc 266,,,,700
Merfolk,0.125,mm 218,Medium,N,Humanoid,25
Merregon,4,mtf 166,Medium,LE,Fiend,1100
Merrenoloth,3,mtf 250,Medium,NE,Fiend,700
Merrow,2,mm 219,Large,CE,Monstrosity,450
Metee-Kolen-Ol,2,cc 404,,,,450
Mezzoloth,5,mm 313,Medium,NE,Fiend,1800
Mi-Go,5,ToB 287,Medium,NE,Plant,1800
Millitaur,3,ToB 288,Large,N,Monstrosity,700
Mimic,2,mm 220,Medium,N,Monstrosity,450
Mimic' Map,0.25,ToB 289,Tiny,N,Aberration,50
Mind Flayer,7,mm 222,Medium,LE,Aberration,2900
Mind Flayer Arcanist,8,mm 222,Medium,LE,Aberration,3900
Mind Flayer Lich,22,vgm 172,Medium,Any evil,Undead,41000
Mindrot Thrall,3,ToB 290,Medium,N,Plant,700
Mindwitness,5,vgm 176,Large,LE,Aberration,1800
Minotaur,3,mm 223,Large,CE,Monstrosity,700
Minotaur Skeleton,2,mm 273,Large,LE,Undead,450
Minotaur' Labyrinth,5,cc 267,,,,1800
Minotaur' Lost,8,cc 268,,,,3900
Minotaur' Priestess,7,cc 267,,,,2900
Mirager,3,ToB 291,Medium,NE,Fey,700
Miremal,0.5,ToB 292,Small,CE,Fey,100
Mirror Hag,6,ToB 243,Medium,CN,Fey,2300
Mngwa,4,ToB 293,Medium,NE,Aberration,1100
Molydeus,21,mtf 134,Huge,CE,Fiend,33000
Monkey King,21,cc 337,,,,33000
Monodrone,0.125,mm 224,Medium,LN,Construct,25
Monolith Champion,8,ToB 294,Large,Unaligned,Construct,3900
Monolith Footman,3,ToB 295,Large,Unaligned,Construct,700
Moon Nymph,8,cc 269,,,,3900
Mordant Snare,15,ToB 296,Gargantuan,CE,Aberration,13000
Morko,0.25,cc 270,,,,50
Morkoth,11,vgm 178,Medium,CE,Aberration,7200
Morkoth (in lair),12,vgm 178,Medium,CE,Aberration,8400
Morphoi,0.5,ToB 297,Medium,CE,Plant,100
Moss Lurker,1,ToB 298,Small,CN,Humanoid,200
Mouse King,11,cc 029,,,,7200
Mouth of Grolantor,6,vgm 149,Huge,CE,Giant,2300
Mud Mephit,0.25,mm 216,Small,NE,Elemental,50
Mule,0.125,mm 333,Medium,Unaligned,Beast,25
Mummy,3,mm 228,Medium,LE,Undead,700
Mummy Lord,15,mm 229,Medium,LE,Undead,13000
Mummy Lord (in lair),16,mm 229,Medium,LE,Undead,15000
Mummy' Venomous,3,ToB 299,Medium,LE,Undead,700
Myconid Adult,0.5,mm 232,Medium,LN,Plant,100
Myconid Sovereign,2,mm 232,Large,LN,Plant,450
Myconid Sprout,0,mm 230,Small,LN,Plant,10
Myconid' Deathcap,4,ToB 300,Medium,NE,Plant,1100
Myling,2,ToB 301,Small,CE,Undead,450
Mytholabe,9,cc 271,,,,5000
Nabassu,15,mtf 135,Medium,CE,Fiend,13000
Nachzehrer,8,cc 272,,,,3900
Naga' Moonchild,6,cc 273,,,,2300
Nagpa,17,mtf 215,Medium,NE,Humanoid,18000
Naina,11,ToB 302,Large,LE,Dragon,7200
Naina (in humanoid form),11,ToB 302,Medium,LE,Fey,7200
Nalfeshnee,13,mm 062,Large,CE,Fiend,10000
Nalusa Falaya,0.5,cc 274,,,,100
Narzugon,13,mtf 167,Medium,LE,Fiend,10000
Necromancer,6,cc 404,,,,2300
Necrophage Ghast,4,cc 175,,,,1100
Necrotic Tick,0.25,cc 275,,,,50
Needle Blight,0.25,mm 032,Medium,NE,Plant,50
Neogi,3,vgm 180,Small,LE,Aberration,700
Neogi Hatchling,0.125,vgm 179,Tiny,LE,Aberration,25
Neogi Master,4,vgm 180,Medium,LE,Aberration,1100
Neothelid,13,vgm 181,Gargantuan,CE,Aberration,10000
Nian,4,cc 276,,,,1100
Nichny,6,ToB 303,Medium,NE,Fey,2300
Night Hag,5,mm 178,Medium,NE,Fiend,1800
Night Scorpion,3,ToB 340,Large,Unaligned,Beast,700
Nightgarm,6,ToB 305,Large,CE,Monstrosity,2300
Nightgaunt,10,cc 277,,,,5900
Nightmare,3,mm 235,Large,NE,Fiend,700
Nightwalker,20,mtf 216,Huge,CE,Undead,25000
Nihilethic Zombie,1,ToB 009,Medium,NE,Undead,200
Nilbog,1,vgm 182,Small,CE,Humanoid,200
Ningyo,7,cc 278,,,,2900
Nkosi,0.5,ToB 306,Medium,LN,Humanoid,100
Nkosi Pridelord,4,ToB 306,Medium,LN,Humanoid,1100
Noble,0.125,mm 348,Medium,,Humanoid,25
Noctiny,2,ToB 308,Medium,NE,Humanoid,450
Nothic,2,mm 236,Medium,NE,Aberration,450
Nupperibo,0.5,mtf 168,Medium,LE,Fiend,100
Nycaloth,9,mm 314,Large,NE,Fiend,5000
Oaken Bolter,5,mtf 126,Medium,Unaligned,Construct,1800
Oblex Spawn,0.25,mtf 217,Tiny,LE,Ooze,50
Ochre Jelly,2,mm 243,Large,Unaligned,Ooze,450
Octopus,0,mm 333,Small,Unaligned,Beast,10
Oculo Swarm,4,ToB 309,Large swarm of Tiny,NE,Monstrosity,1100
Ogre,2,mm 237,Large,CE,Giant,450
Ogre Battering Ram,4,mtf 220,Large,CE,Giant,1100
Ogre Bolt Launcher,2,mtf 220,Large,CE,Giant,450
Ogre Chain Brute,3,mtf 221,Large,CE,Giant,700
Ogre Chieftain' Corrupted,6,ToB 423,Large,CE,Giant,2300
Ogre Howdah,2,mtf 221,Large,CE,Giant,450
Ogre Zombie,2,mm 316,Large,NE,Undead,450
Ogre' Tusked Crimson,5,cc 279,,,,1800
Oinoloth,12,mtf 251,Medium,NE,Fiend,8400
Oliphaunt,8,cc 280,,,,3900
Oni,7,mm 239,Large,LE,Giant,2900
Oozasis,9,ToB 310,Gargantuan,Unaligned,Ooze,5000
Ooze' Alchemical App,1,cc 281,,,,200
Ooze' Blood,6,cc 282,,,,2300
Ooze' Corrupting,5,ToB 311,Large,NE,Ooze,1800
Ooze' Foxfire,10,cc 283,,,,5900
Ooze' Ink Guardian,4,cc 285,,,,1100
Ooze' Ruby,6,cc 286,,,,2300
Ooze' Shadow,3,cc 287,,,,700
Ooze' Shark Bowl,8,cc 284,,,,3900
Ooze' Suppurating,1,cc 288,,,,200
Orc,0.5,mm 246,Medium,CE,Humanoid,100
Orc Blade of Ilneval,4,vgm 183,Medium,CE,Humanoid,1100
Orc Claw of Luthic,2,vgm 183,Medium,CE,Humanoid,450
Orc Eye of Gruumsh,2,mm 247,Medium,CE,Humanoid,450
Orc Hand of Yurtrus,2,vgm 184,Medium,CE,Humanoid,450
Orc Nurtured One of Yurtrus,0.5,vgm 184,Medium,CE,Humanoid,100
Orc Red Fang of Shargaas,3,vgm 185,Medium,CE,Humanoid,700
Orc War Chief,4,mm 246,Medium,CE,Humanoid,1100
Orc' Black Sun,2,cc 289,,,,450
Orc' Black Sun Priestess,3,cc 290,,,,700
Orc' Green Abyss,0.5,cc 291,,,,100
Orog,2,mm 247,Medium,CE,Humanoid,450
Orthon,10,mtf 169,Large,LE,Fiend,5900
Orthrus,3,cc 292,,,,700
Ostinato,4,ToB 312,Medium,CN,Aberration,1100
Otyugh,5,mm 248,Large,N,Aberration,1800
Ouroboros,6,cc 293,,,,2300
Owl,0,mm 333,Tiny,Unaligned,Beast,10
Owl Harpy,5,ToB 246,Medium,NE,Monstrosity,1800
Owlbear,3,mm 249,Large,Unaligned,Monstrosity,700
Ox,0.25,vgm 207,Large,Unaligned,Beast,50
Panther,0.25,mm 333,Medium,Unaligned,Beast,50
Pech,2,cc 294,,,,450
Pech' Lithlord,7,cc 295,,,,2900
Pech' Stonemaster,4,cc 295,,,,1100
Pegasus,2,mm 250,Large,CG,Celestial,450
Pentadrone,2,mm 226,Large,LN,Construct,450
Peryton,2,mm 251,Medium,CE,Monstrosity,450
Phantom,1,cc 296,,,,200
Phase Spider,3,mm 334,Large,Unaligned,Monstrosity,700
Philosopher’s Ghost,4,cc 297,,,,1100
Phoenix,16,mtf 199,Gargantuan,N,Elemental,15000
Piasa,6,cc 298,,,,2300
Piercer,0.5,mm 252,Medium,Unaligned,Monstrosity,100
Pillar of Lost Magocracy,4,cc 299,,,,1100
Pit Fiend,20,mm 077,Large,LE,Fiend,25000
Pixie,0.25,mm 253,Tiny,NG,Fey,50
Pixiu,6,cc 300,,,,2300
Planetar,16,mm 017,Large,LG,Celestial,15000
Plesiosaurus,2,mm 080,Large,Unaligned,Beast,450
Poisonous Snake,0.125,mm 334,Tiny,Unaligned,Beast,25
Polar Bear,2,mm 334,Large,Unaligned,Beast,450
Pombero,3,ToB 313,Medium,CN,Fey,700
Pony,0.125,mm 335,Medium,Unaligned,Beast,25
Possessed Pillar,7,ToB 314,Large,Unaligned,Construct,2900
Priest,2,mm 348,Medium,,Humanoid,450
Prismatic Beetle Swarm,3,ToB 375,Medium swarm of Tiny,Unaligned,Beast,700
Pseudodragon,0.25,mm 254,Tiny,NG,Dragon,50
Pteranodon,0.25,mm 080,Medium,Unaligned,Beast,50
Purple Slime,3,cc 307,,,,700
Purple Worm,15,mm 255,Gargantuan,Unaligned,Monstrosity,13000
Putrid Haunt,2,ToB 315,Medium,NE,Undead,450
Quadrone,1,mm 226,Medium,LN,Construct,200
Quaggoth,2,mm 256,Medium,CN,Humanoid,450
Quaggoth Spore Servant,1,mm 230,Medium,Unaligned,Plant,200
Quaggoth Thonot,3,mm 256,Medium,CN,Humanoid,700
Quasit,1,mm 063,Tiny,CE,Fiend,200
Queen of Birds,14,cc 031,,,,11500
Queen of Cats,15,cc 033,,,,13000
Queen of Serpents,12,cc 034,,,,8400
Quetzalcoatlus,2,vgm 140,Huge,Unaligned,Beast,450
Quickling,1,vgm 187,Tiny,CE,Fey,200
Quickstep,5,cc 308,,,,1800
Quiet Soul,6,cc 309,,,,2300
Quipper,0,mm 335,Tiny,Unaligned,Beast,10
Qwyllion,8,ToB 316,Medium,NE,Aberration,3900
Qwyllion,8,ToB 316,Medium,NE,Fey,3900
Rageipede,2,cc 310,,,,450
Rakshasa,13,mm 257,Medium,LE,Fiend,10000
Rakshasa' Greater,15,cc 312,,,,13000
Ramag,0.25,ToB 317,Medium,N,Humanoid,50
Ramag Portal Master,5,cc 313,,,,1800
Rat,0,mm 335,Tiny,Unaligned,Beast,10
Rat King,5,ToB 318,Medium,CE,Monstrosity,1800
Ratatosk,4,ToB 319,Tiny,CN,Celestial,1100
Ratatosk Warlord,5,cc 314,,,,1800
Ratfolk,0.25,ToB 320,Small,N,Humanoid,50
Ratfolk Mercenary,2,cc 315,,,,450
Ratfolk Rogue,1,ToB 320,Small,N,Humanoid,200
Ratfolk Warlock,1,cc 316,,,,200
Raven,0,mm 335,Tiny,Unaligned,Beast,10
Ravenala,5,ToB 321,Large,Unaligned,Plant,1800
Ravenfolk Doom Croaker (Kenku),5,ToB 322,Medium,N,Humanoid,1800
Ravenfolk Scout (Kenku),0.5,ToB 322,Medium,N,Humanoid,100
Ravenfolk Warrior (Kenku),3,ToB 322,Medium,N,Humanoid,700
Razorleaf,5,cc 317,,,,1800
Red Abishai,19,mtf 162,Medium,LE,Fiend,22000
Red Dragon Wyrmling,4,mm 098,Medium,CE,Dragon,1100
Red Hag,7,ToB 244,Medium,NE,Fey,2900
Red Slaad,5,mm 276,Large,CN,Aberration,1800
Redcap,6,ToB 325,Medium,NE,Fey,2300
Redcap,3,vgm 188,Small,CE,Fey,700
Reef Shark,0.5,mm 336,Medium,Unaligned,Beast,100
Remorhaz,11,mm 258,Huge,Unaligned,Monstrosity,7200
Retriever,14,mtf 222,Large,LE,Construct,11500
Revenant,5,mm 259,Medium,N,Undead,1800
Rhinoceros,2,mm 336,Large,Unaligned,Beast,450
Riding Horse,0.25,mm 336,Large,Unaligned,Beast,50
Rift Swine,5,ToB 326,Large,CN,Aberration,1800
Rime Worm Grub,1,ToB 327,Medium,N,Elemental,200
Rime Worm' Adult,6,ToB 327,Large,N,Elemental,2300
Ring Servant,8,cc 318,,,,3900
Risen Reaver,7,ToB 328,Large,CE,Undead,2900
Roachling Lord,2,ToB 329,Small,CN,Humanoid,450
Roachling Scout,2,cc 319,,,,450
Roachling Skirmisher,0.25,ToB 329,Small,CN,Humanoid,50
Roc,11,mm 260,Gargantuan,Unaligned,Monstrosity,7200
Roggenwolf,2,cc 320,,,,450
Roper,5,mm 261,Large,NE,Monstrosity,1800
Rot Troll,9,mtf 244,Large,CE,Giant,5000
Rothe,0.25,vgm 207,Large,Unaligned,Beast,50
Rotting Wind,6,ToB 330,Large,NE,Undead,2300
Rug of Smothering,2,mm 020,Large,Unaligned,Construct,450
Rum Gremlin,0.5,ToB 239,Tiny,CE,Fey,100
Rusalka,6,ToB 331,Medium,CE,Undead,2300
Rust Monster,0.5,mm 262,Medium,Unaligned,Monstrosity,100
Rutterkin,2,mtf 136,Medium,CE,Fiend,450
Saber-toothed Tiger,2,mm 336,Large,Unaligned,Beast,450
Sahuagin,0.5,mm 263,Medium,LE,Humanoid,100
Sahuagin Baron,5,mm 264,Large,LE,Humanoid,1800
Sahuagin Priestess,2,mm 264,Medium,LE,Humanoid,450
Salamander,5,mm 266,Large,NE,Elemental,1800
Salt Golem,10,ToB 235,Large,Unaligned,Construct,5900
Sand Hag,5,ToB 245,Medium,CE,Fey,1800
Sand Silhouette,6,ToB 332,Medium,NE,Undead,2300
Sandman,5,ToB 333,Medium,CN,Celestial,1800
Sandwyrm,6,ToB 334,Large,Unaligned,Dragon,2300
Sap Demon,4,ToB 335,Small,CE,Ooze,1100
Sarcophagus Slime,5,ToB 336,Medium,NE,Undead,1800
Sathaq Worm,10,ToB 337,Huge,NE,Elemental,5900
Satyr,0.5,mm 267,Medium,CN,Fey,100
Savager,8,ToB 338,Large,NE,Beast,3900
Scarecrow,1,mm 268,Medium,CE,Construct,200
Scheznyki,6,ToB 339,Small,CE,Fey,2300
Scitalis,2,cc 321,,,,450
Scorpion,0,mm 337,Tiny,Unaligned,Beast,10
Scorpion Assassin,8,cc 405,,,,3900
Scorpion Cultist,0.5,ToB 425,Medium,N,Humanoid,100
Scout,0.5,mm 349,Medium,,Humanoid,100
Scrag' Greater,7,cc 322,,,,2900
Scrag' Lesser,2,cc 322,,,,450
Sea Dragon Qyrmling,2,ToB 136,Medium,NE,Dragon,450
Sea Hag,2,mm 179,Medium,CE,Fey,450
Sea Horse,0,mm 337,Tiny,Unaligned,Beast,10
Sea Spawn,1,vgm 189,Medium,NE,Humanoid,200
Selang,4,ToB 341,Medium,CE,Fey,1100
Sentinel in Darkness,7,cc 323,,,,2900
Serpentfolk of Yig,1,cc 324,,,,200
Serpopard,4,ToB 342,Large,Unaligned,Beast,1100
Servant of Yig,4,cc 325,,,,1100
Shabti,8,ToB 343,Medium,Unaligned,Construct,3900
Shadhavar,2,ToB 344,Large,N,Monstrosity,450
Shadow,0.5,mm 269,Medium,CE,Undead,100
Shadow Beast,7,ToB 345,Medium,CE,Fey,2900
Shadow Blight,1,cc 326,,,,200
Shadow Dancer,7,mtf 225,Medium,N,Humanoid,2900
Shadow Demon,4,mm 064,Medium,CE,Fiend,1100
Shadow Fey Ambassador,9,cc 145,,,,5000
Shadow Fey Dancer,2,cc 147,,,,450
Shadow Fey Knight,5,cc 146,,,,1800
Shadow Fey Poisoner,11,cc 148,,,,7200
Shadow Mastiff,2,vgm 190,Medium,NE,Monstrosity,450
Shadow River Lord,9,cc 327,,,,5000
Shambling Mound,5,mm 270,Large,Unaligned,Plant,1800
Shantak,5,cc 328,,,,1800
Shard Swarm,0.5,cc 329,,,,100
Shellycoat,2,ToB 346,Medium,NE,Fey,450
Shield Guardian,7,mm 271,Large,Unaligned,Construct,2900
Shoggoth,19,ToB 347,Huge,CN,Aberration,22000
Shoosuva,8,vgm 137,Large,CE,Fiend,3900
Shoreline Scrapper,4,cc 330,,,,1100
Shoth' Avatar of,21,cc 332,,,,33000
Shoth' Droth,12,cc 333,,,,8400
Shoth' Oth,5,cc 334,,,,1800
Shoth' Sooze,0.5,cc 334,,,,100
Shrieker,0,mm 138,Medium,Unaligned,Plant,10
Shroud,0.125,ToB 348,Medium,NE,Undead,25
Sibriex,18,mtf 137,Huge,CE,Fiend,20000
Sigilian,2,cc 335,,,,450
Silver Dragon Wyrmling,2,mm 118,Medium,LG,Dragon,450
Simian' Kapi,0.5,cc 336,,,,100
Simian' Vanara,2,cc 338,,,,450
Simurg,5,cc 339,,,,1800
Skein Witch,12,ToB 349,Medium,N,Celestial,8400
Skeleton,0.25,mm 272,Medium,LE,Undead,50
Skeleton' Clacking,2,cc 340,,,,450
Skeleton' Monarch,9,cc 341,,,,5000
Skeleton' Seeping Death,2,cc 288,,,,450
Skeleton' Shadow,2,cc 342,,,,450
Skeleton' Sharkjaw,1,ToB 350,Large,LE,Undead,200
Skeleton' Vine Troll,9,ToB 351,Large,Unaligned,Plant,5000
Skin Bat,0.5,ToB 087,Small,NE,Fiend,100
Skitterhaunt,4,ToB 352,Large,Unaligned,Ooze,1100
Skulk,0.5,mtf 227,Medium,CN,Humanoid,100
Skull Lantern,0.25,cc 343,,,,50
Skull Lord,15,mtf 230,Medium,LE,Undead,13000
Slaad Tadpole,0.125,mm 276,Tiny,CN,Aberration,25
Sliepnir,5,cc 344,,,,1800
Slithering Tracker,3,vgm 191,Medium,CE,Ooze,700
Sloth' Giant,7,cc 345,,,,2900
Slow Storm,15,ToB 353,Huge,CN,Elemental,13000
Sluagh Swarm,3,ToB 376,Medium swarm of Tiny,CE,Fey,700
Smaragdine Golem,14,ToB 236,Large,Unaligned,Construct,11500
Smoke Mephit,0.25,mm 217,Small,NE,Elemental,50
Snake' Swamp Adder,0.25,ToB 354,Small,Unaligned,Beast,50
Snake' Zanskaran Viper,1,ToB 354,Large,Unaligned,Beast,200
Snow Cat,0.25,cc 346,,,,50
Solar,21,mm 018,Large,LG,Celestial,33000
Son of Fenris,12,ToB 355,Huge,CE,Monstrosity,8400
Soul Eater,7,ToB 356,Medium,NE,Fiend,2900
Soul Monger,11,mtf 226,Medium,N,Humanoid,7200
Spark,7,ToB 357,Tiny,CN,Elemental,2900
Spawn of Akyishigal,5,ToB 083,Medium,CE,Fiend,1800
Spawn of Arbeyach,5,ToB 097,Medium,LE,Fiend,1800
Spawn of Chernobog,4,cc 347,,,,1100
Spawn of Kyuss,5,vgm 192,Medium,CE,Undead,1800
Spawn of Parzelon,5,cc 102,,,,1800
Spectator,3,mm 030,Medium,LN,Aberration,700
Specter,1,mm 279,Medium,CE,Undead,200
Specter (poltergeist),2,mm 279,Medium,CE,Undead,450
Spectral Guardian,6,ToB 358,Medium,NE,Undead,2300
Sphinx' Gypsosphinx,14,ToB 359,Large,NE,Monstrosity,11500
Spider,0,mm 337,Tiny,Unaligned,Beast,10
Spider of Leng,7,ToB 365,Large,CE,Aberration,2900
Spider Thief,2,ToB 366,Small,Unaligned,Construct,450
Spider' Crypt,2,cc 348,,,,450
Spider' Ghostwalk,9,ToB 361,Large,NE,Monstrosity,5000
Spider' J’ba Fofi,3,ToB 362,Large,Unaligned,Beast,700
Spider' Red-Banded Line,0.25,ToB 363,Tiny,Unaligned,Beast,50
Spider' Sand,7,ToB 364,Large,Unaligned,Beast,2900
Spined Devil,2,mm 078,Small,LE,Fiend,450
Spire Walker,3,ToB 367,Tiny,CN,Fey,700
Spirit Lamp,7,cc 349,,,,2900
Spirit Naga,8,mm 234,Large,CE,Monstrosity,3900
Spirit Troll,11,mtf 244,Large,CE,Giant,7200
Spring Eladrin,10,mtf 196,Medium,CN,Fey,5900
Sprite,0.25,mm 283,Tiny,NG,Fey,50
Spy,1,mm 349,Medium,,Humanoid,200
Star Spawn Grue,0.25,mtf 234,Small,NE,Aberration,50
Star Spawn Hulk,10,mtf 234,Large,CE,Aberration,5900
Star Spawn Larva Mage,16,mtf 235,Medium,CE,Aberration,15000
Star Spawn Mangler,5,mtf 236,Medium,CE,Aberration,1800
Star Spawn Seer,13,mtf 236,Medium,NE,Aberration,10000
Star-Spawn of Cthulhu,15,ToB 368,Large,CE,Fiend,13000
Steam Golem,13,ToB 237,Large,Unaligned,Construct,10000
Steam Mephit,0.25,mm 217,Small,NE,Elemental,50
Steel Predator,16,mtf 239,Large,LE,Construct,15000
Stegosaurus,4,vgm 140,Huge,Unaligned,Beast,1100
Stench Kow,0.25,vgm 207,Large,Unaligned,Beast,50
Stirge,0.125,mm 284,Tiny,Unaligned,Beast,25
Stone Cursed,1,mtf 240,Medium,LE,Construct,200
Stone Defender,4,mtf 126,Medium,Unaligned,Construct,1100
Stone Giant,7,mm 156,Huge,N,Giant,2900
Stone Giant Dreamwalker,10,vgm 150,Huge,CN,Giant,5900
Stone Golem,10,mm 170,Large,Unaligned,Construct,5900
Storm Giant,13,mm 156,Huge,CG,Giant,10000
Storm Giant Quintessent,16,vgm 151,Huge,CG,Giant,15000
Storm Spirit,0.5,cc 350,,,,100
Stryx,0.125,ToB 369,Tiny,N,Monstrosity,25
Stuhac,13,ToB 370,Medium,NE,Fiend,10000
Stygian Fat-Tailed Scorpion,3,ToB 340,Tiny,Unaligned,Beast,700
Subek,5,ToB 371,Large,LN,Humanoid,1800
Succubus,4,mm 285,Medium,NE,Fiend,1100
Summer Eladrin,10,mtf 196,Medium,CN,Fey,5900
Sunset Raptor,1,cc 351,,,,200
Suturefly,0.25,ToB 372,Tiny,Unaligned,Beast,50
Svirfneblin,0.5,mm 164,Small,NG,Humanoid,100
Swarm of Bats,0.25,mm 337,Medium,Unaligned,Beast,50
Swarm of Cranium Rats,5,vgm 133,Medium,LE,Beast,1800
Swarm of Insects,0.5,mm 338,Medium,Unaligned,Beast,100
Swarm of Poisonous Snakes,2,mm 338,Medium,Unaligned,Beast,450
Swarm of Quippers,1,mm 338,Medium,Unaligned,Beast,200
Swarm of Rats,0.25,mm 339,Medium,Unaligned,Beast,50
Swarm of Ravens,0.25,mm 339,Medium,Unaligned,Beast,50
Swarm of Rot Grubs,0.5,vgm 208,Medium,Unaligned,Beast,100
Sword Wraith Commander,8,mtf 241,Medium,LE,Undead,3900
Sword Wraith Warrior,3,mtf 241,Medium,LE,Undead,700
Tanarukk,5,vgm 186,Medium,CE,Fiend,1800
Tarrasque,30,mm 286,Gargantuan,Unaligned,Monstrosity,155000
Temple Dog,5,ToB 378,Medium,G,Celestial,1800
Tendril Puppet,2,ToB 403,Medium,LN,Plant,450
Terror Bird,2,cc 352,,,,450
Theullai,10,ToB 379,Huge,CN,Elemental,5900
Thief Lord,8,cc 406,,,,3900
Thorned Sulfurlord,11,cc 306,,,,7200
Thorny,1,vgm 197,Medium,N,Plant,200
Thread-Bound Snake,3,cc 353,,,,700
Three-Headed Cobra,5,cc 354,,,,1800
Thri-kreen,1,mm 288,Medium,CN,Humanoid,200
Thug,0.5,mm 350,Medium,,Humanoid,100
Thursir Giant,3,ToB 227,Large,NE or LE,Giant,700
Tiger,1,mm 339,Large,Unaligned,Beast,200
Titanoboa,12,ToB 382,Gargantuan,Unaligned,Beast,8400
Tlincalli,5,vgm 193,Large,NE,Monstrosity,1800
Tophet,8,ToB 383,Huge,NE,Construct,3900
Tortle,0.25,mtf 242,Medium,LG,Humanoid,50
Tortle Druid,2,mtf 242,Medium,LN,Humanoid,450
Tosculi Drone,0.5,ToB 386,Small,LE,Monstrosity,100
Tosculi Elite Bow Raider,5,ToB 386,Medium,LE,Monstrosity,1800
Tosculi Hive Queen,12,ToB 385,Large,LE,Monstrosity,8400
Tosculi Warrior,2,ToB 386,Small,LE,Monstrosity,450
Tosculi' Jeweled Drone,4,cc 355,,,,1100
Trapper,3,vgm 194,Large,Unaligned,Monstrosity,700
Treacle,0.25,ToB 387,Tiny,Unaligned,Ooze,50
Treant,9,mm 289,Huge,CG,Plant,5000
Treant' Weeping,6,ToB 388,Huge,N,Plant,2300
Tribal Warrior,0.125,mm 350,Medium,,Humanoid,25
Triceratops,5,mm 080,Huge,Unaligned,Beast,1800
Tridrone,0.5,mm 225,Medium,LN,Construct,100
Troglodyte,0.25,mm 290,Medium,CE,Humanoid,50
Troll,5,mm 291,Large,CE,Giant,1800
Troll' Desert,6,cc 356,,,,2300
Troll' Lake,7,ToB 389,Large,CE,Giant,2900
Trollkin Grunt,2,cc 357,,,,450
Trollkin Reaver,4,ToB 390,Medium,N,Humanoid,1100
Trollkin Shaman,4,cc 357,,,,1100
Tulpa,4,cc 358,,,,1100
Tusked Skyfish,4,ToB 391,Large,LG,Aberration,1100
Tveirherjar,7,cc 359,,,,2900
Twig Blight,0.125,mm 032,Small,NE,Plant,25
Two-Headed Eagle,7,cc 360,,,,2900
Tyrannosaurus Rex,8,mm 080,Huge,Unaligned,Beast,3900
Ulitharid,9,vgm 175,Large,LE,Aberration,5000
Ultroloth,13,mm 314,Medium,NE,Fiend,10000
Umber Hulk,5,mm 292,Large,CE,Monstrosity,1800
Undead Phoenix,12,cc 361,,,,8400
Undine,5,cc 362,,,,1800
Unhatched,4,cc 363,,,,1100
Unicorn,5,mm 294,Large,LG,Celestial,1800
Uraeus,2,ToB 392,Tiny,LN,Celestial,450
Urochar,17,ToB 393,Huge,CE,Aberration,18000
Ursa Polaris,7,cc 364,,,,2900
Ushabti,9,ToB 394,Large,Unaligned,Construct,5000
Vaettir,4,ToB 395,Medium,LE,Undead,1100
Valkyrie,11,ToB 396,Medium,N,Celestial,7200
Vampire,13,mm 297,Medium,LE,Undead,10000
Vampire (spellcaster),15,mm 297,Medium,LE,Undead,13000
Vampire (warrior),15,mm 297,Medium,LE,Undead,13000
Vampire Spawn,5,mm 298,Medium,NE,Undead,1800
Vampire' Patrician,10,cc 365,,,,5900
Vampire' Priestess,8,cc 367,,,,3900
Vampire' Thrall,2,cc 368,,,,450
Vampire' Umbral,7,ToB 397,Medium,CE,Fiend,2900
Vampiric Knight,11,cc 369,,,,7200
Vampiric Mist,3,mtf 246,Medium,CE,Undead,700
Vapor Lynx,5,ToB 398,Large,CN,Monstrosity,1800
Vargouille,1,vgm 195,Tiny,CE,Fiend,200
Vegepygmy,0.25,vgm 196,Small,N,Plant,50
Vegepygmy Chief,2,vgm 197,Small,N,Plant,450
Velociraptor,0.25,vgm 140,Tiny,Unaligned,Beast,50
Venom Maw Hydra,12,cc 370,,,,8400
Venom Troll,7,mtf 245,Large,CE,Giant,2900
Vesiculosa,11,ToB 399,Gargantuan,Unaligned,Plant,7200
Veteran,3,mm 350,Medium,,Humanoid,700
Vila,5,ToB 400,Medium,LN,Fey,1800
Vile Barber,2,ToB 401,Small,CE,Fey,450
Vine Blight,0.5,mm 032,Medium,NE,Plant,100
Vine Lord,7,ToB 402,Medium,LN,Plant,2900
Vines of Nemthyr,8,cc 371,,,,3900
Violet Fungus,0.25,mm 138,Medium,Unaligned,Plant,50
Void Cultist,0.5,cc 407,,,,100
Void Dragon Wyrmling,2,ToB 140,Medium,CN,Dragon,450
Void Speaker,7,cc 408,,,,2900
Voidling,11,ToB 404,Large,CE,Aberration,7200
Voidwracked Mage,8,cc 409,,,,3900
Vrock,6,mm 064,Large,CE,Fiend,2300
Vulture,0,mm 339,Medium,Unaligned,Beast,10
Wampus Cat,1,ToB 405,Medium,CN,Monstrosity,200
War Chaplain,3,cc 410,,,,700
War Ostrich,0.5,ToB 307,Large,Unaligned,Beast,100
War Priest,8,cc 411,,,,3900
Warhorse,0.5,mm 340,Large,Unaligned,Beast,100
Warhorse Skeleton,0.5,mm 273,Large,LE,Undead,100
Warlock’s Trumpetbloom,7,cc 372,,,,2900
Wastrilith,13,mtf 139,Large,CE,Fiend,10000
Water Elemental,5,mm 125,Large,N,Elemental,1800
Water Elemental Myrmidon,7,mtf 203,Medium,N,Elemental,2900
Water Horse,4,cc 373,,,,1100
Water Leaper,4,ToB 406,Large,Unaligned,Monstrosity,1100
Water Weird,3,mm 299,Large,N,Elemental,700
Weasel,0,mm 340,Tiny,Unaligned,Beast,10
Weasel' Albino Death,1,cc 374,,,,200
Weasel' Wind,2,cc 375,,,,450
Weirding Scroll,0.5,cc 376,,,,100
Wendigo,11,cc 377,,,,7200
Werebat,3,cc 258,,,,700
Werebear,5,mm 208,Medium,NG,Humanoid,1800
Wereboar,4,mm 209,Medium,NE,Humanoid,1100
Werehyena,3,cc 259,,,,700
Wererat,2,mm 209,Medium,LE,Humanoid,450
Weretiger,4,mm 210,Medium,N,Humanoid,1100
Werewolf,3,mm 211,Medium,CE,Humanoid,700
Wharfling,0.125,ToB 407,Tiny,Unaligned,Beast,25
Wharfling Swarm,4,ToB 407,Large swarm of Tiny,Unaligned,Beast,1100
Whisperer in Darkness,15,cc 378,,,,13000
White Abishai,6,mtf 163,Medium,LE,Fiend,2300
White Ape,6,ToB 408,Large,N,Monstrosity,2300
White Dragon Wyrmling,2,mm 102,Medium,CE,Dragon,450
White Stag,2,cc 379,,,,450
Wickerman,9,cc 380,,,,5000
Wight,3,mm 300,Medium,NE,Undead,700
Will-o-wisp,2,mm 301,Tiny,CE,Undead,450
Wind Dragon Wyrmling,1,ToB 145,Medium,CN,Dragon,200
Wind Eater,2,cc 381,,,,450
Winged Kobold,0.25,mm 195,Small,LE,Humanoid,50
Winter Eladrin,10,mtf 197,Medium,CN,Fey,5900
Winter Wolf,3,mm 340,Large,NE,Monstrosity,700
Witchlight,0.25,ToB 409,Tiny,N,Construct,50
Wolf,0.25,mm 341,Medium,Unaligned,Beast,50
Wolf Reaver Dwarf,3,ToB 426,Medium,Any Chaotic,Humanoid,700
Wolf Spirit Swarm,6,ToB 377,Large swarm of Medium,NE,Undead,2300
Wolpertinger,0.25,cc 382,,,,50
Wood Woad,5,vgm 198,Medium,LN,Plant,1800
Woodwose,0.5,cc 383,,,,100
Worg,0.5,mm 341,Large,NE,Monstrosity,100
Wormhearted Suffragan,5,ToB 410,Medium,CE,Undead,1800
Wraith,5,mm 302,Medium,NE,Undead,1800
Wretched Sorrowsworn,0.25,mtf 233,Small,NE,Monstrosity,50
Wyvern,6,mm 303,Large,Unaligned,Dragon,2300
Wyvern Knight,5,cc 385,,,,1800
Wyvern' War,7,cc 386,,,,2900
Xanka,0.25,ToB 411,Small,Unaligned,Construct,50
Xenabsorber,3,cc 387,,,,700
Xhkarsh,8,ToB 412,Large,NE,Aberration,3900
Xiphus,5,cc 388,,,,1800
Xorn,5,mm 304,Medium,N,Elemental,1800
Xvart,0.125,vgm 200,Small,CE,Humanoid,25
Xvart Warlock of Raxivort,1,vgm 200,Small,CE,Humanoid,200
Yaga Goo,5,cc 389,,,,1800
Yagnoloth,11,mtf 252,Large,NE,Fiend,7200
Yakirian,2,cc 390,,,,450
Yann-An-Oed,2,cc 391,,,,450
Ychen Bannog,11,ToB 413,Gargantuan,Unaligned,Beast,7200
Yeth Hound,4,vgm 201,Large,NE,Fey,1100
Yeti,3,mm 305,Large,CE,Monstrosity,700
Yochlol,10,mm 065,Medium,CE,Fiend,5900
Young Black Dragon,7,mm 088,Large,CE,Dragon,2900
Young Blue Dragon,9,mm 091,Large,LE,Dragon,5000
Young Brass Dragon,6,mm 105,Large,CG,Dragon,2300
Young Bronze Dragon,8,mm 108,Large,LG,Dragon,3900
Young Cave Dragon,8,ToB 127,Large,NE,Dragon,3900
Young Copper Dragon,7,mm 111,Large,CG,Dragon,2900
Young Faerie Dragon,1,mm 133,Tiny,CG,Dragon,200
Young Flame Dragon,9,ToB 130,Large,CE,Dragon,5000
Young Gold Dragon,10,mm 115,Large,LG,Dragon,5900
Young Green Dragon,8,mm 094,Large,LE,Dragon,3900
Young Kruthik,0.125,mtf 211,Small,Unaligned,Monstrosity,25
Young Mithral Dragon,6,ToB 134,Medium,N,Dragon,2300
Young Red Dragon,10,mm 098,Large,CE,Dragon,5900
Young Red Shadow Dragon,13,mm 085,Large,CE,Dragon,10000
Young Remorhaz,5,mm 258,Large,Unaligned,Monstrosity,1800
Young Sea Dragon,9,ToB 136,Large,NE,Dragon,5000
Young Silver Dragon,9,mm 118,Large,LG,Dragon,5000
Young Void Dragon,9,ToB 140,Large,CN,Dragon,5000
Young White Dragon,6,mm 101,Large,CE,Dragon,2300
Young Wind Dragon,6,ToB 144,Large,CN,Dragon,2300
Yuan-ti Abomination,7,mm 308,Large,NE,Monstrosity,2900
Yuan-ti Anathema,12,vgm 202,Huge,NE,Monstrosity,8400
Yuan-ti Broodguard,2,vgm 203,Medium,NE,Humanoid,450
Yuan-ti Malison,3,mm 309,Medium,NE,Monstrosity,700
Yuan-ti Mind Whisperer,4,vgm 204,Medium,NE,Monstrosity,1100
Yuan-ti Nightmare Speaker,4,vgm 205,Medium,NE,Monstrosity,1100
Yuan-ti Pit Master,5,vgm 206,Medium,NE,Monstrosity,1800
Yuan-ti Pureblood,1,mm 310,Medium,NE,Humanoid,200
Zaratan,22,mtf 201,Gargantuan,N,Elemental,41000
Zaratan,26,ToB 414,Gargantuan,Unaligned,Monstrosity,90000
Zimwi,4,ToB 415,Medium,CE,Giant,1100
Ziphius,8,cc 392,,,,3900
Zmey,14,ToB 416,Huge,CE,Dragon,11500
Zombie,0.25,mm 316,Medium,NE,Undead,50
Zombie' Blood,2,cc 393,,,,450
Zombie' Lord,5,cc 394,,,,1800
Zombie' Mold,3,cc 395,,,,700
Zoog,0,cc 396,,,,10