Monster Name,CR,Book,Size,Type,Alignment,XP
Aatxe,5,cc 007,Large,Celestial,LG,1800
Acid Ant,0.25,cc 008,Small,Monstrosity,Unaligned,50
Agnibarra,1,cc 009,Small,Monstrosity,CN,200
Ahuizotl,2,cc 010,Small,Monstrosity,Unaligned,450
Ahu-Nixta,3,cc 011,Large,Aberration,NE,700
Alkonost,0.5,cc 012,Small,Monstrosity,N,100
Alliumite,0.25,cc 013,Small,Plant,CN,50
Alp,1,cc 014,Small,Fey,CE,200
Ammut,9,cc 015,Large,Celestial,N,5000
Angel' Eye of the Gods,1,cc 016,Small,Celestial,Any,200
Angel' Kinnara,3,cc 017,Medium,Celestial,LG,700
Angel' Ophanim,16,cc 018,Large,Celestial,LG,15000
Angel' Sammael,7,cc 019,Medium,Celestial,NG,2900
Angel' Song,6,cc 020,Large,Celestial,LG,2300
Angel' Zoryas,8,cc 021,Medium,Celestial,LG,3900
Bat King,13,cc 022,Small,Fey,N,10000
Brother Ox,16,cc 025,Huge,Fey,LN,15000
Lord of Vultures,12,cc 026,Large,Fey,NG,8400
Mouse King,11,cc 029,Small,Fey,N,7200
Queen of Birds,14,cc 031,Large,Fey,CN,11500
Queen of Cats,15,cc 033,Large,Fey,CG,13000
Queen of Serpents,12,cc 034,Medium,Fey,LN,8400
Ankou Soul Herald,21,cc 037,Gargantuan,Dragon,N,33000
Ankou Soul Seeker,8,cc 038,Large,Dragon,N,3900
Anophiloi,1,cc 039,Small,Monstrosity,N,200
Arborcyte,8,cc 040,Large,Plant,CN,3900
Arcamag,2,cc 041,Tiny,Monstrosity,N,450
Arcanaphage,4,cc 042,Medium,Monstrosity,Unaligned,1100
Astral Snapper,3,cc 043,Medium,Aberration,NE,700
Azeban,4,cc 044,Medium,Fey,CN,1100
Azi Dahaka,14,cc 045,Huge,Dragon,CE,11500
Baba Yaga,20,cc 046,Medium,Fey,CN,25000
Baba Yaga’s Iron Teeth,2,cc 047,Tiny,Fey,CN,450
Bar Brawl,3,cc 048,Huge,Humanoid,Unaligned,700
Barong,17,cc 049,Large,Celestial,LG,18000
Bat' Giant Albino,3,cc 050,Huge,Monstrosity,NE,700
Bat' Giant Vampire,2,cc 050,Large,Beast,Unaligned,450
Bearfolk Chieftain,6,cc 051,Medium,Humanoid,CG,2300
Bearmit Crab,2,cc 052,Large,Monstrosity,Unaligned,450
Bilwis,1,cc 053,Medium,Elemental,CE,200
Bloody Bones,3,cc 054,Medium,Monstrosity,CE,700
Bookkeeper,0.125,cc 055,Tiny,Construct,Unaligned,25
Boot Grabber,0.5,cc 056,Small,Aberration,N,100
Carbuncle,1,cc 057,Small,Monstrosity,CG,200
Cats of Ulthar,4,cc 058,Huge,Beast,Unaligned,1100
Cauldronborn,2,cc 059,Small,Construct,Unaligned,450
Centaur Chieftain,5,cc 060,Large,Monstrosity,CN,1800
Child of Yggdrasil,6,cc 061,Large,Aberration,NE,2300
Chuhaister,7,cc 062,Large,Giant,CE,2900
Chupacabra,0.5,cc 063,Small,Monstrosity,Unaligned,100
Clockwork Assassin,6,cc 064,Medium,Construct,Unaligned,2300
Clockwork Servant,0.125,cc 065,Medium,Construct,Unaligned,25
Clockwork Soldier,1,cc 065,Medium,Construct,Unaligned,200
Corpse Thief,0.5,cc 066,Medium,Humanoid,N,100
Crimson Mist,6,cc 067,Medium,Undead,CE,2300
Cueyatl,0.5,cc 068,Small,Humanoid,LE,100
Cueyatl Moon Priest,5,cc 068,Small,Humanoid,LE,1800
Cueyatl Sea Priest,1,cc 069,Small,Humanoid,LE,200
Cueyatl Warrior,1,cc 069,Small,Humanoid,LE,200
Dakini' Simhamukha,8,cc 070,Huge,Celestial,CG,3900
Dark Father,4,cc 071,Large,Undead,LN,1100
Dark Eye,3,cc 072,Medium,Humanoid,NE,700
Dark Servant,1,cc 072,Medium,Humanoid,NE,200
Dark Voice,5,cc 073,Medium,Humanoid,NE,1800
Demon Lord' Chemosh,19,cc 075,Huge,Fiend,CE,22000
Demon Lord' Chittr’k’k,13,cc 076,Medium,Fiend,CE,10000
Demon Lord' Rangda,17,cc 079,Large,Fiend,CE,18000
Demon Lord' Typhon,22,cc 081,Gargantuan,Fiend,CE,41000
Demon' Alnaar,9,cc 082,Large,Fiend,CE,5000
Demon' Cipactli,5,cc 083,Medium,Fiend,CE,1800
Demon' Echo,6,cc 084,Medium,Fiend,CE,2300
Demon' Fulad-Zereh,9,cc 085,Huge,Fiend,CE,5000
Demon' Neophron,8,cc 087,Medium,Fiend,CE,3900
Demon' Pishacha,3,cc 088,Medium,Fiend,CE,700
Demon' Plaresh,3,cc 089,Medium,Fiend,CE,700
Demon' Rattok,4,cc 090,Small,Fiend,CE,1100
Demon' Spree,5,cc 091,Small,Fiend,CE,1800
Demon' Vellso,7,cc 092,Medium,Fiend,CE,2900
Demon' Wind,2,cc 093,Small,Fiend,CE,450
Demon' Yek,4,cc 095,Small,Fiend,CE,1100
Demon' Yek Alpha,9,cc 095,Medium,Fiend,CE,5000
Derro' Speaker to Darkness,5,cc 096,Small,Humanoid,CE,1800
Derro' Witch Queen,5,cc 097,Small,Humanoid,CE,1800
Devil Shark,13,cc 098,Gargantuan,Monstrosity,NE,10000
Arch-Devil' Belphegor,22,cc 100,Huge,Fiend,LE,41000
Arch-Devil' Parzelon,25,cc 101,Huge,Fiend,LE,75000
Spawn of Parzelon,5,cc 102,Medium,Fiend,LE,1800
Devil' Fire Imp,0.5,cc 103,Tiny,Fiend,LE,100
Devil' Infernal Knight,16,cc 104,Medium,Fiend,LE,15000
Devil' Wind’s Harp,4,cc 105,Medium,Fiend,LE,1100
Dhampir,1,cc 106,Medium,Humanoid,Any,200
Dhampir Commander,7,cc 107,Medium,Humanoid,Any,2900
Dinosaur' Archaeopteryx,0.25,cc 108,Tiny,Beast,Unaligned,50
Dinosaur' Lystrosaurus,2,cc 108,Medium,Beast,Unaligned,450
Dinosaur' Nodosaurus,1,cc 109,Large,Beast,Unaligned,200
Dracotaur,6,cc 110,Large,Dragon,CN,2300
Dragon' Clockwork 1-Head,8,cc 111,Large,Construct,Unaligned,3900
Dragon' Clockwork 3-Head,14,cc 112,Huge,Construct,Unaligned,11500
Dragon' Light' Wyrmling,2,cc 113,Medium,Dragon,NG,450
Dragon' Light' Adult,16,cc 114,Large,Dragon,NG,15000
Dragon' Light' Young,7,cc 114,Huge,Dragon,NG,2900
Dragon' Light' Ancient,22,cc 116,Gargantuan,Dragon,NG,41000
Dragon' Wasteland Wyrmling,3,cc 118,Medium,Dragon,CE,700
Dragon' Wasteland Young,9,cc 118,Large,Dragon,CE,5000
Dragon' Wasteland Adult,17,cc 119,Huge,Dragon,CE,18000
Dragon' Wasteland' Ancient,23,cc 120,Gargantuan,Dragon,CE,50000
Dragonborn Edjet,3,cc 121,Medium,Humanoid,LN,700
Dragonborn Elementalist,2,cc 122,Medium,Humanoid,LN,450
Dragonborn Hvy Cavalry,2,cc 123,Medium,Humanoid,LN,450
Dragonborn Lgt Cavalry,1,cc 124,Medium,Humanoid,LN,200
Dragonborn' Ouroban,11,cc 125,Medium,Humanoid,NE,7200
Drake' Bathhouse,3,cc 126,Medium,Dragon,LN,700
Drake' Fey,6,cc 127,Small,Dragon,CN,2300
Drake' Forest,2,cc 128,Small,Dragon,N,450
Drake' Moon,5,cc 129,Medium,Dragon,N,1800
Drake' Pact,1,cc 130,Small,Dragon,LN,200
Drake' Peluda,3,cc 131,Large,Dragon,CN,700
Drake' Skull,3,cc 132,Medium,Dragon,N,700
Drake' Spider,9,cc 133,Large,Dragon,LE,5000
Dream Squire,2,cc 134,Medium,Fey,N,450
Dream Wraith,5,cc 135,Medium,Undead,NE,1800
Dust Goblin Chieftain,3,cc 136,Small,Humanoid,NE,700
Dvarapala,5,cc 137,Huge,Giant,Any,1800
Elemental' Blood,5,cc 138,Large,Elemental,N,1800
Elemental' Storm Lord,13,cc 139,Huge,Elemental,N,10000
Elemental' Venom,4,cc 140,Large,Elemental,N,1100
Elf' Alchemist Archer,10,cc 141,Medium,Humanoid,Any,5900
Elf' Deathsworn,6,cc 142,Medium,Humanoid,CN,2300
Elf' Enchanter,7,cc 143,Medium,Humanoid,Any,2900
Elf' Servant of the Vine,6,cc 144,Medium,Humanoid,CN,2300
Shadow Fey Ambassador,9,cc 145,Medium,Humanoid,LE,5000
Shadow Fey Knight,5,cc 146,Medium,Humanoid,LE,1800
Shadow Fey Dancer,2,cc 147,Medium,Humanoid,CE,450
Shadow Fey Poisoner,11,cc 148,Medium,Humanoid,N,7200
Elophar,4,cc 149,Large,Undead,CE,1100
Exploding Toad,0.25,cc 150,Tiny,Monstrosity,CE,50
Far Wanderer,3,cc 151,Medium,Aberration,N,700
Fear Liath,2,cc 152,Large,Undead,NE,450
Fey Lady' Berchta,16,cc 154,Medium,Fey,LN,15000
Fey Lord' Reynard,12,cc 156,Medium,Fey,CN,8400
Fierstjerren,5,cc 157,Medium,Undead,NE,1800
Flame Eater Swarm,2,cc 158,Medium,Beast,Unaligned,450
Flame-Scourged Scion,9,cc 159,Huge,Aberration,CE,5000
Flesh Reaver,0.5,cc 160,Medium,Undead,NE,100
Fleshpod Hornet,6,cc 161,Large,Beast,Unaligned,2300
Flying Polyp,11,cc 162,Huge,Aberration,CE,7200
Foxin,0.5,cc 163,Small,Fey,N,100
Fragrite,6,cc 164,Medium,Elemental,CN,2300
Fulminar,9,cc 165,Large,Elemental,N,5000
Fungi' Wirbeln,1,cc 166,Small,Plant,LN,200
Gargoctopus,5,cc 167,Large,Monstrosity,N,1800
Ghast of Leng,3,cc 168,Large,Aberration,NE,700
Ghost Boar,3,cc 169,Large,Monstrosity,Unaligned,700
Ghost Boar' Elder,6,cc 169,Huge,Monstrosity,Unaligned,2300
Ghost Dragon,11,cc 170,Large,Undead,Any,7200
Ghost Dwarf,6,cc 171,Medium,Undead,NE,2300
Darakhul High Priestess,9,cc 172,Medium,Undead,NE,5000
Darakhul Shadowmancer,4,cc 173,Medium,Undead,NE,1100
Necrophage Ghast,4,cc 175,Medium,Undead,CE,1100
Ghoul' Tar,4,cc 176,Medium,Undead,NE,1100
Ghoulsteed,3,cc 177,Large,Undead,NE,700
Giant Moth,0.125,cc 178,Small,Beast,Unaligned,25
Giant Moth' Rimewing,0.25,cc 178,Small,Beast,Unaligned,50
Giant Moth' Shockwing,1,cc 179,Small,Beast,Unaligned,200
Giant Moth' Sootwing,0.25,cc 179,Small,Beast,Unaligned,50
Giant' Blood,8,cc 180,Huge,Giant,LN,3900
Giant' Cacus,6,cc 181,Huge,Giant,CE,2300
Giant' Cave,10,cc 182,Huge,Giant,CE,5900
Giant' Haunted,6,cc 183,Huge,Giant,CN,2300
Giant' Laestrigonian,4,cc 184,Large,Giant,CE,1100
Giant' Mountain,21,cc 185,Gargantuan,Giant,NE,33000
Giant' Void,11,cc 187,Huge,Giant,CN,7200
Gloomflower,3,cc 188,Tiny,Plant,Unaligned,700
Gnoll Slaver,3,cc 189,Medium,Humanoid,CE,700
Goblin' Chaos-Spawn,0.5,cc 190,Small,Humanoid,NE,100
Goblin' Shadow,0.5,cc 191,Small,Humanoid,NE,100
Golem' Alchemical,9,cc 192,Large,Construct,Unaligned,5000
Golem' Altar Flame,10,cc 193,Large,Construct,N,5900
Golem' Armory,7,cc 194,Large,Construct,Unaligned,2900
Golem' Bone,7,cc 195,Medium,Construct,Unaligned,2900
Golem' Bronze,3,cc 195,Large,Construct,Unaligned,700
Golem' Doom,10,cc 197,Large,Construct,Unaligned,5900
Golem' Fractal,8,cc 198,Large,Construct,Unaligned,3900
Golem' Keg,3,cc 199,Medium,Construct,Unaligned,700
Golem' Lesser' Glass,2,cc 200,Small,Construct,Unaligned,450
Golem' Lesser' Hair,0.25,cc 200,Small,Construct,Unaligned,50
Golem' Lesser' Mud,1,cc 201,Small,Construct,Unaligned,200
Golem' Lesser' Wood,3,cc 201,Medium,Construct,Unaligned,700
Golem' Lotus,9,cc 202,Large,Construct,Unaligned,5000
Golem' Manastorm,8,cc 203,Medium,Construct,Unaligned,3900
Golem' Paper,0.25,cc 204,Tiny,Construct,Unaligned,50
Golem' Paper Swarm,3,cc 204,Medium,Construct,Unaligned,700
Golem' War Machine,18,cc 205,Gargantuan,Construct,Unaligned,20000
Goliath Longlegs,7,cc 206,Gargantuan,Monstrosity,Unaligned,2900
Goreling,0.25,cc 207,Small,Undead,Unaligned,50
Grave Behemoth,10,cc 208,Huge,Undead,NE,5900
Green Knight,6,cc 209,Medium,Fey,LN,2300
Grindylow,1,cc 210,Medium,Aberration,CE,200
Gugalanna,21,cc 211,Huge,Celestial,CG,33000
Gulon,6,cc 212,Large,Monstrosity,Unaligned,2300
Gumienniki,1,cc 213,Small,Fiend,NE,200
Hag' Snow,3,cc 214,Medium,Fey,NE,700
Herald of Fire,12,cc 215,Large,Dragon,LE,8400
Herald of Great Wyrm,15,cc 217,Large,Dragon,LN,13000
Herald of Undeath,11,cc 219,Large,Undead,LE,7200
Horned Serpent,12,cc 220,Large,Monstrosity,Unaligned,8400
Hound of Tindalos,8,cc 221,Medium,Aberration,NE,3900
Hungry Ghost' Gaki,8,cc 222,Medium,Undead,CE,3900
Hungry Ghost' Preta,3,cc 223,Medium,Undead,NE,700
Ichneumon,11,cc 224,Large,Monstrosity,Unaligned,7200
Ijiraq,7,cc 225,Medium,Fey,CN,2900
Incinis,10,cc 226,Large,Elemental,NE,5900
Inkling,0.25,cc 227,Tiny,Construct,Unaligned,50
Iron Sphere,5,cc 228,Small,Construct,Unaligned,1800
Jaanavar Jal,7,cc 229,Huge,Monstrosity,Unaligned,2900
Jiangshi,6,cc 230,Medium,Undead,CE,2300
Jinmenju,9,cc 232,Huge,Plant,CN,5000
Kallikantzaros,2,cc 233,Small,Fey,CE,450
Kappa,2,cc 234,Small,Fey,CN,450
Karakura,5,cc 235,Medium,Fiend,NE,1800
Kitsune,2,cc 236,Small,Fey,CN,450
Kobold' Elite,1,cc 237,Small,Humanoid,LN,200
Kobold' Junk Shaman,2,cc 238,Small,Humanoid,LN,450
Kobold' King,6,cc 239,Small,Humanoid,LN,2300
Kobold' Swolbold,3,cc 240,Medium,Humanoid,LN,700
Kobold' Wizard,5,cc 241,Small,Humanoid,LN,1800
Korrigan,3,cc 242,Small,Fey,CN,700
Kryt,5,cc 243,Medium,Humanoid,NE,1800
Külmking,9,cc 244,Large,Undead,CE,5000
Kuunganisha,2,cc 245,Small,Fiend,NE,450
Lady in White,2,cc 246,Medium,Undead,Any,450
Lamassu,10,cc 247,Large,Celestial,LG,5900
Lamia' Serpentine,1,cc 248,Medium,Monstrosity,NE,200
Lamia' Matriarch Serp,5,cc 249,Large,Monstrosity,NE,1800
Leonino,0.125,cc 250,Tiny,Beast,Unaligned,25
Lich' Hierophant,9,cc 252,Medium,Undead,NE,5000
Lich' Pact,15,cc 254,Medium,Undead,NE,13000
Living Shade,0.25,cc 255,Medium,Fey,N,50
Living Star,19,cc 256,Huge,Celestial,Any,22000
Lou Carcolh,2,cc 257,Medium,Monstrosity,Unaligned,450
Werebat,3,cc 258,Medium,Humanoid,LE,700
Werehyena,3,cc 259,Medium,Humanoid,CE,700
Mandrake,0.5,cc 260,Tiny,Plant,Unaligned,100
Mandrake' Great,1,cc 260,Tiny,Plant,Unaligned,200
Mandriano,5,cc 261,Large,Plant,LE,1800
Mandriano' Ancient,8,cc 261,Huge,Plant,LE,3900
Mantik,9,cc 262,Huge,Monstrosity,LE,5000
Mantik’s Barbed,1,cc 263,Small,Humanoid,LE,200
Master of Demon Mtn,17,cc 264,Medium,Humanoid,LE,18000
Megapede,3,cc 266,Large,Monstrosity,Unaligned,700
Minotaur' Labyrinth,5,cc 267,Large,Monstrosity,CE,1800
Minotaur' Priestess,7,cc 267,Large,Monstrosity,CE,2900
Minotaur' Lost,8,cc 268,Large,Undead,NE,3900
Moon Nymph,8,cc 269,Medium,Aberration,CN,3900
Morko,0.25,cc 270,Small,Fey,CE,50
Mytholabe,9,cc 271,Large,Construct,Unaligned,5000
Nachzehrer,8,cc 272,Medium,Undead,CE,3900
Naga' Moonchild,6,cc 273,Large,Monstrosity,NE,2300
Nalusa Falaya,0.5,cc 274,Medium,Aberration,NE,100
Necrotic Tick,0.25,cc 275,Tiny,Beast,Unaligned,50
Nian,4,cc 276,Large,Monstrosity,CN,1100
Nightgaunt,10,cc 277,Large,Aberration,LE,5900
Ningyo,7,cc 278,Small,Aberration,NE,2900
Ogre' Tusked Crimson,5,cc 279,Large,Giant,CE,1800
Oliphaunt,8,cc 280,Gargantuan,Beast,Unaligned,3900
Ooze' Alchemical App,1,cc 281,Small,Ooze,Unaligned,200
Ooze' Blood,6,cc 282,Large,Ooze,Unaligned,2300
Ooze' Foxfire,10,cc 283,Large,Ooze,Unaligned,5900
Ooze' Shark Bowl,8,cc 284,Huge,Ooze,Unaligned,3900
Ooze' Ink Guardian,4,cc 285,Large,Ooze,Unaligned,1100
Ooze' Ruby,6,cc 286,Medium,Ooze,Unaligned,2300
Ooze' Shadow,3,cc 287,Medium,Ooze,Unaligned,700
Ooze' Suppurating,1,cc 288,Medium,Ooze,Unaligned,200
Orc' Black Sun,2,cc 289,Medium,Humanoid,CE,450
Orc' Black Sun Priestess,3,cc 290,Medium,Humanoid,CE,700
Orc' Green Abyss,0.5,cc 291,Medium,Humanoid,CE,100
Orthrus,3,cc 292,Medium,Monstrosity,LN,700
Ouroboros,6,cc 293,Huge,Dragon,N,2300
Pech,2,cc 294,Small,Elemental,NG,450
Pech' Lithlord,7,cc 295,Small,Elemental,NG,2900
Pech' Stonemaster,4,cc 295,Small,Elemental,NG,1100
Phantom,1,cc 296,Medium,Undead,Any,200
Philosopher’s Ghost,4,cc 297,Medium,Ooze,Unaligned,1100
Piasa,6,cc 298,Large,Dragon,Unaligned,2300
Pillar of Lost Magocracy,4,cc 299,Huge,Construct,CN,1100
Pixiu,6,cc 300,Large,Monstrosity,Unaligned,2300
Alabaster Tree,7,cc 302,Huge,Celestial,NG,2900
Devil Bough,6,cc 302,Huge,Fiend,NE,2300
Ecstatic Bloom,11,cc 303,Huge,Celestial,NG,7200
Execrable Shrub,0.5,cc 304,Medium,Fiend,NE,100
Hallowed Reeds,0.5,cc 305,Medium,Celestial,NG,100
Thorned Sulfurlord,11,cc 306,Huge,Fiend,CE,7200
Purple Slime,3,cc 307,Large,Ooze,Unaligned,700
Quickstep,5,cc 308,Small,Fey,NE,1800
Quiet Soul,6,cc 309,Medium,Undead,NE,2300
Rageipede,2,cc 310,Small,Beast,Unaligned,450
Rakshasa' Greater,15,cc 312,Medium,Fiend,LE,13000
Ramag Portal Master,5,cc 313,Medium,Humanoid,N,1800
Ratatosk Warlord,5,cc 314,Small,Celestial,CN,1800
Ratfolk Mercenary,2,cc 315,Small,Humanoid,N,450
Ratfolk Warlock,1,cc 316,Small,Humanoid,Any,200
Razorleaf,5,cc 317,Medium,Plant,NE,1800
Ring Servant,8,cc 318,Large,Construct,N,3900
Roachling Scout,2,cc 319,Small,Humanoid,CN,450
Roggenwolf,2,cc 320,Medium,Monstrosity,NE,450
Scitalis,2,cc 321,Large,Monstrosity,Unaligned,450
Scrag' Greater,7,cc 322,Large,Monstrosity,CE,2900
Scrag' Lesser,2,cc 322,Medium,Monstrosity,CE,450
Sentinel in Darkness,7,cc 323,Large,Construct,Unaligned,2900
Serpentfolk of Yig,1,cc 324,Medium,Humanoid,NE,200
Servant of Yig,4,cc 325,Medium,Aberration,NE,1100
Shadow Blight,1,cc 326,Small,Plant,NE,200
Shadow River Lord,9,cc 327,Medium,Undead,NE,5000
Shantak,5,cc 328,Large,Monstrosity,LE,1800
Shard Swarm,0.5,cc 329,Medium,Construct,Unaligned,100
Shoreline Scrapper,4,cc 330,Large,Beast,Unaligned,1100
Shoth' Avatar of,21,cc 332,Gargantuan,Aberration,LN,33000
Shoth' Droth,12,cc 333,Huge,Aberration,LN,8400
Shoth' Oth,5,cc 334,Large,Aberration,LN,1800
Shoth' Sooze,0.5,cc 334,Medium,Aberration,LN,100
Sigilian,2,cc 335,Medium,Construct,Unaligned,450
Simian' Kapi,0.5,cc 336,Medium,Humanoid,CG,100
Monkey King,21,cc 337,Medium,Celestial,N,33000
Simian' Vanara,2,cc 338,Medium,Humanoid,NG,450
Simurg,5,cc 339,Gargantuan,Celestial,NG,1800
Skeleton' Clacking,2,cc 340,Medium,Undead,NE,450
Skeleton' Monarch,9,cc 341,Medium,Undead,NE,5000
Skeleton' Shadow,2,cc 342,Medium,Undead,NE,450
Skull Lantern,0.25,cc 343,Tiny,Undead,Unaligned,50
Sliepnir,5,cc 344,Large,Monstrosity,NG,1800
Sloth' Giant,7,cc 345,Large,Beast,Unaligned,2900
Snow Cat,0.25,cc 346,Medium,Beast,Unaligned,50
Spawn of Chernobog,4,cc 347,Large,Fiend,CE,1100
Spider' Crypt,2,cc 348,Medium,Beast,LE,450
Spirit Lamp,7,cc 349,Medium,Undead,CE,2900
Storm Spirit,0.5,cc 350,Medium,Elemental,N,100
Sunset Raptor,1,cc 351,Medium,Monstrosity,Unaligned,200
Terror Bird,2,cc 352,Large,Beast,Unaligned,450
Thread-Bound Snake,3,cc 353,Huge,Construct,Unaligned,700
Three-Headed Cobra,5,cc 354,Large,Monstrosity,Unaligned,1800
Tosculi' Jeweled Drone,4,cc 355,Small,Humanoid,LE,1100
Troll' Desert,6,cc 356,Large,Giant,CE,2300
Trollkin Grunt,2,cc 357,Medium,Humanoid,N,450
Trollkin Shaman,4,cc 357,Medium,Humanoid,N,1100
Tulpa,4,cc 358,Medium,Undead,NE,1100
Tveirherjar,7,cc 359,Medium,Undead,LE,2900
Two-Headed Eagle,7,cc 360,Huge,Monstrosity,Unaligned,2900
Undead Phoenix,12,cc 361,Huge,Undead,CE,8400
Undine,5,cc 362,Medium,Fey,CN,1800
Unhatched,4,cc 363,Small,Undead,CE,1100
Ursa Polaris,7,cc 364,Large,Monstrosity,NE,2900
Vampire' Patrician,10,cc 365,Medium,Undead,LE,5900
Vampire' Priestess,8,cc 367,Medium,Undead,LE,3900
Vampire' Thrall,2,cc 368,Medium,Humanoid,NE,450
Vampiric Knight,11,cc 369,Medium,Undead,NE,7200
Venom Maw Hydra,12,cc 370,Huge,Monstrosity,Unaligned,8400
Vines of Nemthyr,8,cc 371,Large,Plant,NE,3900
Warlock’s Trumpetbloom,7,cc 372,Large,Plant,NE,2900
Water Horse,4,cc 373,Medium,Fey,NE,1100
Weasel' Albino Death,1,cc 374,Large,Beast,Unaligned,200
Weasel' Wind,2,cc 375,Medium,Fey,CN,450
Weirding Scroll,0.5,cc 376,Tiny,Construct,Unaligned,100
Wendigo,11,cc 377,Medium,Monstrosity,CE,7200
Whisperer in Darkness,15,cc 378,Medium,Aberration,NE,13000
White Stag,2,cc 379,Large,Celestial,CG,450
Wickerman,9,cc 380,Huge,Construct,NE,5000
Wind Eater,2,cc 381,Medium,Undead,LE,450
Wolpertinger,0.25,cc 382,Tiny,Monstrosity,Unaligned,50
Woodwose,0.5,cc 383,Medium,Humanoid,CN,100
Fang of the Great Wolf,3,cc 384,Large,Monstrosity,NE,700
Wyvern Knight,5,cc 385,Medium,Humanoid,LE,1800
Wyvern' War,7,cc 386,Large,Dragon,Unaligned,2900
Xenabsorber,3,cc 387,Medium,Aberration,CN,700
Xiphus,5,cc 388,Small,Fey,CE,1800
Yaga Goo,5,cc 389,Small,Ooze,NE,1800
Yakirian,2,cc 390,Medium,Humanoid,LN,450
Yann-An-Oed,2,cc 391,Huge,Aberration,N,450
Ziphius,8,cc 392,Gargantuan,Aberration,N,3900
Zombie' Blood,2,cc 393,Medium,Undead,NE,450
Zombie' Lord,5,cc 394,Medium,Undead,NE,1800
Zombie' Mold,3,cc 395,Medium,Undead,CE,700
Zoog,0,cc 396,Tiny,Aberration,CE,10
Battle Mage,4,cc 397,Medium,Humanoid,Any,1100
Blood Mage,7,cc 397,Medium,Humanoid,NE,2900
Doomspeaker,6,cc 399,Medium,Humanoid,CE,2300
Dwarf' Cleric of the Brew,5,cc 399,Medium,Humanoid,NG,1800
Dwarf' Graveslayer,4,cc 400,Medium,Humanoid,N,1100
Gear Mage,4,cc 401,Medium,Humanoid,LN,1100
Gnomish Knife Cultist,5,cc 402,Small,Humanoid,CE,1800
Human' Elfmarked,0.5,cc 403,Medium,Humanoid,Any,100
Metee-Kolen-Ol,2,cc 404,Medium,Humanoid,CE,450
Necromancer,6,cc 404,Medium,Humanoid,NE,2300
Scorpion Assassin,8,cc 405,Medium,Humanoid,NE,3900
Thief Lord,8,cc 406,Medium,Humanoid,LE,3900
Void Cultist,0.5,cc 407,Medium,Humanoid,NE,100
Void Speaker,7,cc 408,Medium,Humanoid,NE,2900
Voidwracked Mage,8,cc 409,Medium,Humanoid,CE,3900
War Chaplain,3,cc 410,Medium,Humanoid,LN,700
War Priest,8,cc 411,Medium,Humanoid,Any,3900
Aarakocra,0.25,mm 012,Medium,Humanoid,NG,50
Aboleth,10,mm 013,Large,Aberration,LE,5900
Deva,10,mm 016,Medium,Celestial,LG,5900
Planetar,16,mm 017,Large,Celestial,LG,15000
Solar,21,mm 018,Large,Celestial,LG,33000
Animated Armor,1,mm 019,Medium,Construct,Unaligned,200
Flying Sword,0.25,mm 020,Small,Construct,Unaligned,50
Rug of Smothering,2,mm 020,Large,Construct,Unaligned,450
Ankheg,2,mm 021,Large,Monstrosity,Unaligned,450
Azer,2,mm 022,Medium,Elemental,LN,450
Banshee,4,mm 023,Medium,Undead,CE,1100
Basilisk,3,mm 024,Medium,Monstrosity,Unaligned,700
Behir,11,mm 025,Huge,Monstrosity,NE,7200
Beholder,13,mm 028,Large,Aberration,LE,10000
Beholder (in lair),14,mm 028,Large,Aberration,LE,11500
Death Tyrant,14,mm 029,Large,Undead,LE,11500
Death Tyrant (in lair),15,mm 029,Large,Undead,LE,13000
Spectator,3,mm 030,Medium,Aberration,LN,700
Needle Blight,0.25,mm 032,Medium,Plant,NE,50
Twig Blight,0.125,mm 032,Small,Plant,NE,25
Vine Blight,0.5,mm 032,Medium,Plant,NE,100
Bugbear,1,mm 033,Medium,Humanoid,CE,200
Bugbear Chief,3,mm 033,Medium,Humanoid,CE,700
Bulette,5,mm 034,Large,Monstrosity,Unaligned,1800
Bullywug,0.25,mm 035,Medium,Humanoid,NE,50
Cambion,5,mm 036,Medium,Fiend,Any evil,1800
Carrion Crawler,2,mm 037,Large,Monstrosity,Unaligned,450
Centaur,2,mm 038,Large,Monstrosity,NG,450
Chimera,6,mm 039,Large,Monstrosity,CE,2300
Chuul,4,mm 040,Large,Aberration,CE,1100
Cloaker,8,mm 041,Large,Aberration,CN,3900
Cockatrice,0.5,mm 042,Small,Monstrosity,Unaligned,100
Couatl,4,mm 043,Medium,Celestial,LG,1100
Crawling Claw,0,mm 044,Tiny,Undead,NE,10
Cyclops,6,mm 045,Huge,Giant,CN,2300
Darkmantle,0.5,mm 046,Small,Monstrosity,Unaligned,100
Death Knight,17,mm 047,Medium,Undead,CE,18000
Demilich,18,mm 048,Tiny,Undead,NE,20000
Demilich (in lair),20,mm 048,Tiny,Undead,NE,25000
Balor,19,mm 055,Huge,Fiend,CE,22000
Barlgura,5,mm 056,Large,Fiend,CE,1800
Chasme,6,mm 057,Large,Fiend,CE,2300
Dretch,0.25,mm 057,Small,Fiend,CE,50
Glabrezu,9,mm 058,Large,Fiend,CE,5000
Goristro,17,mm 059,Huge,Fiend,CE,18000
Hezrou,8,mm 060,Large,Fiend,CE,3900
Manes,0.125,mm 060,Small,Fiend,CE,25
Marilith,16,mm 061,Large,Fiend,CE,15000
Nalfeshnee,13,mm 062,Large,Fiend,CE,10000
Quasit,1,mm 063,Tiny,Fiend,CE,200
Shadow Demon,4,mm 064,Medium,Fiend,CE,1100
Vrock,6,mm 064,Large,Fiend,CE,2300
Yochlol,10,mm 065,Medium,Fiend,CE,5900
Barbed Devil,5,mm 070,Medium,Fiend,LE,1800
Bearded Devil,3,mm 070,Medium,Fiend,LE,700
Bone Devil,9,mm 071,Large,Fiend,LE,5000
Chain Devil,8,mm 072,Medium,Fiend,LE,3900
Erinyes,12,mm 073,Medium,Fiend,LE,8400
Horned Devil,11,mm 074,Large,Fiend,LE,7200
Ice Devil,14,mm 075,Large,Fiend,LE,11500
Imp,1,mm 076,Tiny,Fiend,LE,200
Lemure,0,mm 076,Medium,Fiend,LE,10
Pit Fiend,20,mm 077,Large,Fiend,LE,25000
Spined Devil,2,mm 078,Small,Fiend,LE,450
Allosaurus,2,mm 079,Large,Beast,Unaligned,450
Ankylosaurus,3,mm 079,Huge,Beast,Unaligned,700
Plesiosaurus,2,mm 080,Large,Beast,Unaligned,450
Pteranodon,0.25,mm 080,Medium,Beast,Unaligned,50
Triceratops,5,mm 080,Huge,Beast,Unaligned,1800
Tyrannosaurus Rex,8,mm 080,Huge,Beast,Unaligned,3900
Displacer Beast,3,mm 081,Large,Monstrosity,LE,700
Doppelganger,3,mm 082,Medium,Monstrosity,N,700
Adult Blue Dracolich,17,mm 084,Huge,Undead,LE,18000
Young Red Shadow Dragon,13,mm 085,Large,Dragon,CE,10000
Ancient Black Dragon,21,mm 087,Gargantuan,Dragon,CE,33000
Adult Black Dragon,14,mm 088,Huge,Dragon,CE,11500
Black Dragon Wyrmling,2,mm 088,Medium,Dragon,CE,450
Young Black Dragon,7,mm 088,Large,Dragon,CE,2900
Ancient Blue Dragon,23,mm 090,Gargantuan,Dragon,LE,50000
Adult Blue Dragon,16,mm 091,Huge,Dragon,LE,15000
Blue Dragon Wyrmling,3,mm 091,Medium,Dragon,LE,700
Young Blue Dragon,9,mm 091,Large,Dragon,LE,5000
Ancient Green Dragon,22,mm 093,Gargantuan,Dragon,LE,41000
Adult Green Dragon,15,mm 094,Huge,Dragon,LE,13000
Young Green Dragon,8,mm 094,Large,Dragon,LE,3900
Green Dragon Wyrmling,2,mm 095,Medium,Dragon,LE,450
Ancient Red Dragon,24,mm 097,Gargantuan,Dragon,CE,62000
Adult Red Dragon,17,mm 098,Huge,Dragon,CE,18000
Red Dragon Wyrmling,4,mm 098,Medium,Dragon,CE,1100
Young Red Dragon,10,mm 098,Large,Dragon,CE,5900
Ancient White Dragon,20,mm 100,Gargantuan,Dragon,CE,25000
Adult White Dragon,13,mm 101,Huge,Dragon,CE,10000
Young White Dragon,6,mm 101,Large,Dragon,CE,2300
White Dragon Wyrmling,2,mm 102,Medium,Dragon,CE,450
Ancient Brass Dragon,20,mm 104,Gargantuan,Dragon,CG,25000
Adult Brass Dragon,13,mm 105,Huge,Dragon,CG,10000
Young Brass Dragon,6,mm 105,Large,Dragon,CG,2300
Brass Dragon Wyrmling,1,mm 106,Medium,Dragon,CG,200
Ancient Bronze Dragon,22,mm 107,Gargantuan,Dragon,LG,41000
Adult Bronze Dragon,15,mm 108,Huge,Dragon,LG,13000
Young Bronze Dragon,8,mm 108,Large,Dragon,LG,3900
Bronze Dragon Wyrmling,2,mm 109,Medium,Dragon,LG,450
Ancient Copper Dragon,21,mm 110,Gargantuan,Dragon,CG,33000
Adult Copper Dragon,14,mm 111,Huge,Dragon,CG,11500
Young Copper Dragon,7,mm 111,Large,Dragon,CG,2900
Copper Dragon Wyrmling,1,mm 112,Medium,Dragon,CG,200
Ancient Gold Dragon,24,mm 113,Gargantuan,Dragon,LG,62000
Adult Gold Dragon,17,mm 114,Huge,Dragon,LG,18000
Gold Dragon Wyrmling,3,mm 115,Medium,Dragon,LG,700
Young Gold Dragon,10,mm 115,Large,Dragon,LG,5900
Ancient Silver Dragon,23,mm 116,Gargantuan,Dragon,LG,50000
Adult Silver Dragon,16,mm 117,Huge,Dragon,LG,15000
Silver Dragon Wyrmling,2,mm 118,Medium,Dragon,LG,450
Young Silver Dragon,9,mm 118,Large,Dragon,LG,5000
Dragon Turtle,17,mm 119,Gargantuan,Dragon,N,18000
Drider,6,mm 120,Large,Monstrosity,CE,2300
Dryad,1,mm 121,Medium,Fey,N,200
Duergar,1,mm 122,Medium,Humanoid,LE,200
Air Elemental,5,mm 124,Large,Elemental,N,1800
Earth Elemental,5,mm 124,Large,Elemental,N,1800
Fire Elemental,5,mm 125,Large,Elemental,N,1800
Water Elemental,5,mm 125,Large,Elemental,N,1800
Drow,0.25,mm 128,Medium,Humanoid,NE,50
Drow Elite Warrior,5,mm 128,Medium,Humanoid,NE,1800
Drow Mage,7,mm 129,Medium,Humanoid,NE,2900
Drow Priestess of Lolth,8,mm 129,Medium,Humanoid,NE,3900
Empyrean,23,mm 130,Huge,Celestial,CG or NE,50000
Ettercap,2,mm 131,Medium,Monstrosity,NE,450
Ettin,4,mm 132,Large,Giant,CE,1100
Adult Faerie Dragon,2,mm 133,Tiny,Dragon,CG,450
Young Faerie Dragon,1,mm 133,Tiny,Dragon,CG,200
Flameskull,4,mm 134,Tiny,Undead,NE,1100
Flumph,0.125,mm 135,Small,Aberration,LG,25
Fomorian,8,mm 136,Huge,Giant,CE,3900
Gas Spore,0.5,mm 138,Large,Plant,Unaligned,100
Shrieker,0,mm 138,Medium,Plant,Unaligned,10
Violet Fungus,0.25,mm 138,Medium,Plant,Unaligned,50
Galeb Duhr,6,mm 139,Medium,Elemental,N,2300
Gargoyle,2,mm 140,Medium,Elemental,CE,450
Dao,11,mm 143,Large,Elemental,NE,7200
Djinni,11,mm 144,Large,Elemental,CG,7200
Efreeti,11,mm 145,Large,Elemental,LE,7200
Marid,11,mm 146,Large,Elemental,CN,7200
Ghost,4,mm 147,Medium,Undead,Any,1100
Ghast,2,mm 148,Medium,Undead,CE,450
Ghoul,1,mm 148,Medium,Undead,CE,200
Cloud Giant,9,mm 154,Huge,Giant,NG or NE,5000
Fire Giant,9,mm 154,Huge,Giant,LE,5000
Frost Giant,8,mm 155,Huge,Giant,NE,3900
Hill Giant,5,mm 155,Huge,Giant,CE,1800
Stone Giant,7,mm 156,Huge,Giant,N,2900
Storm Giant,13,mm 156,Huge,Giant,CG,10000
Gibbering Mouther,2,mm 157,Medium,Aberration,N,450
Githyanki Knight,8,mm 160,Medium,Humanoid,LE,3900
Githyanki Warrior,3,mm 160,Medium,Humanoid,LE,700
Githzerai Monk,2,mm 161,Medium,Humanoid,LN,450
Githzerai Zerth,6,mm 161,Medium,Humanoid,LN,2300
Gnoll,0.5,mm 163,Medium,Humanoid,CE,100
Gnoll Fang of Yeenoghu,4,mm 163,Medium,Fiend,CE,1100
Gnoll Pack Lord,2,mm 163,Medium,Humanoid,CE,450
Svirfneblin,0.5,mm 164,Small,Humanoid,NG,100
Goblin,0.25,mm 166,Small,Humanoid,NE,50
Goblin Boss,1,mm 166,Small,Humanoid,NE,200
Clay Golem,9,mm 168,Large,Construct,Unaligned,5000
Flesh Golem,5,mm 169,Medium,Construct,N,1800
Iron Golem,16,mm 170,Large,Construct,Unaligned,15000
Stone Golem,10,mm 170,Large,Construct,Unaligned,5900
Gorgon,5,mm 171,Large,Monstrosity,Unaligned,1800
Grell,3,mm 172,Medium,Aberration,NE,700
Grick,2,mm 173,Medium,Monstrosity,N,450
Grick Alpha,7,mm 173,Large,Monstrosity,N,2900
Griffon,2,mm 174,Large,Monstrosity,Unaligned,450
Grimlock,0.25,mm 175,Medium,Humanoid,NE,50
Green Hag,3,mm 177,Medium,Fey,NE,700
Night Hag,5,mm 178,Medium,Fiend,NE,1800
Sea Hag,2,mm 179,Medium,Fey,CE,450
Half-Red Dragon Veteran,5,mm 180,Medium,Humanoid,Any,1800
Harpy,1,mm 181,Medium,Monstrosity,CE,200
Hell Hound,3,mm 182,Medium,Fiend,LE,700
Helmed Horror,4,mm 183,Medium,Construct,N,1100
Hippogriff,1,mm 184,Large,Monstrosity,Unaligned,200
Hobgoblin,0.5,mm 186,Medium,Humanoid,LE,100
Hobgoblin Captain,3,mm 186,Medium,Humanoid,LE,700
Hobgoblin Warlord,6,mm 187,Medium,Humanoid,LE,2300
Homunculus,0,mm 188,Tiny,Construct,N,10
Hook Horror,3,mm 189,Large,Monstrosity,N,700
Hydra,8,mm 190,Huge,Monstrosity,Unaligned,3900
Intellect Devourer,2,mm 191,Tiny,Aberration,LE,450
Invisible Stalker,6,mm 192,Medium,Elemental,N,2300
Jackalwere,0.5,mm 193,Medium,Humanoid,CE,100
Kenku,0.25,mm 194,Medium,Humanoid,CN,50
Kobold,0.125,mm 195,Small,Humanoid,LE,25
Winged Kobold,0.25,mm 195,Small,Humanoid,LE,50
Kraken,23,mm 197,Gargantuan,Monstrosity,CE,50000
Kuo-toa,0.25,mm 199,Medium,Humanoid,NE,50
Kuo-toa Archpriest,6,mm 200,Medium,Humanoid,NE,2300
Kuo-toa Whip,1,mm 200,Medium,Humanoid,NE,200
Lamia,4,mm 201,Large,Monstrosity,CE,1100
Lich,21,mm 202,Medium,Undead,Any evil,33000
Lich (in lair),22,mm 202,Medium,Undead,Any evil,41000
Lizardfolk,0.5,mm 204,Medium,Humanoid,N,100
Lizard King/Queen,4,mm 205,Medium,Humanoid,CE,1100
Lizardfolk Shaman,2,mm 205,Medium,Humanoid,N,450
Werebear,5,mm 208,Medium,Humanoid,NG,1800
Wereboar,4,mm 209,Medium,Humanoid,NE,1100
Wererat,2,mm 209,Medium,Humanoid,LE,450
Weretiger,4,mm 210,Medium,Humanoid,N,1100
Werewolf,3,mm 211,Medium,Humanoid,CE,700
Magmin,0.5,mm 212,Small,Elemental,CN,100
Manticore,3,mm 213,Large,Monstrosity,LE,700
Medusa,6,mm 214,Medium,Monstrosity,LE,2300
Dust Mephit,0.5,mm 215,Small,Elemental,NE,100
Ice Mephit,0.5,mm 215,Small,Elemental,NE,100
Magma Mephit,0.5,mm 216,Small,Elemental,NE,100
Mud Mephit,0.25,mm 216,Small,Elemental,NE,50
Smoke Mephit,0.25,mm 217,Small,Elemental,NE,50
Steam Mephit,0.25,mm 217,Small,Elemental,NE,50
Merfolk,0.125,mm 218,Medium,Humanoid,N,25
Merrow,2,mm 219,Large,Monstrosity,CE,450
Mimic,2,mm 220,Medium,Monstrosity,N,450
Mind Flayer,7,mm 222,Medium,Aberration,LE,2900
Mind Flayer Arcanist,8,mm 222,Medium,Aberration,LE,3900
Minotaur,3,mm 223,Large,Monstrosity,CE,700
Monodrone,0.125,mm 224,Medium,Construct,LN,25
Duodrone,0.25,mm 225,Medium,Construct,LN,50
Tridrone,0.5,mm 225,Medium,Construct,LN,100
Pentadrone,2,mm 226,Large,Construct,LN,450
Quadrone,1,mm 226,Medium,Construct,LN,200
Mummy,3,mm 228,Medium,Undead,LE,700
Mummy Lord,15,mm 229,Medium,Undead,LE,13000
Mummy Lord (in lair),16,mm 229,Medium,Undead,LE,15000
Myconid Sprout,0,mm 230,Small,Plant,LN,10
Quaggoth Spore Servant,1,mm 230,Medium,Plant,Unaligned,200
Myconid Adult,0.5,mm 232,Medium,Plant,LN,100
Myconid Sovereign,2,mm 232,Large,Plant,LN,450
Bone Naga,4,mm 233,Large,Undead,LE,1100
Guardian Naga,10,mm 234,Large,Monstrosity,LG,5900
Spirit Naga,8,mm 234,Large,Monstrosity,CE,3900
Nightmare,3,mm 235,Large,Fiend,NE,700
Nothic,2,mm 236,Medium,Aberration,NE,450
Ogre,2,mm 237,Large,Giant,CE,450
Half-ogre,1,mm 238,Large,Giant,Any chaotic,200
Oni,7,mm 239,Large,Giant,LE,2900
Black Pudding,4,mm 241,Large,Ooze,Unaligned,1100
Gelatinous Cube,2,mm 242,Large,Ooze,Unaligned,450
Gray Ooze,0.5,mm 243,Medium,Ooze,Unaligned,100
Ochre Jelly,2,mm 243,Large,Ooze,Unaligned,450
Orc,0.5,mm 246,Medium,Humanoid,CE,100
Orc War Chief,4,mm 246,Medium,Humanoid,CE,1100
Orc Eye of Gruumsh,2,mm 247,Medium,Humanoid,CE,450
Orog,2,mm 247,Medium,Humanoid,CE,450
Otyugh,5,mm 248,Large,Aberration,N,1800
Owlbear,3,mm 249,Large,Monstrosity,Unaligned,700
Pegasus,2,mm 250,Large,Celestial,CG,450
Peryton,2,mm 251,Medium,Monstrosity,CE,450
Piercer,0.5,mm 252,Medium,Monstrosity,Unaligned,100
Pixie,0.25,mm 253,Tiny,Fey,NG,50
Pseudodragon,0.25,mm 254,Tiny,Dragon,NG,50
Purple Worm,15,mm 255,Gargantuan,Monstrosity,Unaligned,13000
Quaggoth,2,mm 256,Medium,Humanoid,CN,450
Quaggoth Thonot,3,mm 256,Medium,Humanoid,CN,700
Rakshasa,13,mm 257,Medium,Fiend,LE,10000
Remorhaz,11,mm 258,Huge,Monstrosity,Unaligned,7200
Young Remorhaz,5,mm 258,Large,Monstrosity,Unaligned,1800
Revenant,5,mm 259,Medium,Undead,N,1800
Roc,11,mm 260,Gargantuan,Monstrosity,Unaligned,7200
Roper,5,mm 261,Large,Monstrosity,NE,1800
Rust Monster,0.5,mm 262,Medium,Monstrosity,Unaligned,100
Sahuagin,0.5,mm 263,Medium,Humanoid,LE,100
Sahuagin Baron,5,mm 264,Large,Humanoid,LE,1800
Sahuagin Priestess,2,mm 264,Medium,Humanoid,LE,450
Fire Snake,1,mm 265,Medium,Elemental,NE,200
Salamander,5,mm 266,Large,Elemental,NE,1800
Satyr,0.5,mm 267,Medium,Fey,CN,100
Scarecrow,1,mm 268,Medium,Construct,CE,200
Shadow,0.5,mm 269,Medium,Undead,CE,100
Shambling Mound,5,mm 270,Large,Plant,Unaligned,1800
Shield Guardian,7,mm 271,Large,Construct,Unaligned,2900
Skeleton,0.25,mm 272,Medium,Undead,LE,50
Minotaur Skeleton,2,mm 273,Large,Undead,LE,450
Warhorse Skeleton,0.5,mm 273,Large,Undead,LE,100
Blue Slaad,7,mm 276,Large,Aberration,CN,2900
Red Slaad,5,mm 276,Large,Aberration,CN,1800
Slaad Tadpole,0.125,mm 276,Tiny,Aberration,CN,25
Gray Slaad,9,mm 277,Medium,Aberration,CN,5000
Green Slaad,8,mm 277,Large,Aberration,CN,3900
Death Slaad,10,mm 278,Medium,Aberration,CE,5900
Specter,1,mm 279,Medium,Undead,CE,200
Specter (poltergeist),2,mm 279,Medium,Undead,CE,450
Androsphinx,17,mm 281,Large,Monstrosity,LN,18000
Gynosphinx,11,mm 282,Large,Monstrosity,LN,7200
Sprite,0.25,mm 283,Tiny,Fey,NG,50
Stirge,0.125,mm 284,Tiny,Beast,Unaligned,25
Incubus,4,mm 285,Medium,Fiend,NE,1100
Succubus,4,mm 285,Medium,Fiend,NE,1100
Tarrasque,30,mm 286,Gargantuan,Monstrosity,Unaligned,155000
Thri-kreen,1,mm 288,Medium,Humanoid,CN,200
Treant,9,mm 289,Huge,Plant,CG,5000
Troglodyte,0.25,mm 290,Medium,Humanoid,CE,50
Troll,5,mm 291,Large,Giant,CE,1800
Umber Hulk,5,mm 292,Large,Monstrosity,CE,1800
Unicorn,5,mm 294,Large,Celestial,LG,1800
Vampire,13,mm 297,Medium,Undead,LE,10000
Vampire (spellcaster),15,mm 297,Medium,Undead,LE,13000
Vampire (warrior),15,mm 297,Medium,Undead,LE,13000
Vampire Spawn,5,mm 298,Medium,Undead,NE,1800
Water Weird,3,mm 299,Large,Elemental,N,700
Wight,3,mm 300,Medium,Undead,NE,700
Will-o-wisp,2,mm 301,Tiny,Undead,CE,450
Wraith,5,mm 302,Medium,Undead,NE,1800
Wyvern,6,mm 303,Large,Dragon,Unaligned,2300
Xorn,5,mm 304,Medium,Elemental,N,1800
Yeti,3,mm 305,Large,Monstrosity,CE,700
Abominable Yeti,9,mm 306,Huge,Monstrosity,CE,5000
Yuan-ti Abomination,7,mm 308,Large,Monstrosity,NE,2900
Yuan-ti Malison,3,mm 309,Medium,Monstrosity,NE,700
Yuan-ti Pureblood,1,mm 310,Medium,Humanoid,NE,200
Arcanaloth,12,mm 313,Medium,Fiend,NE,8400
Mezzoloth,5,mm 313,Medium,Fiend,NE,1800
Nycaloth,9,mm 314,Large,Fiend,NE,5000
Ultroloth,13,mm 314,Medium,Fiend,NE,10000
Beholder Zombie,5,mm 316,Large,Undead,NE,1800
Ogre Zombie,2,mm 316,Large,Undead,NE,450
Zombie,0.25,mm 316,Medium,Undead,NE,50
Ape,0.5,mm 317,Medium,Beast,Unaligned,100
Awakened Shrub,0,mm 317,Small,Plant,Unaligned,10
Awakened Tree,2,mm 317,Huge,Plant,Unaligned,450
Axe Beak,0.25,mm 317,Large,Beast,Unaligned,50
Baboon,0,mm 318,Small,Beast,Unaligned,10
Badger,0,mm 318,Tiny,Beast,Unaligned,10
Bat,0,mm 318,Tiny,Beast,Unaligned,10
Black Bear,0.5,mm 318,Medium,Beast,Unaligned,100
Blink Dog,0.25,mm 318,Medium,Fey,LG,50
Blood Hawk,0.125,mm 319,Small,Beast,Unaligned,25
Boar,0.25,mm 319,Medium,Beast,Unaligned,50
Brown Bear,1,mm 319,Large,Beast,Unaligned,200
Camel,0.125,mm 320,Large,Beast,Unaligned,25
Cat,0,mm 320,Tiny,Beast,Unaligned,10
Constrictor Snake,0.25,mm 320,Large,Beast,Unaligned,50
Crab,0,mm 320,Tiny,Beast,Unaligned,10
Crocodile,0.5,mm 320,Large,Beast,Unaligned,100
Death Dog,1,mm 321,Medium,Monstrosity,NE,200
Deer,0,mm 321,Medium,Beast,Unaligned,10
Dire Wolf,1,mm 321,Large,Beast,Unaligned,200
Draft Horse,0.25,mm 321,Large,Beast,Unaligned,50
Eagle,0,mm 322,Small,Beast,Unaligned,10
Elephant,4,mm 322,Huge,Beast,Unaligned,1100
Elk,0.25,mm 322,Large,Beast,Unaligned,50
Flying Snake,0.125,mm 322,Tiny,Beast,Unaligned,25
Frog,0,mm 322,Tiny,Beast,Unaligned,10
Giant Ape,7,mm 323,Huge,Beast,Unaligned,2900
Giant Badger,0.25,mm 323,Medium,Beast,Unaligned,50
Giant Bat,0.25,mm 323,Large,Beast,Unaligned,50
Giant Boar,2,mm 323,Large,Beast,Unaligned,450
Giant Centipede,0.25,mm 323,Small,Beast,Unaligned,50
Giant Constrictor Snake,2,mm 324,Huge,Beast,Unaligned,450
Giant Crab,0.125,mm 324,Medium,Beast,Unaligned,25
Giant Crocodile,5,mm 324,Huge,Beast,Unaligned,1800
Giant Eagle,1,mm 324,Large,Beast,NG,200
Giant Elk,2,mm 325,Huge,Beast,Unaligned,450
Giant Fire Beetle,0,mm 325,Small,Beast,Unaligned,10
Giant Frog,0.25,mm 325,Medium,Beast,Unaligned,50
Giant Goat,0.5,mm 326,Large,Beast,Unaligned,100
Giant Hyena,1,mm 326,Large,Beast,Unaligned,200
Giant Lizard,0.25,mm 326,Large,Beast,Unaligned,50
Giant Octopus,1,mm 326,Large,Beast,Unaligned,200
Giant Owl,0.25,mm 327,Large,Beast,N,50
Giant Poisonous Snake,0.25,mm 327,Medium,Beast,Unaligned,50
Giant Rat,0.125,mm 327,Small,Beast,Unaligned,25
Giant Scorpion,3,mm 327,Large,Beast,Unaligned,700
Giant Sea Horse,0.5,mm 328,Large,Beast,Unaligned,100
Giant Shark,5,mm 328,Huge,Beast,Unaligned,1800
Giant Spider,1,mm 328,Large,Beast,Unaligned,200
Giant Toad,1,mm 329,Large,Beast,Unaligned,200
Giant Vulture,1,mm 329,Large,Beast,NE,200
Giant Wasp,0.5,mm 329,Medium,Beast,Unaligned,100
Giant Weasel,0.125,mm 329,Medium,Beast,Unaligned,25
Giant Wolf Spider,0.25,mm 330,Medium,Beast,Unaligned,50
Goat,0,mm 330,Medium,Beast,Unaligned,10
Hawk,0,mm 330,Tiny,Beast,Unaligned,10
Hunter Shark,2,mm 330,Large,Beast,Unaligned,450
Hyena,0,mm 331,Medium,Beast,Unaligned,10
Jackal,0,mm 331,Small,Beast,Unaligned,10
Killer Whale,3,mm 331,Huge,Beast,Unaligned,700
Lion,1,mm 331,Large,Beast,Unaligned,200
Lizard,0,mm 332,Tiny,Beast,Unaligned,10
Mammoth,6,mm 332,Huge,Beast,Unaligned,2300
Mastiff,0.125,mm 332,Medium,Beast,Unaligned,25
Mule,0.125,mm 333,Medium,Beast,Unaligned,25
Octopus,0,mm 333,Small,Beast,Unaligned,10
Owl,0,mm 333,Tiny,Beast,Unaligned,10
Panther,0.25,mm 333,Medium,Beast,Unaligned,50
Cave Bear,2,mm 334,Large,Beast,Unaligned,450
Phase Spider,3,mm 334,Large,Monstrosity,Unaligned,700
Poisonous Snake,0.125,mm 334,Tiny,Beast,Unaligned,25
Polar Bear,2,mm 334,Large,Beast,Unaligned,450
Pony,0.125,mm 335,Medium,Beast,Unaligned,25
Quipper,0,mm 335,Tiny,Beast,Unaligned,10
Rat,0,mm 335,Tiny,Beast,Unaligned,10
Raven,0,mm 335,Tiny,Beast,Unaligned,10
Reef Shark,0.5,mm 336,Medium,Beast,Unaligned,100
Rhinoceros,2,mm 336,Large,Beast,Unaligned,450
Riding Horse,0.25,mm 336,Large,Beast,Unaligned,50
Saber-toothed Tiger,2,mm 336,Large,Beast,Unaligned,450
Scorpion,0,mm 337,Tiny,Beast,Unaligned,10
Sea Horse,0,mm 337,Tiny,Beast,Unaligned,10
Spider,0,mm 337,Tiny,Beast,Unaligned,10
Swarm of Bats,0.25,mm 337,Medium,Beast,Unaligned,50
Swarm of Insects,0.5,mm 338,Medium,Beast,Unaligned,100
Swarm of Poisonous Snakes,2,mm 338,Medium,Beast,Unaligned,450
Swarm of Quippers,1,mm 338,Medium,Beast,Unaligned,200
Swarm of Rats,0.25,mm 339,Medium,Beast,Unaligned,50
Swarm of Ravens,0.25,mm 339,Medium,Beast,Unaligned,50
Tiger,1,mm 339,Large,Beast,Unaligned,200
Vulture,0,mm 339,Medium,Beast,Unaligned,10
Warhorse,0.5,mm 340,Large,Beast,Unaligned,100
Weasel,0,mm 340,Tiny,Beast,Unaligned,10
Winter Wolf,3,mm 340,Large,Monstrosity,NE,700
Wolf,0.25,mm 341,Medium,Beast,Unaligned,50
Worg,0.5,mm 341,Large,Monstrosity,NE,100
Acolyte,0.25,mm 342,Medium,Humanoid,Any,50
Archmage,12,mm 342,Medium,Humanoid,Any,8400
Assassin,8,mm 343,Medium,Humanoid,Any non-good,3900
Bandit,0.125,mm 343,Medium,Humanoid,Any non-lawful,25
Bandit Captain,2,mm 344,Medium,Humanoid,Any non-lawful,450
Berserker,2,mm 344,Medium,Humanoid,Any chaotic,450
Commoner,0,mm 344,Medium,Humanoid,Any,10
Cult Fanatic,2,mm 345,Medium,Humanoid,Any non-good,450
Cultist,0.125,mm 345,Medium,Humanoid,Any non-good,25
Druid,2,mm 346,Medium,Humanoid,Any,450
Gladiator,5,mm 346,Medium,Humanoid,Any,1800
Guard,0.125,mm 347,Medium,Humanoid,,25
Knight,3,mm 347,Medium,Humanoid,,700
Mage,6,mm 347,Medium,Humanoid,,2300
Noble,0.125,mm 348,Medium,Humanoid,,25
Priest,2,mm 348,Medium,Humanoid,,450
Scout,0.5,mm 349,Medium,Humanoid,,100
Spy,1,mm 349,Medium,Humanoid,,200
Thug,0.5,mm 350,Medium,Humanoid,,100
Tribal Warrior,0.125,mm 350,Medium,Humanoid,,25
Veteran,3,mm 350,Medium,Humanoid,,700
Allip,5,mtf 116,Medium,Undead,NE,1800
Astral Dreadnought,21,mtf 117,Gargantuan,Monstrosity,Unaligned,33000
Balhannoth,11,mtf 118,Large,Aberration,CE,7200
Berbalang,2,mtf 120,Medium,Aberration,NE,450
Boneclaw,12,mtf 121,Large,Undead,CE,8400
Cadaver Collector,14,mtf 122,Large,Construct,LE,11500
Choker,1,mtf 123,Small,Aberration,CE,200
Bronze Scout,1,mtf 125,Medium,Construct,Unaligned,200
Iron Cobra,4,mtf 125,Medium,Construct,Unaligned,1100
Oaken Bolter,5,mtf 126,Medium,Construct,Unaligned,1800
Stone Defender,4,mtf 126,Medium,Construct,Unaligned,1100
Corpse Flower,8,mtf 127,Large,Plant,CE,3900
Deathlock,4,mtf 128,Medium,Undead,NE,1100
Deathlock Mastermind,8,mtf 129,Medium,Undead,NE,3900
Deathlock Wight,3,mtf 129,Medium,Undead,NE,700
Alkilith,11,mtf 130,Medium,Fiend,CE,7200
Armanite,7,mtf 131,Large,Fiend,CE,2900
Bulezau,3,mtf 131,Medium,Fiend,CE,700
Dybbuk,4,mtf 132,Medium,Fiend,CE,1100
Maurezhi,7,mtf 133,Medium,Fiend,CE,2900
Molydeus,21,mtf 134,Huge,Fiend,CE,33000
Nabassu,15,mtf 135,Medium,Fiend,CE,13000
Abyssal Wretch,0.25,mtf 136,Medium,Fiend,CE,50
Rutterkin,2,mtf 136,Medium,Fiend,CE,450
Sibriex,18,mtf 137,Huge,Fiend,CE,20000
Wastrilith,13,mtf 139,Large,Fiend,CE,10000
Derro,0.25,mtf 158,Small,Humanoid,CE,50
Derro Savant,3,mtf 159,Small,Humanoid,CE,700
Black Abishai,7,mtf 160,Medium,Fiend,LE,2900
Blue Abishai,17,mtf 161,Medium,Fiend,LE,18000
Green Abishai,15,mtf 162,Medium,Fiend,LE,13000
Red Abishai,19,mtf 162,Medium,Fiend,LE,22000
White Abishai,6,mtf 163,Medium,Fiend,LE,2300
Amnizu,18,mtf 164,Medium,Fiend,LE,20000
Hellfire Engine,16,mtf 165,Huge,Construct,LE,15000
Merregon,4,mtf 166,Medium,Fiend,LE,1100
Narzugon,13,mtf 167,Medium,Fiend,LE,10000
Nupperibo,0.5,mtf 168,Medium,Fiend,LE,100
Orthon,10,mtf 169,Large,Fiend,LE,5900
Drow Arachnomancer,13,mtf 182,Medium,Humanoid,CE,10000
Drow Favored Consort,18,mtf 183,Medium,Humanoid,NE,20000
Drow House Captain,9,mtf 184,Medium,Humanoid,NE,5000
Drow Inquisitor,14,mtf 184,Medium,Humanoid,NE,11500
Drow Matron Mother,20,mtf 186,Medium,Humanoid,NE,25000
Drow Shadowblade,11,mtf 187,Medium,Humanoid,NE,7200
Duergar Despot,12,mtf 188,Medium,Humanoid,LE,8400
Duergar Hammerer,2,mtf 188,Medium,Construct,LE,450
Duergar Kavalrachni,2,mtf 189,Medium,Humanoid,LE,450
Duergar Mind Master,2,mtf 189,Medium,Humanoid,LE,450
Duergar Screamer,3,mtf 190,Medium,Construct,LE,700
Duergar Soulblade,1,mtf 190,Medium,Humanoid,LE,200
Duergar Stone Guard,2,mtf 191,Medium,Humanoid,LE,450
Duergar Warlord,6,mtf 192,Medium,Humanoid,LE,2300
Duergar Xarrorn,2,mtf 193,Medium,Humanoid,LE,450
Eidolon,12,mtf 194,Medium,Undead,Any,8400
Autumn Eladrin,10,mtf 195,Medium,Fey,CN,5900
Spring Eladrin,10,mtf 196,Medium,Fey,CN,5900
Summer Eladrin,10,mtf 196,Medium,Fey,CN,5900
Winter Eladrin,10,mtf 197,Medium,Fey,CN,5900
Leviathan,20,mtf 198,Gargantuan,Elemental,N,25000
Phoenix,16,mtf 199,Gargantuan,Elemental,N,15000
Elder Tempest,23,mtf 200,Gargantuan,Elemental,N,50000
Zaratan,22,mtf 201,Gargantuan,Elemental,N,41000
Air Elemental Myrmidon,7,mtf 202,Medium,Elemental,N,2900
Earth Elemental Myrmidon,7,mtf 202,Medium,Elemental,N,2900
Fire Elemental Myrmidon,7,mtf 203,Medium,Elemental,N,2900
Water Elemental Myrmidon,7,mtf 203,Medium,Elemental,N,2900
Giff,3,mtf 204,Medium,Humanoid,LN,700
Githyanki Gish,10,mtf 205,Medium,Humanoid,LE,5900
Githyanki Kith'rak,12,mtf 205,Medium,Humanoid,LE,8400
Githyanki Supreme Commander,14,mtf 206,Medium,Humanoid,LE,11500
Githzerai Anarch,16,mtf 207,Medium,Humanoid,LN,15000
Githzerai Enlightened,10,mtf 208,Medium,Humanoid,LN,5900
Gray Render,12,mtf 209,Large,Monstrosity,CN,8400
Howler,8,mtf 210,Large,Fiend,CE,3900
Young Kruthik,0.125,mtf 211,Small,Monstrosity,Unaligned,25
Adult Kruthik,2,mtf 212,Medium,Monstrosity,Unaligned,450
Kruthik Hive Lord,5,mtf 212,Large,Monstrosity,Unaligned,1800
Marut,25,mtf 213,Large,Construct,LN,75000
Meazel,1,mtf 214,Medium,Humanoid,NE,200
Nagpa,17,mtf 215,Medium,Humanoid,NE,18000
Nightwalker,20,mtf 216,Huge,Undead,CE,25000
Oblex Spawn,0.25,mtf 217,Tiny,Ooze,LE,50
Adult Oblex,5,mtf 218,Medium,Ooze,LE,1800
Elder Oblex,10,mtf 219,Huge,Ooze,LE,5900
Ogre Battering Ram,4,mtf 220,Large,Giant,CE,1100
Ogre Bolt Launcher,2,mtf 220,Large,Giant,CE,450
Ogre Chain Brute,3,mtf 221,Large,Giant,CE,700
Ogre Howdah,2,mtf 221,Large,Giant,CE,450
Retriever,14,mtf 222,Large,Construct,LE,11500
Frost Salamander,9,mtf 223,Huge,Elemental,Unaligned,5000
Gloom Weaver,9,mtf 224,Medium,Humanoid,N,5000
Shadow Dancer,7,mtf 225,Medium,Humanoid,N,2900
Soul Monger,11,mtf 226,Medium,Humanoid,N,7200
Skulk,0.5,mtf 227,Medium,Humanoid,CN,100
Skull Lord,15,mtf 230,Medium,Undead,LE,13000
Angry Sorrowsworn,13,mtf 231,Medium,Monstrosity,NE,10000
Hungry Sorrowsworn,11,mtf 232,Medium,Monstrosity,NE,7200
Lonely Sorrowsworn,9,mtf 232,Medium,Monstrosity,NE,5000
Lost Sorrowsworn,7,mtf 233,Medium,Monstrosity,NE,2900
Wretched Sorrowsworn,0.25,mtf 233,Small,Monstrosity,NE,50
Star Spawn Grue,0.25,mtf 234,Small,Aberration,NE,50
Star Spawn Hulk,10,mtf 234,Large,Aberration,CE,5900
Star Spawn Larva Mage,16,mtf 235,Medium,Aberration,CE,15000
Star Spawn Mangler,5,mtf 236,Medium,Aberration,CE,1800
Star Spawn Seer,13,mtf 236,Medium,Aberration,NE,10000
Female Steeder,1,mtf 238,Large,Monstrosity,Unaligned,200
Male Steeder,0.25,mtf 238,Medium,Monstrosity,Unaligned,50
Steel Predator,16,mtf 239,Large,Construct,LE,15000
Stone Cursed,1,mtf 240,Medium,Construct,LE,200
Sword Wraith Commander,8,mtf 241,Medium,Undead,LE,3900
Sword Wraith Warrior,3,mtf 241,Medium,Undead,LE,700
Tortle,0.25,mtf 242,Medium,Humanoid,LG,50
Tortle Druid,2,mtf 242,Medium,Humanoid,LN,450
Dire Troll,13,mtf 243,Huge,Giant,CE,10000
Rot Troll,9,mtf 244,Large,Giant,CE,5000
Spirit Troll,11,mtf 244,Large,Giant,CE,7200
Venom Troll,7,mtf 245,Large,Giant,CE,2900
Vampiric Mist,3,mtf 246,Medium,Undead,CE,700
Canoloth,8,mtf 247,Medium,Fiend,NE,3900
Dhergoloth,7,mtf 248,Medium,Fiend,NE,2900
Hydroloth,9,mtf 249,Medium,Fiend,NE,5000
Merrenoloth,3,mtf 250,Medium,Fiend,NE,700
Oinoloth,12,mtf 251,Medium,Fiend,NE,8400
Yagnoloth,11,mtf 252,Large,Fiend,NE,7200
Aboleth' Nihileth,12,ToB 008,Large,Undead,CE,8400
Nihilethic Zombie,1,ToB 009,Medium,Undead,NE,200
Abominable Beauty,11,ToB 011,Medium,Elemental,NE,7200
Accursed Defiler,4,ToB 012,Medium,Undead,NE,1100
Ala,8,ToB 013,Medium,Fey,CE,3900
Algorith,10,ToB 014,Medium,Celestial,LN,5900
Alseid,0.5,ToB 015,Medium,Monstrosity,CN,100
Alseid Grovekeeper,3,ToB 015,Medium,Monstrosity,CN,700
Andrenjinyi,15,ToB 015,Gargantuan,Celestial,N,13000
Amphiptere,3,ToB 016,Medium,Beast,Unaligned,700
Angatra,6,ToB 019,Medium,Undead,NE,2300
Angel' Chained,8,ToB 020,Medium,Celestial,NE,3900
Angel' Fidele,5,ToB 021,Medium,Celestial,LG,1800
Angler Worm,4,ToB 022,Huge,Monstrosity,Unaligned,1100
Ant Queen' Giant,4,ToB 023,Large,Beast,Unaligned,1100
Ant' Giant,2,ToB 023,Large,Beast,Unaligned,450
Anubian,2,ToB 024,Medium,Elemental,CE,450
Arboreal Grappler,3,ToB 025,Medium,Aberration,NE,700
Aridni,5,ToB 026,Small,Fey,NE,1800
Asanbosam,5,ToB 027,Large,Aberration,CE,1800
Azza Gremlin,0.25,ToB 028,Small,Fey,N,50
Baba Yaga’s Horsemen' Base,11,ToB 030,Medium,Fey,LN,7200
Bagiennik,3,ToB 031,Medium,Aberration,CN,700
Bastet Temple Cat,1,ToB 032,Small,Beast,CN,200
Bearfolk,3,ToB 033,Medium,Humanoid,CG,700
Behtu,2,ToB 034,Small,Humanoid,CE,450
Beli,2,ToB 035,Small,Fey,NE,450
Bereginyas,4,ToB 036,Tiny,Fey,NE,1100
Blemmyes,8,ToB 037,Large,Monstrosity,CE,3900
Boloti,1,ToB 038,Tiny,Fey,NE,200
Bone Collective,8,ToB 039,Small,Undead,CE,3900
Bone Crab,0.5,ToB 040,Small,Beast,N,100
Bone Swarm,10,ToB 041,Large (swarm of Tiny),Undead,CE,5900
Boreas,17,ToB 042,Medium,Elemental,CE,18000
Bouda,5,ToB 044,Medium,Fiend,NE,1800
Broodiken,1,ToB 045,Tiny,Construct,N,200
Bucca,0.5,ToB 046,Tiny,Fey,NE,100
Bukavac,9,ToB 047,Large,Monstrosity,NE,5000
Buraq,11,ToB 048,Medium,Celestial,LG,7200
Burrowling,0.5,ToB 049,Small,Humanoid,LN,100
Cactid,3,ToB 050,Large,Plant,Unaligned,700
Cambium,14,ToB 051,Large,Fiend,NE,11500
Carrion Beetle,4,ToB 052,Large,Beast,N,1100
Cavelight Moss,4,ToB 053,Large,Plant,N,1100
Chelicerae,7,ToB 054,Large,Aberration,NE,2900
Chernomoi,1,ToB 055,Tiny,Fey,N,200
Child of the Briar,1,ToB 056,Tiny,Plant,NE,200
Chronalmental,8,ToB 057,Large,Elemental,Unaligned,3900
Cikavak,0.125,ToB 058,Tiny,Beast,N,25
Clockwork Abomination,5,ToB 059,Large,Construct,LE,1800
Clockwork Abomination,5,ToB 059,Large,Fiend,LE,1800
Clockwork Beetle,0.5,ToB 060,Tiny,Construct,Unaligned,100
Clockwork Beetle Swarm,3,ToB 061,Large swarm of Tiny,Construct,N,700
Clockwork Hound,2,ToB 062,Medium,Construct,Unaligned,450
Clockwork Huntsman,3,ToB 063,Medium,Construct,Unaligned,700
Clockwork Myrmidon,6,ToB 064,Large,Construct,Unaligned,2300
Clockwork Watchman,0.5,ToB 065,Medium,Construct,Unaligned,100
Clockwork Weaving Spider,1,ToB 066,Tiny,Construct,Unaligned,200
Clurichaun,0.25,ToB 067,Tiny,Fey,CN,50
Cobbleswarm,2,ToB 068,Medium swarm of Tiny,Monstrosity,Unaligned,450
Corpse Mound,11,ToB 069,Huge,Undead,NE,7200
Dau,4,ToB 070,Small,Fey,CN,1100
Death Butterfly Swarm,4,ToB 071,Large swarm of Tiny,Beast,CE,1100
Death Butterfly Swarm' Greater,6,ToB 071,Huge swarm of Tiny,Beast,CE,2300
Deathwisp,7,ToB 072,Medium,Undead,NE,2900
Deep One,2,ToB 073,Medium,Humanoid,CE,450
Deep One Hybrid Priest,4,ToB 073,Medium,Humanoid,CE,1100
Deep One Archimandrite,8,ToB 074,Large,Humanoid,CE,3900
Demon' Apau Perape,6,ToB 075,Large,Fiend,CE,2300
Demon' Berstuc,11,ToB 076,Large,Fiend,CE,7200
Demon' Kishi,8,ToB 077,Medium,Fiend,CE,3900
Demon' Malakbel,9,ToB 078,Medium,Fiend,CE,5000
Demon' Psoglav,7,ToB 079,Large,Fiend,CE,2900
Demon' Rubezahl,10,ToB 080,Medium,Fiend,CE,5900
Demon Lord of Cockroaches Akyishigal,12,ToB 082,Large,Fiend,CE,8400
Spawn of Akyishigal,5,ToB 083,Medium,Fiend,CE,1800
Demon Lord of Night Alquam,21,ToB 084,Huge,Fiend,CE,33000
Demon Lord of Bats and Fire Camazotz,22,ToB 085,Large,Fiend,CE,41000
Skin Bat,0.5,ToB 087,Small,Fiend,NE,100
Demon Lord of Apes' Mechuiti,27,ToB 088,Gargantuan,Fiend,CE,105000
Demon Lord of the Devouring Worm Qorgeth,23,ToB 090,Gargantuan,Fiend,CE,50000
Derro Fetal Savant,4,ToB 092,Tiny,Humanoid,CE,1100
Derro Shadow Antipaladin,5,ToB 093,Small,Humanoid,CE,1800
Devil' Arbeyach,21,ToB 095,Large,Fiend,LE,33000
Spawn of Arbeyach,5,ToB 097,Medium,Fiend,LE,1800
Devil' Ia’Affrat,15,ToB 098,Large swarm of Tiny,Fiend,LE,13000
Devil' Mammon,25,ToB 099,Huge,Fiend,LE,75000
Devil' Totivillus' Scribe of Hell,24,ToB 101,Medium,Fiend,LE,62000
Devil' Automata,10,ToB 102,Large,Fiend,LE,5900
Devil' Chort,12,ToB 104,Medium,Fiend,LE,8400
Devil' Crystalline,6,ToB 105,Medium,Fiend,LE,2300
Devil' Gilded,7,ToB 106,Medium,Fiend,LE,2900
Devil' Ink,2,ToB 108,Small,Fiend,LE,450
Devil' Koralk (Harvester Devil),11,ToB 108,Large,Fiend,LE,7200
Devil' Lunar,8,ToB 110,Large,Fiend,LE,3900
Devil' Orobas,14,ToB 111,Large,Fiend,LE,11500
Devil' Salt,6,ToB 113,Medium,Fiend,LE,2300
Dinosaur' Mbielu,3,ToB 114,Huge,Beast,Unaligned,700
Dinosaur' Ngobou,5,ToB 115,Large,Beast,Unaligned,1800
Dinosaur' Spinosaurus,13,ToB 116,Gargantuan,Beast,Unaligned,10000
Dinosaur' Young Spinosaurus,5,ToB 117,Huge,Beast,Unaligned,1800
Dipsa,0.25,ToB 118,Tiny,Ooze,Unaligned,50
Dissimortuum,7,ToB 119,Medium,Undead,CE,2900
Dogmole,1,ToB 120,Medium,Beast,Neutral,200
Dogmole Juggernaut,5,ToB 121,Large,Monstrosity,N,1800
Domovoi,4,ToB 122,Medium,Fey,CN,1100
Doppelrat,2,ToB 123,Tiny,Monstrosity,Unaligned,450
Dorreq,4,ToB 124,Medium,Aberration,NE,1100
Adult Cave Dragon,16,ToB 125,Huge,Dragon,NE,15000
Cave Dragon Wyrmling,2,ToB 127,Medium,Dragon,NE,450
Young Cave Dragon,8,ToB 127,Large,Dragon,NE,3900
Ancient Flame Dragon,24,ToB 128,Gargantuan,Dragon,CE,62000
Adult Flame Dragon,16,ToB 129,Huge,Dragon,CE,15000
Young Flame Dragon,9,ToB 130,Large,Dragon,CE,5000
Flame Dragon Wyrmling,3,ToB 131,Medium,Dragon,CE,700
Ancient Mithral Dragon,18,ToB 132,Gargantuan,Dragon,N,20000
Adult Mithral Dragon,14,ToB 133,Huge,Dragon,N,11500
Young Mithral Dragon,6,ToB 134,Medium,Dragon,N,2300
Adult Sea Dragon,16,ToB 135,Huge,Dragon,NE,15000
Ancient Sea Dragon,22,ToB 135,Gargantuan,Dragon,NE,41000
Sea Dragon Qyrmling,2,ToB 136,Medium,Dragon,NE,450
Young Sea Dragon,9,ToB 136,Large,Dragon,NE,5000
Ancient Void Dragon,24,ToB 138,Gargantuan,Dragon,CN,62000
Adult Void Dragon,14,ToB 139,Huge,Dragon,CN,11500
Void Dragon Wyrmling,2,ToB 140,Medium,Dragon,CN,450
Young Void Dragon,9,ToB 140,Large,Dragon,CN,5000
Ancient Wind Dragon,22,ToB 142,Gargantuan,Dragon,CN,41000
Adult Wind Dragon,17,ToB 143,Huge,Dragon,CN,18000
Young Wind Dragon,6,ToB 144,Large,Dragon,CN,2300
Wind Dragon Wyrmling,1,ToB 145,Medium,Dragon,CN,200
Dragon Eel,12,ToB 146,Huge,Dragon,N,8400
Dragonleaf Tree,8,ToB 147,Large,Plant,Unaligned,3900
Drake' Alehouse,0.5,ToB 148,Tiny,Dragon,CN,100
Drake' Ash,4,ToB 149,Small,Dragon,NE,1100
Drake' Coral,7,ToB 150,Medium,Dragon,NE,2900
Drake' Crimson,1,ToB 151,Tiny,Dragon,CE,200
Drake' Deep,9,ToB 152,Large,Dragon,CE,5000
Drake' Elder Shadow,7,ToB 153,Large,Dragon,CE,2900
Drake' Paper,2,ToB 154,Small,Dragon,N,450
Drake' Rust,8,ToB 155,Medium,Dragon,CE,3900
Drake' Star,15,ToB 156,Large,Dragon,N,13000
Drakon,5,ToB 157,Large,Beast,Unaligned,1800
Dream Eater,5,ToB 158,Medium,Fiend,LE,1800
Drowned Maiden,5,ToB 159,Medium,Undead,NE,1800
Dryad' Duskthorn,3,ToB 160,Medium,Fey,C,700
Dullahan,11,ToB 161,Large,Fey,LE,7200
Dune Mimic,8,ToB 162,Huge,Monstrosity,N,3900
Eala,2,ToB 163,Small,Monstrosity,Unaligned,450
Eater of Dust,9,ToB 164,Medium,Aberration,NE,5000
Edimmu,4,ToB 165,Medium,Undead,CE,1100
Eel Hound,2,ToB 166,Medium,Fey,N,450
Einherjar,7,ToB 167,Medium,Humanoid,CN,2900
Eleinomae,5,ToB 168,Medium,Fey,CE,1800
Elemental Locus,17,ToB 169,Gargantuan,Elemental,N,18000
Elves' Shadow Fey' Duelist,6,ToB 171,Medium,Humanoid,LE,2300
Elves' Shadow Fey' Elf,0.25,ToB 171,Medium,Humanoid,LE,50
Elves' Shadow Fey' Enchantress,7,ToB 172,Medium,Humanoid,LE,2900
Elves' Shadow Fey' Forest Hunter,5,ToB 173,Medium,Humanoid,LE,1800
Elves' Shadow Fey' Guardian,4,ToB 174,Large,Humanoid,NE,1100
Emerald Eye,1,ToB 175,Tiny,Construct,CE,200
Empty Cloak,0.5,ToB 176,Medium,Construct,Unaligned,100
Eonic Drifter,1,ToB 177,Medium,Humanoid,CN,200
Erina Defender,1,ToB 178,Small,Humanoid,N,200
Erina Scrounger,0.25,ToB 178,Small,Humanoid,N,50
Far Darrig,3,ToB 179,Small,Fey,N,700
Fate Eater,6,ToB 180,Medium,Aberration,N,2300
Fear Smith,10,ToB 181,Medium,Fey,CN,5900
Fellforged,5,ToB 182,Medium,Construct,LE,1800
Fext,6,ToB 183,Medium,Undead,Any,2300
Fey Lord' Bear King,12,ToB 186,Medium,Fey,LN,8400
Fey Lord of the Hunt,18,ToB 188,Medium,Fey,LN,20000
Fey Lord' Moonlit King,17,ToB 190,Medium,Fey,NG,18000
Fey Queen of Night and Magic,21,ToB 192,Medium,Fey,NE,33000
Fey Queen of Witches,17,ToB 194,Large,Fey,N,18000
Fey Lord' River King,16,ToB 196,Medium,Fey,CN,15000
Fey Snow Queen,16,ToB 198,Medium,Fey,NE,15000
Feyward Tree,8,ToB 200,Huge,Construct,Unaligned,3900
Firebird,4,ToB 201,Small,Celestial,NG,1100
Firegeist,2,ToB 202,Small,Elemental,NE,450
Flutterflesh,12,ToB 203,Large,Undead,CE,8400
Folk of Leng,2,ToB 204,Medium,Humanoid,NE,450
Forest Marauder,4,ToB 205,Large,Giant,CE,1100
Fraughashar,0.5,ToB 206,Small,Fey,NE,100
Frostveil,4,ToB 207,Medium,Plant,Unaligned,1100
Garroter Crab,0.25,ToB 208,Tiny,Beast,Unaligned,50
Gbahali,6,ToB 209,Huge,Beast,Unaligned,2300
Gearforged Templar,6,ToB 210,Medium,Humanoid,LN,2300
Genie' Al-Aeshma,9,ToB 211,Large,Elemental,CE,5000
Gerridae,1,ToB 212,Large,Fey,N,200
Ghoul' Beggar,0.5,ToB 213,Medium,Undead,CE,100
Ghoul' Bonepowder,12,ToB 214,Small,Undead,NE,8400
Ghoul' Darakhul,3,ToB 216,Medium,Undead,NE,700
Ghoul' Emperor,20,ToB 218,Medium,Undead,NE,25000
Ghoul' Imperial,4,ToB 220,Medium,Undead,LE,1100
Ghoul' Iron,5,ToB 221,Medium,Undead,LE,1800
Desert Giant,9,ToB 222,Huge,Giant,N,5000
Flab Giant,4,ToB 223,Large,Giant,CE,1100
Hraesvelgr the Corpse Swallower,19,ToB 224,Huge,Giant,N,22000
Jotun Giant,22,ToB 226,Gargantuan,Giant,CN,41000
Thursir Giant,3,ToB 227,Large,Giant,NE or LE,700
Glass Gator,1,ToB 228,Large,Beast,Unaligned,200
Gnarljak,6,ToB 229,Small,Construct,Unaligned,2300
Gnoll Havoc Runner,3,ToB 230,Medium,Humanoid,CE,700
Goat-Man,3,ToB 231,Medium,Monstrosity,CE,700
Dust Goblin,0.25,ToB 232,Small,Humanoid,NE,50
Eye Golem,11,ToB 233,Large,Construct,Unaligned,7200
Hoard Golem,12,ToB 234,Huge,Construct,Unaligned,8400
Salt Golem,10,ToB 235,Large,Construct,Unaligned,5900
Smaragdine Golem,14,ToB 236,Large,Construct,Unaligned,11500
Steam Golem,13,ToB 237,Large,Construct,Unaligned,10000
Gray Thirster,2,ToB 238,Medium,Undead,NE,450
Rum Gremlin,0.5,ToB 239,Tiny,Fey,CE,100
Grim Jester,11,ToB 240,Medium,Undead,CE,7200
Gug,12,ToB 241,Huge,Giant,NE,8400
Blood Hag,11,ToB 242,Medium,Fey,CE,7200
Mirror Hag,6,ToB 243,Medium,Fey,CN,2300
Red Hag,7,ToB 244,Medium,Fey,NE,2900
Sand Hag,5,ToB 245,Medium,Fey,CE,1800
Owl Harpy,5,ToB 246,Medium,Monstrosity,NE,1800
Haugbui,13,ToB 247,Medium,Undead,LN,10000
Herald of Blood,12,ToB 248,Huge,Fiend,NE,8400
Herald of Darkness,7,ToB 249,Large,Fiend,NE,2900
Horakh,9,ToB 250,Medium,Monstrosity,N,5000
Hound of the Night,5,ToB 251,Large,Monstrosity,Unaligned,1800
Hulking Whelp,5,ToB 252,Small or Huge,Fey,CN,1800
Hundun,10,ToB 253,Large,Celestial,CG,5900
Ice Maiden,6,ToB 254,Medium,Fey,LE,2300
Idolic Deity,8,ToB 255,Small,Construct,NE,3900
Imy-Ut Ushabti,3,ToB 256,Medium,Monstrosity,N,700
Isonade,14,ToB 257,Gargantuan,Monstrosity,CN,11500
Jaculus,3,ToB 258,Small,Dragon,NE,700
Kikimora,5,ToB 260,Medium,Fey,CN,1800
Kobold Alchemist,2,ToB 261,Small,Humanoid,LN,450
Kobold Chieftain,4,ToB 263,Small,Humanoid,LE,1100
Kobold Trapsmith,1,ToB 264,Small,Humanoid,LN,200
Kongamato,5,ToB 265,Large,Beast,Unaligned,1800
Koschei,17,ToB 266,Medium,Fiend,NE,18000
Kot Bayun,2,ToB 268,Medium,Monstrosity,N,450
Krake Spawn,9,ToB 269,Huge,Monstrosity,NE,5000
Lantern Dragonette,0.5,ToB 270,Tiny,Dragon,LN,100
Lemurfolk,0.25,ToB 271,Small,Humanoid,N,50
Lemurfolk Greyfur,4,ToB 271,Small,Humanoid,N,1100
Leshy,1,ToB 272,Medium,Monstrosity,CN,200
Library Automaton,0.5,ToB 273,Small,Construct,LN,100
Lich Hound,4,ToB 274,Medium,Undead,NE,1100
Likho,6,ToB 275,Medium,Monstrosity,CE,2300
Lindwurm,5,ToB 276,Large,Dragon,NE,1800
Liosalfar,8,ToB 277,Large,Elemental,N,3900
Living Wick,0.25,ToB 278,Small,Construct,Unaligned,50
Lorelei,5,ToB 279,Medium,Fey,CE,1800
Loxoda,6,ToB 280,Huge,Monstrosity,NE,2300
Mahoru,3,ToB 281,Large,Monstrosity,Unaligned,700
Mallqui,8,ToB 282,Medium,Undead,LN,3900
Malphas,6,ToB 283,Medium,Fey,NE,2300
Mamura,6,ToB 284,Small,Aberration,NE,2300
Mamura,6,ToB 284,Small,Fey,NE,2300
Mask Wight,13,ToB 285,Medium,Undead,NE,10000
Mavka,12,ToB 286,Medium,Fey,CE,8400
Mavka,12,ToB 286,Medium,Undead,CE,8400
Mi-Go,5,ToB 287,Medium,Plant,NE,1800
Millitaur,3,ToB 288,Large,Monstrosity,N,700
Kalke,0.25,ToB 289,Small,Fiend,NE,50
Mimic' Map,0.25,ToB 289,Tiny,Aberration,N,50
Mindrot Thrall,3,ToB 290,Medium,Plant,N,700
Mirager,3,ToB 291,Medium,Fey,NE,700
Miremal,0.5,ToB 292,Small,Fey,CE,100
Mngwa,4,ToB 293,Medium,Aberration,NE,1100
Monolith Champion,8,ToB 294,Large,Construct,Unaligned,3900
Monolith Footman,3,ToB 295,Large,Construct,Unaligned,700
Mordant Snare,15,ToB 296,Gargantuan,Aberration,CE,13000
Morphoi,0.5,ToB 297,Medium,Plant,CE,100
Moss Lurker,1,ToB 298,Small,Humanoid,CN,200
Mummy' Venomous,3,ToB 299,Medium,Undead,LE,700
Myconid' Deathcap,4,ToB 300,Medium,Plant,NE,1100
Myling,2,ToB 301,Small,Undead,CE,450
Naina,11,ToB 302,Large,Dragon,LE,7200
Naina (in humanoid form),11,ToB 302,Medium,Fey,LE,7200
Nichny,6,ToB 303,Medium,Fey,NE,2300
Nightgarm,6,ToB 305,Large,Monstrosity,CE,2300
Nkosi,0.5,ToB 306,Medium,Humanoid,LN,100
Nkosi Pridelord,4,ToB 306,Medium,Humanoid,LN,1100
War Ostrich,0.5,ToB 307,Large,Beast,Unaligned,100
Noctiny,2,ToB 308,Medium,Humanoid,NE,450
Oculo Swarm,4,ToB 309,Large swarm of Tiny,Monstrosity,NE,1100
Oozasis,9,ToB 310,Gargantuan,Ooze,Unaligned,5000
Ooze' Corrupting,5,ToB 311,Large,Ooze,NE,1800
Ostinato,4,ToB 312,Medium,Aberration,CN,1100
Pombero,3,ToB 313,Medium,Fey,CN,700
Possessed Pillar,7,ToB 314,Large,Construct,Unaligned,2900
Putrid Haunt,2,ToB 315,Medium,Undead,NE,450
Qwyllion,8,ToB 316,Medium,Aberration,NE,3900
Qwyllion,8,ToB 316,Medium,Fey,NE,3900
Ramag,0.25,ToB 317,Medium,Humanoid,N,50
Rat King,5,ToB 318,Medium,Monstrosity,CE,1800
Ratatosk,4,ToB 319,Tiny,Celestial,CN,1100
Ratfolk,0.25,ToB 320,Small,Humanoid,N,50
Ratfolk Rogue,1,ToB 320,Small,Humanoid,N,200
Ravenala,5,ToB 321,Large,Plant,Unaligned,1800
Ravenfolk Doom Croaker (Kenku),5,ToB 322,Medium,Humanoid,N,1800
Ravenfolk Scout (Kenku),0.5,ToB 322,Medium,Humanoid,N,100
Ravenfolk Warrior (Kenku),3,ToB 322,Medium,Humanoid,N,700
Redcap,6,ToB 325,Medium,Fey,NE,2300
Rift Swine,5,ToB 326,Large,Aberration,CN,1800
Rime Worm Grub,1,ToB 327,Medium,Elemental,N,200
Rime Worm' Adult,6,ToB 327,Large,Elemental,N,2300
Risen Reaver,7,ToB 328,Large,Undead,CE,2900
Roachling Lord,2,ToB 329,Small,Humanoid,CN,450
Roachling Skirmisher,0.25,ToB 329,Small,Humanoid,CN,50
Rotting Wind,6,ToB 330,Large,Undead,NE,2300
Rusalka,6,ToB 331,Medium,Undead,CE,2300
Sand Silhouette,6,ToB 332,Medium,Undead,NE,2300
Sandman,5,ToB 333,Medium,Celestial,CN,1800
Sandwyrm,6,ToB 334,Large,Dragon,Unaligned,2300
Sap Demon,4,ToB 335,Small,Ooze,CE,1100
Sarcophagus Slime,5,ToB 336,Medium,Undead,NE,1800
Sathaq Worm,10,ToB 337,Huge,Elemental,NE,5900
Savager,8,ToB 338,Large,Beast,NE,3900
Scheznyki,6,ToB 339,Small,Fey,CE,2300
Night Scorpion,3,ToB 340,Large,Beast,Unaligned,700
Stygian Fat-Tailed Scorpion,3,ToB 340,Tiny,Beast,Unaligned,700
Selang,4,ToB 341,Medium,Fey,CE,1100
Serpopard,4,ToB 342,Large,Beast,Unaligned,1100
Shabti,8,ToB 343,Medium,Construct,Unaligned,3900
Shadhavar,2,ToB 344,Large,Monstrosity,N,450
Shadow Beast,7,ToB 345,Medium,Fey,CE,2900
Shellycoat,2,ToB 346,Medium,Fey,NE,450
Shoggoth,19,ToB 347,Huge,Aberration,CN,22000
Shroud,0.125,ToB 348,Medium,Undead,NE,25
Skein Witch,12,ToB 349,Medium,Celestial,N,8400
Skeleton' Sharkjaw,1,ToB 350,Large,Undead,LE,200
Skeleton' Vine Troll,9,ToB 351,Large,Plant,Unaligned,5000
Skitterhaunt,4,ToB 352,Large,Ooze,Unaligned,1100
Slow Storm,15,ToB 353,Huge,Elemental,CN,13000
Snake' Swamp Adder,0.25,ToB 354,Small,Beast,Unaligned,50
Snake' Zanskaran Viper,1,ToB 354,Large,Beast,Unaligned,200
Son of Fenris,12,ToB 355,Huge,Monstrosity,CE,8400
Soul Eater,7,ToB 356,Medium,Fiend,NE,2900
Spark,7,ToB 357,Tiny,Elemental,CN,2900
Spectral Guardian,6,ToB 358,Medium,Undead,NE,2300
Sphinx' Gypsosphinx,14,ToB 359,Large,Monstrosity,NE,11500
Spider' Ghostwalk,9,ToB 361,Large,Monstrosity,NE,5000
Spider' J’ba Fofi,3,ToB 362,Large,Beast,Unaligned,700
Spider' Red-Banded Line,0.25,ToB 363,Tiny,Beast,Unaligned,50
Spider' Sand,7,ToB 364,Large,Beast,Unaligned,2900
Spider of Leng,7,ToB 365,Large,Aberration,CE,2900
Spider Thief,2,ToB 366,Small,Construct,Unaligned,450
Spire Walker,3,ToB 367,Tiny,Fey,CN,700
Star-Spawn of Cthulhu,15,ToB 368,Large,Fiend,CE,13000
Stryx,0.125,ToB 369,Tiny,Monstrosity,N,25
Stuhac,13,ToB 370,Medium,Fiend,NE,10000
Subek,5,ToB 371,Large,Humanoid,LN,1800
Suturefly,0.25,ToB 372,Tiny,Beast,Unaligned,50
Fire Dancer Swarm,7,ToB 373,Medium swarm of Tiny,Elemental,NE,2900
Manabane Scarab Swarm,4,ToB 374,Medium swarm of Tiny,Beast,Unaligned,1100
Prismatic Beetle Swarm,3,ToB 375,Medium swarm of Tiny,Beast,Unaligned,700
Sluagh Swarm,3,ToB 376,Medium swarm of Tiny,Fey,CE,700
Wolf Spirit Swarm,6,ToB 377,Large swarm of Medium,Undead,NE,2300
Temple Dog,5,ToB 378,Medium,Celestial,G,1800
Theullai,10,ToB 379,Huge,Elemental,CN,5900
Ancient Titan,12,ToB 380,Gargantuan,Celestial,NG,8400
Degenerate Titan,8,ToB 381,Huge,Giant,CE,3900
Titanoboa,12,ToB 382,Gargantuan,Beast,Unaligned,8400
Tophet,8,ToB 383,Huge,Construct,NE,3900
Tosculi Hive Queen,12,ToB 385,Large,Monstrosity,LE,8400
Tosculi Drone,0.5,ToB 386,Small,Monstrosity,LE,100
Tosculi Elite Bow Raider,5,ToB 386,Medium,Monstrosity,LE,1800
Tosculi Warrior,2,ToB 386,Small,Monstrosity,LE,450
Treacle,0.25,ToB 387,Tiny,Ooze,Unaligned,50
Treant' Weeping,6,ToB 388,Huge,Plant,N,2300
Troll' Lake,7,ToB 389,Large,Giant,CE,2900
Trollkin Reaver,4,ToB 390,Medium,Humanoid,N,1100
Tusked Skyfish,4,ToB 391,Large,Aberration,LG,1100
Uraeus,2,ToB 392,Tiny,Celestial,LN,450
Urochar,17,ToB 393,Huge,Aberration,CE,18000
Ushabti,9,ToB 394,Large,Construct,Unaligned,5000
Vaettir,4,ToB 395,Medium,Undead,LE,1100
Valkyrie,11,ToB 396,Medium,Celestial,N,7200
Vampire' Umbral,7,ToB 397,Medium,Fiend,CE,2900
Vapor Lynx,5,ToB 398,Large,Monstrosity,CN,1800
Vesiculosa,11,ToB 399,Gargantuan,Plant,Unaligned,7200
Vila,5,ToB 400,Medium,Fey,LN,1800
Vile Barber,2,ToB 401,Small,Fey,CE,450
Vine Lord,7,ToB 402,Medium,Plant,LN,2900
Tendril Puppet,2,ToB 403,Medium,Plant,LN,450
Voidling,11,ToB 404,Large,Aberration,CE,7200
Wampus Cat,1,ToB 405,Medium,Monstrosity,CN,200
Water Leaper,4,ToB 406,Large,Monstrosity,Unaligned,1100
Wharfling,0.125,ToB 407,Tiny,Beast,Unaligned,25
Wharfling Swarm,4,ToB 407,Large swarm of Tiny,Beast,Unaligned,1100
White Ape,6,ToB 408,Large,Monstrosity,N,2300
Witchlight,0.25,ToB 409,Tiny,Construct,N,50
Wormhearted Suffragan,5,ToB 410,Medium,Undead,CE,1800
Xanka,0.25,ToB 411,Small,Construct,Unaligned,50
Xhkarsh,8,ToB 412,Large,Aberration,NE,3900
Ychen Bannog,11,ToB 413,Gargantuan,Beast,Unaligned,7200
Zaratan,26,ToB 414,Gargantuan,Monstrosity,Unaligned,90000
Zimwi,4,ToB 415,Medium,Giant,CE,1100
Zmey,14,ToB 416,Huge,Dragon,CE,11500
Bandit Lord,4,ToB 418,Medium,Humanoid,Any non-lawful,1100
Black Knight Commander,5,ToB 418,Medium,Humanoid,LE,1800
City Watch Captain,4,ToB 419,Medium,Humanoid,LN,1100
Devilbound Gnomish Prince,9,ToB 420,Small,Humanoid,Any Evil,5000
Dwarven Ringmage,7,ToB 420,Medium,Humanoid,Any,2900
Emerald Order Cult Leader,8,ToB 421,Medium,Humanoid,LN or Evil,3900
Elvish Veteran Archer,3,ToB 422,Medium,Humanoid,CG or CN,700
Ghost Knight,6,ToB 423,Medium,Humanoid,LE,2300
Ogre Chieftain' Corrupted,6,ToB 423,Large,Giant,CE,2300
Scorpion Cultist,0.5,ToB 425,Medium,Humanoid,N,100
Wolf Reaver Dwarf,3,ToB 426,Medium,Humanoid,Any Chaotic,700
Banderhobb,5,vgm 122,Large,Monstrosity,NE,1800
Barghest,4,vgm 123,Large,Fiend,NE,1100
Death Kiss,10,vgm 124,Large,Aberration,NE,5900
Gauth,6,vgm 125,Medium,Aberration,LE,2300
Gazer,0.5,vgm 126,Tiny,Aberration,NE,100
Bodak,6,vgm 127,Medium,Undead,CE,2300
Boggle,0.125,vgm 128,Small,Fey,CN,25
Catoblepas,5,vgm 129,Large,Monstrosity,Unaligned,1800
Cave Fisher,3,vgm 130,Medium,Monstrosity,Unaligned,700
Chitine,0.5,vgm 131,Small,Monstrosity,CE,100
Choldrith,3,vgm 132,Medium,Monstrosity,CE,700
Cranium Rat,0,vgm 133,Tiny,Beast,LE,10
Swarm of Cranium Rats,5,vgm 133,Medium,Beast,LE,1800
Darkling,0.5,vgm 134,Small,Fey,CN,100
Darkling Elder,2,vgm 134,Medium,Fey,CN,450
Deep Scion,3,vgm 135,Medium,Humanoid,NE,700
Babau,4,vgm 136,Medium,Fiend,CE,1100
Maw Demon,1,vgm 137,Medium,Fiend,CE,200
Shoosuva,8,vgm 137,Large,Fiend,CE,3900
Devourer,13,vgm 138,Large,Fiend,CE,10000
Brontosaurus,5,vgm 139,Gargantuan,Beast,Unaligned,1800
Deinonychus,1,vgm 139,Medium,Beast,Unaligned,200
Dimetrodon,0.25,vgm 139,Medium,Beast,Unaligned,50
Hadrosaurus,0.25,vgm 140,Large,Beast,Unaligned,50
Quetzalcoatlus,2,vgm 140,Huge,Beast,Unaligned,450
Stegosaurus,4,vgm 140,Huge,Beast,Unaligned,1100
Velociraptor,0.25,vgm 140,Tiny,Beast,Unaligned,50
Draegloth,7,vgm 141,Large,Fiend,CE,2900
Firenewt Warrior,0.5,vgm 142,Medium,Humanoid,NE,100
Firenewt Warlock of Imix,1,vgm 143,Medium,Humanoid,NE,200
Giant Strider,1,vgm 143,Large,Monstrosity,NE,200
Flail Snail,3,vgm 144,Large,Elemental,Unaligned,700
Froghemoth,10,vgm 145,Huge,Monstrosity,Unaligned,5900
Cloud Giant Smiling One,11,vgm 146,Huge,Giant,CN,7200
Fire Giant Dreadnought,14,vgm 147,Huge,Giant,LE,11500
Frost Giant Everlasting One,12,vgm 148,Huge,Giant,CE,8400
Mouth of Grolantor,6,vgm 149,Huge,Giant,CE,2300
Stone Giant Dreamwalker,10,vgm 150,Huge,Giant,CN,5900
Storm Giant Quintessent,16,vgm 151,Huge,Giant,CG,15000
Girallon,4,vgm 152,Large,Monstrosity,Unaligned,1100
Flind,9,vgm 153,Medium,Humanoid,CE,5000
Gnoll Flesh Gnawer,1,vgm 154,Medium,Humanoid,CE,200
Gnoll Hunter,0.5,vgm 154,Medium,Humanoid,CE,100
Gnoll Witherling,0.25,vgm 155,Medium,Undead,CE,50
Grung,0.25,vgm 156,Small,Humanoid,LE,50
Grung Elite Warrior,2,vgm 157,Small,Humanoid,LE,450
Grung Wildling,1,vgm 157,Small,Humanoid,LE,200
Guard Drake,2,vgm 158,Medium,Dragon,Unaligned,450
Annis Hag,6,vgm 159,Large,Fey,CE,2300
Bheur Hag,7,vgm 160,Medium,Fey,CE,2900
Hobgoblin Devastator,4,vgm 161,Medium,Humanoid,LE,1100
Hobgoblin Iron Shadow,2,vgm 162,Medium,Humanoid,LE,450
Ki-rin,12,vgm 163,Huge,Celestial,LG,8400
Kobold Dragonshield,1,vgm 165,Small,Humanoid,LE,200
Kobold Inventor,0.25,vgm 166,Small,Humanoid,LE,50
Kobold Scale Sorcerer,1,vgm 167,Small,Humanoid,LE,200
Korred,7,vgm 168,Small,Fey,CN,2900
Leucrotta,3,vgm 169,Large,Monstrosity,CE,700
Meenlock,2,vgm 170,Small,Fey,NE,450
Alhoon,10,vgm 172,Medium,Undead,Any evil,5900
Mind Flayer Lich,22,vgm 172,Medium,Undead,Any evil,41000
Elder Brain,14,vgm 174,Large,Aberration,LE,11500
Ulitharid,9,vgm 175,Large,Aberration,LE,5000
Mindwitness,5,vgm 176,Large,Aberration,LE,1800
Morkoth,11,vgm 178,Medium,Aberration,CE,7200
Morkoth (in lair),12,vgm 178,Medium,Aberration,CE,8400
Neogi Hatchling,0.125,vgm 179,Tiny,Aberration,LE,25
Neogi,3,vgm 180,Small,Aberration,LE,700
Neogi Master,4,vgm 180,Medium,Aberration,LE,1100
Neothelid,13,vgm 181,Gargantuan,Aberration,CE,10000
Nilbog,1,vgm 182,Small,Humanoid,CE,200
Orc Blade of Ilneval,4,vgm 183,Medium,Humanoid,CE,1100
Orc Claw of Luthic,2,vgm 183,Medium,Humanoid,CE,450
Orc Hand of Yurtrus,2,vgm 184,Medium,Humanoid,CE,450
Orc Nurtured One of Yurtrus,0.5,vgm 184,Medium,Humanoid,CE,100
Orc Red Fang of Shargaas,3,vgm 185,Medium,Humanoid,CE,700
Tanarukk,5,vgm 186,Medium,Fiend,CE,1800
Quickling,1,vgm 187,Tiny,Fey,CE,200
Redcap,3,vgm 188,Small,Fey,CE,700
Sea Spawn,1,vgm 189,Medium,Humanoid,NE,200
Shadow Mastiff,2,vgm 190,Medium,Monstrosity,NE,450
Slithering Tracker,3,vgm 191,Medium,Ooze,CE,700
Spawn of Kyuss,5,vgm 192,Medium,Undead,CE,1800
Tlincalli,5,vgm 193,Large,Monstrosity,NE,1800
Trapper,3,vgm 194,Large,Monstrosity,Unaligned,700
Vargouille,1,vgm 195,Tiny,Fiend,CE,200
Vegepygmy,0.25,vgm 196,Small,Plant,N,50
Thorny,1,vgm 197,Medium,Plant,N,200
Vegepygmy Chief,2,vgm 197,Small,Plant,N,450
Wood Woad,5,vgm 198,Medium,Plant,LN,1800
Xvart,0.125,vgm 200,Small,Humanoid,CE,25
Xvart Warlock of Raxivort,1,vgm 200,Small,Humanoid,CE,200
Yeth Hound,4,vgm 201,Large,Fey,NE,1100
Yuan-ti Anathema,12,vgm 202,Huge,Monstrosity,NE,8400
Yuan-ti Broodguard,2,vgm 203,Medium,Humanoid,NE,450
Yuan-ti Mind Whisperer,4,vgm 204,Medium,Monstrosity,NE,1100
Yuan-ti Nightmare Speaker,4,vgm 205,Medium,Monstrosity,NE,1100
Yuan-ti Pit Master,5,vgm 206,Medium,Monstrosity,NE,1800
Aurochs,2,vgm 207,Large,Beast,Unaligned,450
Cow,0.25,vgm 207,Large,Beast,Unaligned,50
Deep Rothe,0.25,vgm 207,Medium,Beast,Unaligned,50
Ox,0.25,vgm 207,Large,Beast,Unaligned,50
Rothe,0.25,vgm 207,Large,Beast,Unaligned,50
Stench Kow,0.25,vgm 207,Large,Beast,Unaligned,50
Dolphin,0.125,vgm 208,Medium,Beast,Unaligned,25
Swarm of Rot Grubs,0.5,vgm 208,Medium,Beast,Unaligned,100