1,Medium,12,Owl,Beast,MM 333
2,Medium,2,Wind Dragon Wyrmling,Dragon,ToB 145
3,Medium,3,Shovel Dragonette,Dragon,ToB3 150
4,Medium,6,Gorao-Ka,Fey,ToB2 221
5,Medium,5,Giant Poisonous Snake,Beast,MM 327
6,Medium,1,Peryton,Monstrosity,MM 251
7,Medium,12,Deer,Beast,MM 321
8,Medium,2,Nyx-Fleece Ram,Monstrosity,MOoT 233
9,Medium,3,Rochade,Fey,ToB3 332
10,Medium,6,Merfolk,Humanoid,MM 218
11,Medium,5,Swarm of Bats,Beast,MM 337
12,Medium,1,Rug of Smothering,Construct,MM 20
13,Medium,12,Deer,Beast,MM 321
14,Medium,2,Iron Defender,Construct,Ebb 293
15,Medium,3,Execrable Shrub,Fiend,CC 304
16,Medium,6,Edjet Initiate,Humanoid,ToB2 131
17,Medium,5,Living Shade,Fey,CC 255
18,Medium,1,Polar Bear,Beast,MM 334
19,Medium,12,Goat,Beast,MM 330
20,Medium,2,Quadrone,Construct,MM 226
21,Medium,3,Devil' Fire Imp,Fiend,CC 103
22,Medium,6,Merfolk,Humanoid,MM 218
23,Medium,5,Zombie,Undead,MM 316
24,Medium,1,Derro Explorer,Humanoid,ToB2 97
25,Medium,12,Spider,Beast,MM 337
26,Medium,2,Grimmlet,Monstrosity,ToB2 186
27,Medium,3,Clanrat,Humanoid,Skaven 16
28,Medium,6,Wharfling,Beast,ToB 407
29,Medium,5,Golem' Lesser' Hair,Construct,CC 200
30,Medium,1,Umbral Shambler,Aberration,ToB3 380
31,Hard,1,Abbanith Giant,Giant,ToB2 170
32,Hard,3,Quickling,Fey,VGM 187
33,Hard,6,Giant Wolf Spider,Beast,MM 330
34,Hard,9,Wharfling,Beast,ToB 407
35,Hard,4,Giant Sea Horse,Beast,MM 328
36,Hard,1,Phoenixborn Sorcerer,Humanoid,ToB3 316
37,Hard,3,Maw Demon,Fiend,VGM 137
38,Hard,6,Velociraptor,Beast,VGM 140
39,Hard,9,Twig Blight,Plant,MM 32
40,Hard,4,Firenewt Warrior,Humanoid,VGM 142
41,Hard,1,Dust Goblin Chieftain,Humanoid,CC 136
42,Hard,3,Hybrid Poisoner,Humanoid,GGR 217
43,Hard,6,Aarakocra,Humanoid,MM 12
44,Hard,9,Giant Crab,Beast,MM 324
45,Hard,4,Black Bear,Beast,MM 318
46,Hard,1,Wolf Reaver Dwarf,Humanoid,ToB 426
47,Hard,3,Vargouille,Fiend,VGM 195
48,Hard,6,Qumdaq,Elemental,ToB3 326
49,Hard,9,Flumph,Aberration,MM 135
50,Hard,4,Hybrid Spy,Humanoid,GGR 218
51,Hard,1,Dragonflesh Grafter,Monstrosity,FToD 186
52,Hard,3,Dinosaur' Nodosaurus,Beast,CC 109
53,Hard,6,Elk,Beast,MM 322
54,Hard,9,Mastiff,Beast,MM 332
55,Hard,4,Giant Wasp,Beast,MM 329
56,Hard,1,Slithering Tracker,Ooze,VGM 191
57,Hard,3,Fire Snake,Elemental,MM 265
58,Hard,6,Cave Goat,Beast,ToB2 389
59,Hard,9,Clockwork Servant,Construct,CC 65
60,Hard,4,Lantern Dragonette,Dragon,ToB 270
61,Deadly,6,Gray Orc,Humanoid,ToB2 284
62,Deadly,3,Boneless,Undead,VRgtR 228
63,Deadly,2,Hybrid Flyer,Humanoid,GGR 217
64,Deadly,1,Death Vulture,Monstrosity,ToB2 81
65,Deadly,5,Anvilwrought Raptor,Construct,MOoT 209
66,Deadly,6,Dust Goblin,Humanoid,ToB 232
67,Deadly,3,Sporous Crap,Beast,ToB2 398
68,Deadly,2,Desolation Nymph,Beast,ToB3 105
69,Deadly,1,Giant Water Scorpion,Beast,ToB2 393
70,Deadly,5,Ravenfolk Scout (Kenku),Humanoid,ToB 322
71,Deadly,6,Wolf,Beast,MM 341
72,Deadly,3,Kobold Dragonshield,Humanoid,VGM 165
73,Deadly,2,Duergar Hammerer,Construct,MTF 188
74,Deadly,1,Lizard King/Queen,Humanoid,MM 205
75,Deadly,5,Sahuagin,Humanoid,MM 263
76,Deadly,6,Boar,Beast,MM 319
77,Deadly,3,Warforged Soldier,Humanoid,Ebb 320
78,Deadly,2,Kuunganisha,Fiend,CC 245
79,Deadly,1,Deep Troll,Giant,ToB2 352
80,Deadly,5,Tosculi Drone,Monstrosity,ToB 386
81,Deadly,6,Elves' Shadow Fey' Elf,Humanoid,ToB 171
82,Deadly,3,Khamaseen,Elemental,ToB3 250
83,Deadly,2,Wind Eater,Undead,CC 381
84,Deadly,1,Winged Bull,Celestial,MOoT 214
85,Deadly,5,Giant Goat,Beast,MM 326
86,Deadly,6,Orniraptor,Monstrosity,ToB2 285
87,Deadly,3,Grung Wildling,Humanoid,VGM 157
88,Deadly,2,Chimeric Phantom,Undead,ToB2 63
89,Deadly,1,Dire Padagolin,Beast,ToB3 133
90,Deadly,5,Porcellina,Beast,ToB3 317
91,Insanity,24,Raven,Beast,MM 335
92,Insanity,2,Brownie Beastrider,Fey,ToB3 69
93,Insanity,6,Devil' Fire Imp,Fiend,CC 103
94,Insanity,5,Ratfolk Warlock,Humanoid,CC 316
95,Insanity,3,Ochre Jelly,Ooze,MM 243
96,Insanity,1,Troll,Giant,MM 291
97,Insanity,24,Octopus,Beast,MM 333
98,Insanity,2,Dragonflesh Grafter,Monstrosity,FToD 186
99,Insanity,6,Ravenfolk Scout (Kenku),Humanoid,ToB 322
100,Insanity,5,Wampus Cat,Monstrosity,ToB 405
101,Medium,1,Monkey's Bane Vine,Plant,ToB3 273
102,Medium,5,Draconian Foot Soldier,Monstrosity,FToD 178
103,Medium,6,Frontline Medic,Humanoid,GGR 231
104,Medium,3,Bronze Scout,Construct,MTF 125
105,Medium,2,Adult Kruthik,Monstrosity,MTF 212
106,Medium,1,Babau,Fiend,VGM 136
107,Medium,5,Miremal,Fey,ToB 292
108,Medium,6,Swarm of Ravens,Beast,MM 339
109,Medium,3,Quasit,Fiend,MM 63
110,Medium,2,Trollkin Grunt,Humanoid,CC 357
111,Medium,1,Sap Demon,Ooze,ToB 335
112,Medium,5,Moon Weaver,Beast,ToB3 274
113,Medium,6,Pteranodon,Beast,MM 80
114,Medium,3,Balloon Spider,Beast,ToB2 387
115,Medium,2,Carrion Crawler,Monstrosity,MM 37
116,Medium,1,Merrow Shallowpriest,Monstrosity,EGtW 294
117,Medium,5,Execrable Shrub,Fiend,CC 304
118,Medium,6,Riding Horse,Beast,MM 336
119,Medium,3,Indentured Spirit,Undead,GGR 206
120,Medium,2,Eel Hound,Fey,ToB 166
121,Medium,1,Ortifex,Undead,ToB2 287
122,Medium,5,Hippocamp,Monstrosity,MOoT 227
123,Medium,6,Elves' Shadow Fey' Elf,Humanoid,ToB 171
124,Medium,3,Quaggoth Spore Servant,Plant,MM 230
125,Medium,2,Razorback Crab,Beast,ToB3 98
126,Medium,1,Greater Lunarchidna,Aberration,ToB2 242
127,Medium,5,Moldering Devil,Fiend,ToB3 123
128,Medium,6,Giant Honey Bee,Beast,ToB2 392
129,Medium,3,Quasit,Fiend,MM 63
130,Medium,2,Ratfolk Mercenary,Humanoid,CC 315
131,Hard,6,Draconian Foot Soldier,Monstrosity,FToD 178
132,Hard,2,Sapper Kobold,Humanoid,ToB3 257
133,Hard,9,Elk,Beast,MM 322
134,Hard,14,Cikavak,Beast,ToB 58
135,Hard,4,Conniption Bug,Beast,ToB3 93
136,Hard,18,Scorpion,Beast,MM 337
137,Hard,6,Darkmantle,Monstrosity,MM 46
138,Hard,2,Golem' Keg,Construct,CC 199
139,Hard,9,Diving Gell,Ooze,ToB3 136
140,Hard,14,Flying Snake,Beast,MM 322
141,Hard,4,Choker,Aberration,MTF 123
142,Hard,18,Goat,Beast,MM 330
143,Hard,6,Warhorse Skeleton,Undead,MM 273
144,Hard,2,Hobgoblin Captain,Humanoid,MM 186
145,Hard,9,Anarch,Humanoid,GGR 239
146,Hard,14,Noble,Humanoid,MM 348
147,Hard,4,Female Steeder,Monstrosity,MTF 238
148,Hard,18,Spider,Beast,MM 337
149,Hard,6,Eshin Arbalester,Humanoid,Skaven 13
150,Hard,2,Mirager,Fey,ToB 291
151,Hard,9,Giant Frog,Beast,MM 325
152,Hard,14,Ice Bogie,Fey,ToB2 209
153,Hard,4,Garlicle,Plant,ToB2 162
154,Hard,18,Scorpion,Beast,MM 337
155,Hard,6,Piercer,Monstrosity,MM 252
156,Hard,2,Wolf Reaver Dwarf,Humanoid,ToB 426
157,Hard,9,Kobold Inventor,Humanoid,VGM 166
158,Hard,14,Leonino,Beast,CC 250
159,Hard,4,Ooze' Suppurating,Ooze,CC 288
160,Hard,18,Crawling Claw,Undead,MM 44
161,Deadly,6,Phoenixborn,Humanoid,ToB3 316
162,Deadly,24,Crab,Beast,MM 320
163,Deadly,5,Serpentfolk of Yig,Humanoid,CC 324
164,Deadly,1,Rat King,Monstrosity,ToB 318
165,Deadly,2,Brain in a Jar,Undead,VRgtR 229
166,Deadly,3,Merrow,Monstrosity,MM 219
167,Deadly,6,Corpse Thief,Humanoid,CC 66
168,Deadly,24,Owl,Beast,MM 333
169,Deadly,5,Giant Spider,Beast,MM 328
170,Deadly,1,Shadow Fey Knight,Humanoid,CC 146
171,Deadly,2,Smokeplume Zombie,Undead,ToB3 400
172,Deadly,3,Orc Claw of Luthic,Humanoid,VGM 183
173,Deadly,6,Brain Hood,Aberration,ToB2 50
174,Deadly,24,Magewright,Humanoid,Ebb 318
175,Deadly,5,Vargouille,Fiend,VGM 195
176,Deadly,1,Bulette,Monstrosity,MM 34
177,Deadly,2,Grolar Bear,Beast,ToB3 222
178,Deadly,3,Hybrid Flyer,Humanoid,GGR 217
179,Deadly,6,Wintergrim,Fey,ToB2 372
180,Deadly,24,Weasel,Beast,MM 340
181,Deadly,5,Erina Defender,Humanoid,ToB 178
182,Deadly,1,Snow Giant,Giant,ToB2 174
183,Deadly,2,Demon' Plaresh,Fiend,CC 89
184,Deadly,3,Rhinoceros,Beast,MM 336
185,Deadly,6,Puffinfolk,Humanoid,ToB3 322
186,Deadly,24,Cranium Rat,Beast,VGM 133
187,Deadly,5,Heggarna,Aberration,ToB2 196
188,Deadly,1,Jack of Strings,Fey,ToB2 218
189,Deadly,2,Angel' Kinnara,Celestial,CC 17
190,Deadly,3,Shadow Mastiff,Monstrosity,VGM 190
191,Insanity,2,Dragon Blessed,Humanoid,FToD 188
192,Insanity,6,Kobold Ettin,Giant,ToB3 173
193,Insanity,4,Trollkin Fire Shaman,Humanoid,ToB3 376
194,Insanity,3,Bleakheart,Undead,ToB2 43
195,Insanity,1,Tetomatli,Construct,ToB2 345
196,Insanity,19,Wicked Skull,Monstrosity,ToB2 368
197,Insanity,2,Scarlet Ibis,Monstrosity,ToB2 318
198,Insanity,6,Brass Dragon Wyrmling,Dragon,MM 106
199,Insanity,4,Kuunganisha,Fiend,CC 245
200,Insanity,3,Fragrant One,Fey,ToB2 156
201,Medium,14,Neogi Hatchling,Aberration,VGM 179
202,Medium,4,Clacker Beetle Soldier,Beast,ToB3 54
203,Medium,9,Star Spawn Grue,Aberration,MTF 234
204,Medium,18,Lemure,Fiend,MM 76
205,Medium,6,Cackling Skeleton,Undead,ToB2 330
206,Medium,2,Leucrotta,Monstrosity,VGM 169
207,Medium,14,Tribal Warrior,Humanoid,MM 350
208,Medium,4,Giant Octopus,Beast,MM 326
209,Medium,9,Golem' Paper,Construct,CC 204
210,Medium,18,Baboon,Beast,MM 318
211,Medium,6,Gazer,Aberration,VGM 126
212,Medium,2,Ghast of Leng,Aberration,CC 168
213,Medium,14,Flumph,Aberration,MM 135
214,Medium,4,Core Spawn Crawler,Aberration,EGtW 286
215,Medium,9,Giant Moth' Rimewing,Beast,CC 178
216,Medium,18,Cranium Rat,Beast,VGM 133
217,Medium,6,Blood Imp,Fiend,ToB2 103
218,Medium,2,Ghoulsteed,Undead,CC 177
219,Medium,14,Leonino,Beast,CC 250
220,Medium,4,Wind Dragon Wyrmling,Dragon,ToB 145
221,Medium,9,Servitor Thrull,Construct,GGR 221
222,Medium,18,Giant Fire Beetle,Beast,MM 325
223,Medium,6,Aviere,Celestial,ToB2 36
224,Medium,2,Hag' Snow,Fey,CC 214
225,Medium,14,Lymarien,Fey,ToB2 248
226,Medium,4,Clacker Beetle Soldier,Beast,ToB3 54
227,Medium,9,Spider' Red-Banded Line,Beast,ToB 363
228,Medium,18,Spider,Beast,MM 337
229,Medium,6,Valenar Hound,Fey,Ebb 312
230,Medium,2,Thursir Giant,Giant,ToB 227
231,Hard,8,Worg,Monstrosity,MM 341
232,Hard,2,Hobgoblin Devastator,Humanoid,VGM 161
233,Hard,10,Skeleton,Undead,MM 272
234,Hard,1,Lawmage,Humanoid,GGR 228
235,Hard,27,Rat,Beast,MM 335
236,Hard,3,Akanka,Fey,ToB3 10
237,Hard,5,Thought Spy,Humanoid,GGR 233
238,Hard,8,Rochade,Fey,ToB3 332
239,Hard,2,Carrion Beetle,Beast,ToB 52
240,Hard,10,Dretch,Fiend,MM 57
241,Hard,1,Gnarljak,Construct,ToB 229
242,Hard,27,Myconid Sprout,Plant,MM 230
243,Hard,3,Scrag' Lesser,Monstrosity,CC 322
244,Hard,5,Thought Spy,Humanoid,GGR 233
245,Hard,8,Svirfneblin,Humanoid,MM 164
246,Hard,2,Carrion Beetle,Beast,ToB 52
247,Hard,10,Riding Horse,Beast,MM 336
248,Hard,1,Ruin Scarab,Undead,ToB3 337
249,Hard,27,Hawk,Beast,MM 330
250,Hard,3,Gargoyle,Elemental,MM 140
251,Hard,5,Trollkin Raider,Humanoid,ToB2 353
252,Hard,8,Black Bear,Beast,MM 318
253,Hard,2,Quickserpent,Beast,ToB2 303
254,Hard,10,Flying Sword,Construct,MM 20
255,Hard,1,Pyrite Pile,Elemental,ToB3 323
256,Hard,27,Awakened Shrub,Plant,MM 317
257,Hard,3,Sigilian,Construct,CC 335
258,Hard,5,Kobold Ettin,Giant,ToB3 173
259,Hard,8,Aziza,Fey,ToB3 49
260,Hard,2,Mari Lwyd,Undead,ToB2 257
261,Deadly,3,Werewolf,Humanoid,MM 211
262,Deadly,4,Drake' Paper,Dragon,ToB 154
263,Deadly,1,Nosferatu,Undead,VRgtR 239
264,Deadly,19,Leonino,Beast,CC 250
265,Deadly,6,Leshy,Monstrosity,ToB 272
266,Deadly,2,Bouda,Fiend,ToB 44
267,Deadly,3,Corpse Worm,Monstrosity,ToB2 71
268,Deadly,4,Scrofin,Fey,ToB2 319
269,Deadly,1,Tarkun the Desiccated,Fey,ToB2 148
270,Deadly,19,Cultist,Humanoid,MM 345
271,Deadly,6,Maw Demon,Fiend,VGM 137
272,Deadly,2,Ooze' Corrupting,Ooze,ToB 311
273,Deadly,3,Radiant Spark Swarm,Elemental,ToB2 305
274,Deadly,4,Dragonnel,Dragon,FToD 190
275,Deadly,1,Young Moonstone Dragon,Dragon,FToD 213
276,Deadly,19,Compsognathus,Beast,ToB2 108
277,Deadly,6,Giant Eagle,Beast,MM 324
278,Deadly,2,Shadowghast,Undead,EGtW 299
279,Deadly,3,Gnoll Havoc Runner,Humanoid,ToB 230
280,Deadly,4,Dragonnel,Dragon,FToD 190
281,Deadly,1,Hantu Penanggal,Fiend,ToB2 192
282,Deadly,19,Mastiff,Beast,MM 332
283,Deadly,6,Lion,Beast,MM 331
284,Deadly,2,Dream Wraith,Undead,CC 135
285,Deadly,3,Monolith Footman,Construct,ToB 295
286,Deadly,4,Berbalang,Aberration,MTF 120
287,Deadly,1,Angel' Chained,Celestial,ToB 20
288,Deadly,19,Tribal Warrior,Humanoid,MM 350
289,Deadly,6,Returned Sentry,Undead,MOoT 241
290,Deadly,2,Giant Crocodile,Beast,MM 324
291,Insanity,6,Birgemon Seal,Aberration,ToB3 57
292,Insanity,3,Dvarapala,Giant,CC 137
293,Insanity,19,Stench Kow,Beast,VGM 207
294,Insanity,4,Gnyan,Elemental,ToB3 210
295,Insanity,1,Ghost Hunter Kobold,Humanoid,ToB3 254
296,Insanity,2,Dragon' Light' Young,Dragon,CC 114
297,Insanity,5,Veteran,Humanoid,MM 350
298,Insanity,6,Ochre Jelly,Ooze,MM 243
299,Insanity,3,Centaur Chieftain,Monstrosity,CC 60
300,Insanity,19,Mimic' Map,Aberration,ToB 289
301,Medium,2,Ratatosk,Celestial,ToB 319
302,Medium,1,Silent Crier,Fiend,ToB3 344
303,Medium,5,Lamia' Serpentine,Monstrosity,CC 248
304,Medium,3,Kot Bayun,Monstrosity,ToB 268
305,Medium,12,Orniraptor,Monstrosity,ToB2 285
306,Medium,2,Philosopher’s Ghost,Ooze,CC 297
307,Medium,1,Ice Willow,Plant,ToB3 240
308,Medium,5,Female Steeder,Monstrosity,MTF 238
309,Medium,3,Will-o-wisp,Undead,MM 301
310,Medium,12,Gray Orc,Humanoid,ToB2 284
311,Medium,2,Moonless Hunter,Fey,ToB3 275
312,Medium,1,Demon' Echo,Fiend,CC 84
313,Medium,5,Stone Cursed,Construct,MTF 240
314,Medium,3,Tree Skinner,Fiend,ToB2 351
315,Medium,12,Alligator,Beast,ToB2 387
316,Medium,2,Tulpa,Undead,CC 358
317,Medium,1,Troll' Desert,Giant,CC 356
318,Medium,5,Giant Snow Beetle,Beast,ToB2 39
319,Medium,3,Swarm of Ice Borers,Elemental,ToB3 362
320,Medium,12,Swarm of Ravens,Beast,MM 339
321,Medium,2,Flab Giant,Giant,ToB 223
322,Medium,1,Magnetic Elemental,Elemental,ToB2 134
323,Medium,5,Scorchrunner Jackal,Monstrosity,ToB3 340
324,Medium,3,Firegeist,Elemental,ToB 202
325,Medium,12,Clurichaun,Fey,ToB 67
326,Medium,2,Flab Giant,Giant,ToB 223
327,Medium,1,Medusa,Monstrosity,MM 214
328,Medium,5,Nilbog,Humanoid,VGM 182
329,Medium,3,Roachling Lord,Humanoid,ToB 329
330,Medium,12,Living Shade,Fey,CC 255
331,Hard,4,Infliltrator,Humanoid,ToB3 410
332,Hard,18,Stirge,Beast,MM 284
333,Hard,6,Moss Lurker,Humanoid,ToB 298
334,Hard,3,Stormvermin,Humanoid,Skaven 3
335,Hard,1,Ring Servant,Construct,CC 318
336,Hard,2,Fierstjerren,Undead,CC 157
337,Hard,4,Rageipede,Beast,CC 310
338,Hard,18,Wicked Skull,Monstrosity,ToB2 368
339,Hard,6,Drake' Pact,Dragon,CC 130
340,Hard,3,Sapphire Dragon Wyrmling,Dragon,FToD 216
341,Hard,1,Ushabti Greatbow,Construct,TombKings 10
342,Hard,2,Dinosaur' Young Spinosaurus,Beast,ToB 117
343,Hard,4,Egg Hunter Hatchling,Monstrosity,FToD 193
344,Hard,18,Leonino,Beast,CC 250
345,Hard,6,Indentured Spirit,Undead,GGR 206
346,Hard,3,Werecrocodile,Humanoid,ToB3 265
347,Hard,1,Devil' Lunar,Fiend,ToB 110
348,Hard,2,Mezzoloth,Fiend,MM 313
349,Hard,4,Zombie' Blood,Undead,CC 393
350,Hard,18,Expeditious Messenger,Construct,Ebb 293
351,Hard,6,Snake' Zanskaran Viper,Beast,ToB 354
352,Hard,3,Prismatic Beetle Swarm,Beast,ToB 375
353,Hard,1,Astral Devourer,Aberration,ToB2 30
354,Hard,2,Dream Wraith,Undead,CC 135
355,Hard,4,Hobgoblin Iron Shadow,Humanoid,VGM 162
356,Hard,18,Flumph,Aberration,MM 135
357,Hard,6,Bronze Scout,Construct,MTF 125
358,Hard,3,Ravenfolk Warrior (Kenku),Humanoid,ToB 322
359,Hard,1,Horizonback Tortoise,Monstrosity,EGtW 292
360,Hard,2,Derro Shadow Antipaladin,Humanoid,ToB 93
361,Deadly,3,Chroma Lizard,Beast,ToB3 84
362,Deadly,24,Cultist,Humanoid,MM 345
363,Deadly,2,Mind Mage,Humanoid,GGR 233
364,Deadly,12,Chitine,Monstrosity,VGM 131
365,Deadly,4,Angel' Kinnara,Celestial,CC 17
366,Deadly,1,Clockwork Scorpion,Construct,ToB3 89
367,Deadly,5,Ant' Giant,Beast,ToB 23
368,Deadly,3,Dybbuk,Fiend,MTF 132
369,Deadly,24,Blood-Toll Harpy,Monstrosity,MOoT 227
370,Deadly,2,Giant Crocodile,Beast,MM 324
371,Deadly,12,Servitor Rakshasa,Fiend,ToB3 329
372,Deadly,4,Cave Drake,Dragon,ToB2 119
373,Deadly,1,Nycaloth,Fiend,MM 314
374,Deadly,5,Griffon,Monstrosity,MM 174
375,Deadly,3,Dire Padagolin,Beast,ToB3 133
376,Deadly,24,Hoard Scarab,Monstrosity,FToD 205
377,Deadly,2,Bone Knight,Humanoid,Ebb 316
378,Deadly,12,Skulk,Humanoid,MTF 227
379,Deadly,4,Meletian Hoplite,Humanoid,MOoT 229
380,Deadly,1,Fire Giant,Giant,MM 154
381,Deadly,5,Emerald Dragon Wyrmling,Dragon,FToD 197
382,Deadly,3,Dire Padagolin,Beast,ToB3 133
383,Deadly,24,Stirge,Beast,MM 284
384,Deadly,2,Catoblepas,Monstrosity,VGM 129
385,Deadly,12,Shadow,Undead,MM 269
386,Deadly,4,Angel' Kinnara,Celestial,CC 17
387,Deadly,1,Oozasis,Ooze,ToB 310
388,Deadly,5,Egg Hunter Hatchling,Monstrosity,FToD 193
389,Deadly,3,Domovoi,Fey,ToB 122
390,Deadly,24,Noble,Humanoid,MM 348
391,Insanity,4,Servant of the Unsated God,Undead,ToB2 321
392,Insanity,5,Dolgaunt,Aberration,Ebb 290
393,Insanity,2,Vetala,Fiend,ToB3 112
394,Insanity,24,Inkling,Construct,CC 227
395,Insanity,8,Skeleton' Shadow,Undead,CC 342
396,Insanity,3,Ogre' Tusked Crimson,Giant,CC 279
397,Insanity,12,Lamia' Serpentine,Monstrosity,CC 248
398,Insanity,1,Psychic Vampire,Undead,ToB2 357
399,Insanity,4,Deathlock,Undead,MTF 128
400,Insanity,5,Derro Savant,Humanoid,MTF 159
401,Medium,4,Vampire Blossom Swarm,Plant,ToB3 364
402,Medium,3,Derro Fetal Savant,Humanoid,ToB 92
403,Medium,24,Camel,Beast,MM 320
404,Medium,1,Master of Cruelties,Fiend,GGR 196
405,Medium,12,Magma Mephit,Elemental,MM 216
406,Medium,2,Clockwork Abomination,Construct,ToB 59
407,Medium,5,Azer,Elemental,MM 22
408,Medium,4,Golem' Wood,Construct,CC 201
409,Medium,3,August Rooster,Monstrosity,ToB2 33
410,Medium,24,Poisonous Snake,Beast,MM 334
411,Medium,1,Chaos Creeper,Plant,ToB3 80
412,Medium,12,Cavefish Zombie,Undead,ToB2 384
413,Medium,2,Pike Guard Captain,Humanoid,ToB3 166
414,Medium,5,Drake' Forest,Dragon,CC 128
415,Medium,4,Akroan Hoplite,Humanoid,MOoT 228
416,Medium,3,Oracle,Humanoid,MOoT 238
417,Medium,24,Fennec Fox,Beast,ToB2 390
418,Medium,1,Gulper Behemoth,Monstrosity,ToB2 190
419,Medium,12,Tosculi Drone,Monstrosity,ToB 386
420,Medium,2,Jack of Strings,Fey,ToB2 218
421,Medium,5,Qiqirn,Monstrosity,ToB2 301
422,Medium,4,Viiret,Plant,ToB2 361
423,Medium,3,Duskwilt,Plant,ToB3 190
424,Medium,24,Edjet Initiate,Humanoid,ToB2 131
425,Medium,1,Thin Giant,Giant,ToB2 175
426,Medium,12,Greed Swarm,Construct,ToB2 184
427,Medium,2,Mind Mage,Humanoid,GGR 233
428,Medium,5,Hybrid Brute,Humanoid,GGR 217
429,Medium,4,Ghost Boar,Monstrosity,CC 169
430,Medium,3,Oracle,Humanoid,MOoT 238
431,Hard,1,Glacial Crawler,Aberration,ToB3 209
432,Hard,5,Blue Dragon Wyrmling,Dragon,MM 91
433,Hard,6,Adult Kruthik,Monstrosity,MTF 212
434,Hard,4,Yuan-ti Mind Whisperer,Monstrosity,VGM 204
435,Hard,18,Grung,Humanoid,VGM 156
436,Hard,2,Minotaur' Priestess,Monstrosity,CC 267
437,Hard,3,Windy Wailer,Undead,ToB2 370
438,Hard,1,Pelagic Deva,Celestial,ToB3 27
439,Hard,5,Nightmare,Fiend,MM 235
440,Hard,6,Cauldronborn,Construct,CC 59
441,Hard,4,Spellhound,Monstrosity,ToB2 336
442,Hard,18,Harefolk,Humanoid,ToB2 194
443,Hard,2,Necrichor,Undead,VRgtR 238
444,Hard,3,Aatxe,Celestial,CC 7
445,Hard,1,Mother Moth,Fey,ToB3 180
446,Hard,5,Clockwork Beetle Swarm,Construct,ToB 61
447,Hard,6,Scrag' Lesser,Monstrosity,CC 322
448,Hard,4,Giant Walking Stick,Beast,ToB3 201
449,Hard,18,Harefolk,Humanoid,ToB2 194
450,Hard,2,Dire Wildebeest,Beast,ToB3 134
451,Hard,3,Brain Coral,Aberration,ToB3 67
452,Hard,1,Ecstatic Bloom,Celestial,CC 303
453,Hard,5,Pombero,Fey,ToB 313
454,Hard,6,Weasel' Wind,Fey,CC 375
455,Hard,4,Black Pudding,Ooze,MM 241
456,Hard,18,Erina Scrounger,Humanoid,ToB 178
457,Hard,2,Cueyatl Warchief,Humanoid,ToB3 101
458,Hard,3,Lunarian,Fey,ToB2 245
459,Hard,1,Black Crier,Undead,ToB2 42
460,Hard,5,Displacer Beast,Monstrosity,MM 81
461,Deadly,5,Oracle,Humanoid,MOoT 238
462,Deadly,1,Drow Arachnomancer,Humanoid,MTF 182
463,Deadly,26,Giant Bombardier Beetle,Beast,ToB2 39
464,Deadly,6,Radiant Spark Swarm,Elemental,ToB2 305
465,Deadly,2,Angel' Chained,Celestial,ToB 20
466,Deadly,3,Angatra,Undead,ToB 19
467,Deadly,4,Otyugh,Aberration,MM 248
468,Deadly,8,Berserker,Humanoid,MM 344
469,Deadly,12,Stained-Glass Moth,Construct,ToB3 353
470,Deadly,5,Mari Lwyd,Undead,ToB2 257
471,Deadly,1,Star Spawn Seer,Aberration,MTF 236
472,Deadly,26,Giant Bat,Beast,MM 323
473,Deadly,6,Draconian Infiltrator,Monstrosity,FToD 178
474,Deadly,2,Marsh Dire,Undead,ToB2 258
475,Deadly,3,Wardu,Aberration,ToB2 365
476,Deadly,4,Ion Slime,Ooze,ToB3 245
477,Deadly,8,Megantereon,Beast,ToB3 269
478,Deadly,12,Clawfoot,Beast,Ebb 289
479,Deadly,5,Chuul,Aberration,MM 40
480,Deadly,1,Beholder,Aberration,MM 28
481,Deadly,26,Boar,Beast,MM 319
482,Deadly,6,Clockwork Beetle Swarm,Construct,ToB 61
483,Deadly,2,Nosferatu,Undead,VRgtR 239
484,Deadly,3,Giant' Cacus,Giant,CC 181
485,Deadly,4,Warlock of the Genie Lord,Humanoid,ToB3 411
486,Deadly,8,Ant' Giant,Beast,ToB 23
487,Deadly,12,Nilbog,Humanoid,VGM 182
488,Deadly,5,Servant of Yig,Aberration,CC 325
489,Deadly,1,Nautiloid,Elemental,ToB3 286
490,Deadly,26,Tortle,Humanoid,MTF 242
491,Insanity,1,Ancient Mithral Dragon,Dragon,ToB 132
492,Insanity,6,Flab Giant,Giant,ToB 223
493,Insanity,9,Zombie' Mold,Undead,CC 395
494,Insanity,3,Thief Lord,Humanoid,CC 406
495,Insanity,5,Derro' Witch Queen,Humanoid,CC 97
496,Insanity,26,Skin Bat,Fiend,ToB 87
497,Insanity,10,Rum Story Keeper,Fey,ToB3 220
498,Insanity,2,Clockwork Tactician,Construct,ToB3 90
499,Insanity,4,Chimera,Monstrosity,MM 39
500,Insanity,1,Amnizu,Fiend,MTF 164
501,Medium,2,Tumor Troll,Giant,ToB3 375
502,Medium,3,Orc Blade of Ilneval,Humanoid,VGM 183
503,Medium,4,Cave Drake,Dragon,ToB2 119
504,Medium,28,Guard,Humanoid,MM 347
505,Medium,1,Catonoctrix,Aberration,ToB3 75
506,Medium,5,Triton Shorestalker,Humanoid,MOoT 244
507,Medium,14,Svirfneblin,Humanoid,MM 164
508,Medium,9,Inciter,Fiend,ToB3 108
509,Medium,2,Fleshpod Hornet,Beast,CC 161
510,Medium,3,Pesta Hag,Fey,ToB3 227
511,Medium,4,Bakery Drake,Dragon,ToB3 151
512,Medium,28,Dolphin,Beast,VGM 208
513,Medium,1,Belu,Giant,ToB3 55
514,Medium,5,Eel Hound,Fey,ToB 166
515,Medium,14,Lantern Dragonette,Dragon,ToB 270
516,Medium,9,Fungi' Wirbeln,Plant,CC 166
517,Medium,2,Spectral Guardian,Undead,ToB 358
518,Medium,3,Ghoul' Imperial,Undead,ToB 220
519,Medium,4,Amphiptere,Beast,ToB 16
520,Medium,28,Tribal Warrior,Humanoid,MM 350
521,Medium,1,Chameleon Hydra,Monstrosity,ToB2 208
522,Medium,5,Orc Eye of Gruumsh,Humanoid,MM 247
523,Medium,14,Thug,Humanoid,MM 350
524,Medium,9,Thri-kreen,Humanoid,MM 288
525,Medium,2,Animated Breath,Elemental,FToD 163
526,Medium,3,Relentless Hound,Undead,ToB3 331
527,Medium,4,Orc Red Fang of Shargaas,Humanoid,VGM 185
528,Medium,28,Stirge,Beast,MM 284
529,Medium,1,Death Slaad,Aberration,MM 278
530,Medium,5,Ghast,Undead,MM 148
531,Hard,2,Warlock’s Trumpetbloom,Plant,CC 372
532,Hard,4,Ostinato,Aberration,ToB 312
533,Hard,3,Zakya Rakshasa,Fiend,Ebb 309
534,Hard,6,Baba Yaga’s Iron Teeth,Fey,CC 47
535,Hard,5,Sapper Kobold,Humanoid,ToB3 257
536,Hard,1,Boneclaw,Undead,MTF 121
537,Hard,21,Holler Spider,Beast,ToB2 395
538,Hard,10,Deep Dragon Wyrmling,Dragon,FToD 175
539,Hard,2,Air Elemental Myrmidon,Elemental,MTF 202
540,Hard,4,Relentless Hound,Undead,ToB3 331
541,Hard,3,Snow Giant,Giant,ToB2 174
542,Hard,6,Peri,Elemental,ToB3 314
543,Hard,5,Frost Mole,Beast,ToB2 390
544,Hard,1,Sire of Insanity,Fiend,GGR 197
545,Hard,21,Spider' Red-Banded Line,Beast,ToB 363
546,Hard,10,Tiger,Beast,MM 339
547,Hard,2,Firestorm Giant,Giant,ToB3 202
548,Hard,4,Oculo Swarm,Monstrosity,ToB 309
549,Hard,3,Derro Shadow Antipaladin,Humanoid,ToB 93
550,Hard,6,Rageipede,Beast,CC 310
551,Hard,5,Mummy,Undead,MM 228
552,Hard,1,Undead Phoenix,Undead,CC 361
553,Hard,21,Giant Centipede,Beast,MM 323
554,Hard,10,Scorchrunner Jackal,Monstrosity,ToB3 340
555,Hard,2,Ijiraq,Fey,CC 225
556,Hard,4,Deep Troll,Giant,ToB2 352
557,Hard,3,Ogre' Tusked Crimson,Giant,CC 279
558,Hard,6,Orphan of the Black,Fey,ToB2 286
559,Hard,5,Dragonborn Edjet,Humanoid,CC 121
560,Hard,1,Sea Fury,Fey,EGtW 299
561,Deadly,5,Ghoul' Imperial,Undead,ToB 220
562,Deadly,3,Soul Eater,Fiend,ToB 356
563,Deadly,9,Kitsune,Fey,CC 236
564,Deadly,4,Warlock of the Genie Lord,Humanoid,ToB3 411
565,Deadly,2,Ulitharid,Aberration,VGM 175
566,Deadly,6,Drake' Bathhouse,Dragon,CC 126
567,Deadly,1,Typhon,Monstrosity,MOoT 246
568,Deadly,5,Giant Walking Stick,Beast,ToB3 201
569,Deadly,3,Grick Alpha,Monstrosity,MM 173
570,Deadly,9,Topaz Dragon Wyrmling,Dragon,FToD 223
571,Deadly,4,Shambling Mound,Plant,MM 270
572,Deadly,2,Ushabti,Construct,ToB 394
573,Deadly,6,Choldrith,Monstrosity,VGM 132
574,Deadly,1,Timingila,Monstrosity,ToB2 349
575,Deadly,5,Jubjub Bird,Beast,ToB3 247
576,Deadly,3,Midnight Sun,Aberration,ToB3 270
577,Deadly,9,Umbral Shambler,Aberration,ToB3 380
578,Deadly,4,Kruthik Hive Lord,Monstrosity,MTF 212
579,Deadly,2,Coastline Reaper,Monstrosity,ToB3 92
580,Deadly,6,Fang of the Great Wolf,Monstrosity,CC 384
581,Deadly,1,Snallygaster,Aberration,ToB3 348
582,Deadly,5,Deep Troll,Giant,ToB2 352
583,Deadly,3,Herald of Darkness,Fiend,ToB 249
584,Deadly,9,Cult Fanatic,Humanoid,MM 345
585,Deadly,4,Galvanic Blastseeker,Humanoid,GGR 243
586,Deadly,2,Demon' Yek Alpha,Fiend,CC 95
587,Deadly,6,Goat-Man,Monstrosity,ToB 231
588,Deadly,1,Forest Emperor,Aberration,ToB2 155
589,Deadly,5,Devil' Wind’s Harp,Fiend,CC 105
590,Deadly,3,Crystaline Monolith,Aberration,ToB2 78
591,Insanity,4,Spirit Lamp,Undead,CC 349
592,Insanity,3,Darakhul Captain,Undead,ToB2 167
593,Insanity,9,Faceless Wanderer,Aberration,ToB2 139
594,Insanity,1,Coral Queen,Fey,ToB3 176
595,Insanity,2,Salamander Monarch,Elemental,ToB2 311
596,Insanity,6,Faux-Garou,Construct,ToB3 174
597,Insanity,14,Yuan-ti Broodguard,Humanoid,VGM 203
598,Insanity,5,Gbahali,Beast,ToB 209
599,Insanity,4,Young Black Dragon,Dragon,MM 88
600,Insanity,3,Hydroloth,Fiend,MTF 249
601,Medium,1,Nightmare Shepherd,Fiend,MOoT 221
602,Medium,6,Zombie' Blood,Undead,CC 393
603,Medium,18,Grung,Humanoid,VGM 156
604,Medium,3,Kruthik Hive Lord,Monstrosity,MTF 212
605,Medium,5,Sword Wraith Warrior,Undead,MTF 241
606,Medium,2,Vine Lord,Plant,ToB 402
607,Medium,4,Giant Water Scorpion,Beast,ToB2 393
608,Medium,1,Dullahan,Fey,ToB 161
609,Medium,6,Nehekhara Liche Acolyte,Undead,TombKings 6
610,Medium,18,Kalke,Fiend,ToB 289
611,Medium,3,Derro Shadow Antipaladin,Humanoid,ToB 93
612,Medium,5,Ooze' Shadow,Ooze,CC 287
613,Medium,2,Dissimortuum,Undead,ToB 119
614,Medium,4,Stone Defender,Construct,MTF 126
615,Medium,1,Mouse King,Fey,CC 29
616,Medium,6,Yali,Construct,ToB3 398
617,Medium,18,Wretched Sorrowsworn,Monstrosity,MTF 233
618,Medium,3,Tosculi Elite Bow Raider,Monstrosity,ToB 386
619,Medium,5,Lampad,Fey,MOoT 235
620,Medium,2,Vallowex,Aberration,ToB2 356
621,Medium,4,Faceless Wanderer,Aberration,ToB2 139
622,Medium,1,Eye Golem,Construct,ToB 233
623,Medium,6,Wereotter,Humanoid,ToB3 266
624,Medium,18,Axe Beak,Beast,MM 317
625,Medium,3,Wood Woad,Plant,VGM 198
626,Medium,5,Choldrith,Monstrosity,VGM 132
627,Medium,2,Ley Wanderer,Aberration,ToB3 260
628,Medium,4,Kezai,Monstrosity,ToB2 228
629,Medium,1,Mother Moth,Fey,ToB3 180
630,Medium,6,Putrid Haunt,Undead,ToB 315
631,Hard,6,Sapphire Dragon Wyrmling,Dragon,FToD 216
632,Hard,4,Mudmutt,Monstrosity,ToB3 279
633,Hard,26,Male Steeder,Monstrosity,MTF 238
634,Hard,12,Clockwork Leech,Construct,ToB2 66
635,Hard,5,Succubus,Fiend,MM 285
636,Hard,2,Vampire' Priestess,Undead,CC 367
637,Hard,1,Siege Archon,Celestial,ToB3 42
638,Hard,3,Tembril,Monstrosity,ToB2 344
639,Hard,8,Silver Dragon Wyrmling Skeleton,Undead,ToB2 331
640,Hard,6,Cave Fisher,Monstrosity,VGM 130
641,Hard,4,Gem Stalker,Monstrosity,FToD 202
642,Hard,26,Snow Cat,Beast,CC 346
643,Hard,12,Dire Wolf,Beast,MM 321
644,Hard,5,Dau,Fey,ToB 70
645,Hard,2,Vines of Nemthyr,Plant,CC 371
646,Hard,1,Rakshasa,Fiend,MM 257
647,Hard,3,Sanddrift Drake,Dragon,ToB2 127
648,Hard,8,Awakened Tree,Plant,MM 317
649,Hard,6,Goat-Man,Monstrosity,ToB 231
650,Hard,4,Warlock of the Genie Lord,Humanoid,ToB3 411
651,Hard,26,Giant Bombardier Beetle,Beast,ToB2 39
652,Hard,12,Irid,Celestial,ToB2 217
653,Hard,5,Deep One Hybrid Priest,Humanoid,ToB 73
654,Hard,2,Chain Golem,Construct,ToB3 215
655,Hard,1,Salamander Monarch,Elemental,ToB2 311
656,Hard,3,Giant' Cacus,Giant,CC 181
657,Hard,8,Swampgas Shade,Undead,ToB3 359
658,Hard,6,Alseid Grovekeeper,Monstrosity,ToB 15
659,Hard,4,Cambion,Fiend,MM 36
660,Hard,26,Swarm of Bats,Beast,MM 337
661,Deadly,20,Ravenfolk Scout (Kenku),Humanoid,ToB 322
662,Deadly,2,Belu,Giant,ToB3 55
663,Deadly,4,Felidar,Celestial,GGR 199
664,Deadly,8,Swarm of Scarabs,Beast,VRgtR 247
665,Deadly,1,Koschei,Fiend,ToB 266
666,Deadly,3,Angel' Sammael,Celestial,CC 19
667,Deadly,6,Forest Marauder,Giant,ToB 205
668,Deadly,20,Storm Spirit,Elemental,CC 350
669,Deadly,2,Field Commander,Humanoid,ToB3 406
670,Deadly,4,Sahuagin Baron,Humanoid,MM 264
671,Deadly,8,Mindrot Thrall,Plant,ToB 290
672,Deadly,1,Adult Blue Dracolich,Undead,MM 84
673,Deadly,3,Red Hag,Fey,ToB 244
674,Deadly,6,Deathspeaker,Undead,ToB2 82
675,Deadly,20,Tosculi Drone,Monstrosity,ToB 386
676,Deadly,2,Dullahan,Undead,VRgtR 233
677,Deadly,4,Quickstep,Fey,CC 308
678,Deadly,8,Veteran,Humanoid,MM 350
679,Deadly,1,Sinstar,Plant,ToB3 345
680,Deadly,3,Vampire' Umbral,Fiend,ToB 397
681,Deadly,6,Dust Grazer,Aberration,ToB3 163
682,Deadly,20,Podling,Plant,VRgtR 227
683,Deadly,2,Fabricator,Construct,ToB2 138
684,Deadly,4,Umber Hulk,Monstrosity,MM 292
685,Deadly,8,Ghoul' Darakhul,Undead,ToB 216
686,Deadly,1,Elemental Locus,Elemental,ToB 169
687,Deadly,3,Einherjar,Humanoid,ToB 167
688,Deadly,6,Elemental' Venom,Elemental,CC 140
689,Deadly,20,Wintergrim,Fey,ToB2 372
690,Deadly,2,Drudge Pitcher,Plant,ToB3 161
691,Insanity,4,Drow Priestess of Lolth,Humanoid,MM 129
692,Insanity,2,Cherufe,Elemental,ToB2 61
693,Insanity,1,Molydeus,Fiend,MTF 134
694,Insanity,9,Nian,Monstrosity,CC 276
695,Insanity,3,Sunder Shaman,Giant,GGR 202
696,Insanity,10,Dust Goblin Chieftain,Humanoid,CC 136
697,Insanity,6,Giant Crocodile,Beast,MM 324
698,Insanity,5,Ophio Fungus,Plant,ToB2 157
699,Insanity,20,Core Spawn Crawler,Aberration,EGtW 286
700,Insanity,4,Kachlian,Aberration,ToB2 219
701,Medium,1,Culicoid,Fiend,ToB2 94
702,Medium,2,Venom Troll,Giant,MTF 245
703,Medium,6,Folk of Leng,Humanoid,ToB 204
704,Medium,5,Cave Fisher,Monstrosity,VGM 130
705,Medium,3,Waterkledde,Fiend,ToB3 390
706,Medium,21,Boar,Beast,MM 319
707,Medium,10,Mandrake' Great,Plant,CC 260
708,Medium,4,Servant of the Unsated God,Undead,ToB2 321
709,Medium,1,Frost Giant Everlasting One,Giant,VGM 148
710,Medium,2,Golem' Bone,Construct,CC 195
711,Medium,6,Niya-Atha Warrior,Fey,ToB3 290
712,Medium,5,Spider' J’ba Fofi,Beast,ToB 362
713,Medium,3,Darakhul Spy,Undead,ToB2 168
714,Medium,21,Azza Gremlin,Fey,ToB 28
715,Medium,10,Stone Cursed,Construct,MTF 240
716,Medium,4,Cats of Ulthar,Beast,CC 58
717,Medium,1,Titanoboa,Beast,ToB 382
718,Medium,2,Eonic Savant,Humanoid,ToB2 137
719,Medium,6,Adult Faerie Dragon,Dragon,MM 133
720,Medium,5,Goat-Man,Monstrosity,ToB 231
721,Medium,3,Earth Elemental,Elemental,MM 124
722,Medium,21,Giant Poisonous Snake,Beast,MM 327
723,Medium,10,Weasel' Albino Death,Beast,CC 374
724,Medium,4,Angler Dwarf,Humanoid,ToB3 164
725,Medium,1,Boneshard Wraith,Undead,ToB2 46
726,Medium,2,Ulnorya,Aberration,ToB2 354
727,Medium,6,Wererat,Humanoid,MM 209
728,Medium,5,Wight,Undead,MM 300
729,Medium,3,Mandriano,Plant,CC 261
730,Medium,21,Resinous Frog,Beast,ToB2 397
731,Hard,6,Cave Drake,Dragon,ToB2 119
732,Hard,3,Spider' Sand,Beast,ToB 364
733,Hard,2,Anzu,Monstrosity,ToB2 26
734,Hard,5,Ettin,Giant,MM 132
735,Hard,1,Devil' Ia’Affrat,Fiend,ToB 98
736,Hard,4,Brownie Mystic,Fey,ToB3 69
737,Hard,9,Trollkin Grunt,Humanoid,CC 357
738,Hard,6,Clockwork Beetle Swarm,Construct,ToB 61
739,Hard,3,Living Cloudkill,Construct,Ebb 299
740,Hard,2,Dimensional Shambler,Aberration,ToB2 107
741,Hard,5,Falsifier Fog,Undead,ToB2 140
742,Hard,1,Rakshasa' Greater,Fiend,CC 312
743,Hard,4,Earth Elemental,Elemental,MM 124
744,Hard,9,Gray Thirster,Undead,ToB 238
745,Hard,6,Golem' Paper Swarm,Construct,CC 204
746,Hard,3,Snow Ooze,Ooze,ToB3 311
747,Hard,2,Conclave Dryad,Fey,GGR 194
748,Hard,5,Flameskull,Undead,MM 134
749,Hard,1,Nabassu,Fiend,MTF 135
750,Hard,4,Gearmass,Ooze,ToB3 195
751,Hard,9,Yali,Construct,ToB3 398
752,Hard,6,Pale Screamer,Aberration,ToB2 290
753,Hard,3,Firefist,Humanoid,GGR 231
754,Hard,2,Myrmex Speaker,Elemental,ToB3 284
755,Hard,5,Sinkhole Ooze,Ooze,ToB3 309
756,Hard,1,Commander of Horn and Gold,Fey,ToB2 145
757,Hard,4,Giant Mantis Shrimp,Beast,ToB3 198
758,Hard,9,Ahu-Nixta Mechanon,Construct,ToB3 9
759,Hard,6,Winter Wolf,Monstrosity,MM 340
760,Hard,3,Sloth' Giant,Beast,CC 345
761,Deadly,9,Kobold' Swolbold,Humanoid,CC 240
762,Deadly,6,Red Dragon Wyrmling,Dragon,MM 98
763,Deadly,10,Prismatic Dragon Wyrmling,Dragon,ToB3 143
764,Deadly,2,Valkyrie,Celestial,ToB 396
765,Deadly,1,Golem' War Machine,Construct,CC 205
766,Deadly,4,Animated Breath,Elemental,FToD 163
767,Deadly,25,Giant Wasp,Beast,MM 329
768,Deadly,5,Shepherd Drake,Dragon,ToB3 156
769,Deadly,3,Astral Devourer,Aberration,ToB2 30
770,Deadly,9,Cactid,Plant,ToB 50
771,Deadly,6,Succubus,Fiend,MM 285
772,Deadly,10,Hoarfrost Drake,Dragon,ToB2 123
773,Deadly,2,Vampiric Knight,Undead,CC 369
774,Deadly,1,Ancient Mithral Dragon,Dragon,ToB 132
775,Deadly,4,Elf' Servant of the Vine,Humanoid,CC 144
776,Deadly,25,Weirding Scroll,Construct,CC 376
777,Deadly,5,Yaga Goo,Ooze,CC 389
778,Deadly,3,Hungry Ghost' Gaki,Undead,CC 222
779,Deadly,9,Choldrith,Monstrosity,VGM 132
780,Deadly,6,Dire Padagolin,Beast,ToB3 133
781,Deadly,10,Demon' Wind,Fiend,CC 93
782,Deadly,2,Ghost Dragon,Undead,CC 170
783,Deadly,1,Hollow Dragon,Undead,FToD 206
784,Deadly,4,Medusa,Monstrosity,MM 214
785,Deadly,25,Crimson Shambler,Plant,ToB2 73
786,Deadly,5,Rat King,Monstrosity,ToB 318
787,Deadly,3,Inquisitor of the Mind Fire,Humanoid,VRgtR 248
788,Deadly,9,Dragon' Wasteland Wyrmling,Dragon,CC 118
789,Deadly,6,Crystallite,Giant,ToB3 100
790,Deadly,10,Hybrid Brute,Humanoid,GGR 217
791,Insanity,25,Warforged Soldier,Humanoid,Ebb 320
792,Insanity,6,Bloated Ghoul,Undead,ToB2 166
793,Insanity,14,Orc' Black Sun Priestess,Humanoid,CC 290
794,Insanity,8,Moonkite,Celestial,ToB2 260
795,Insanity,3,Pelagic Deva,Celestial,ToB3 27
796,Insanity,5,Hound of Tindalos,Aberration,CC 221
797,Insanity,1,Belashyrra,Aberration,Ebb 286
798,Insanity,2,Steel Predator,Construct,MTF 239
799,Insanity,4,Dragon' Wasteland Young,Dragon,CC 118
800,Insanity,25,Scarecrow,Construct,MM 268
801,Medium,3,Nichny,Fey,ToB 303
802,Medium,1,Beholder,Aberration,MM 28
803,Medium,12,Nihilethic Zombie,Undead,ToB 9
804,Medium,4,Fierstjerren,Undead,CC 157
805,Medium,26,Giant Owl,Beast,MM 327
806,Medium,5,Lamia,Monstrosity,MM 201
807,Medium,8,Balbazu,Fiend,ToB3 107
808,Medium,6,Demon' Plaresh,Fiend,CC 89
809,Medium,2,Black Sun Ogre,Giant,ToB3 298
810,Medium,3,Galeb Duhr,Elemental,MM 139
811,Medium,1,Shrouded Angel,Celestial,ToB3 29
812,Medium,12,Returned Sentry,Undead,MOoT 241
813,Medium,4,Waterkledde,Fiend,ToB3 390
814,Medium,26,Panther,Beast,MM 333
815,Medium,5,Astralsupial,Beast,ToB3 46
816,Medium,8,Yann-An-Oed,Aberration,CC 391
817,Medium,6,Orc' Black Sun Priestess,Humanoid,CC 290
818,Medium,2,Deep One Archimandrite,Humanoid,ToB 74
819,Medium,3,Galeb Duhr,Elemental,MM 139
820,Medium,1,Steam Golem,Construct,ToB 237
821,Medium,12,Pestilence Swarm,Beast,ToB2 294
822,Medium,4,Dwarf' Cleric of the Brew,Humanoid,CC 399
823,Medium,26,Grimlock,Humanoid,MM 175
824,Medium,5,The Flesh,Aberration,ToB3 367
825,Medium,8,Carrion Crawler,Monstrosity,MM 37
826,Medium,6,Xenabsorber,Aberration,CC 387
827,Medium,2,Pal-Rai-Yuk,Monstrosity,ToB2 291
828,Medium,3,Angel' Song,Celestial,CC 20
829,Medium,1,Elemental' Storm Lord,Elemental,CC 139
830,Medium,12,Moppet,Construct,ToB3 277
831,Hard,3,Spark,Elemental,ToB 357
832,Hard,6,Lizard King/Queen,Humanoid,MM 205
833,Hard,8,Talus Flow,Elemental,ToB3 365
834,Hard,19,Magma Mephit,Elemental,MM 216
835,Hard,4,Zombie' Lord,Undead,CC 394
836,Hard,2,Salt Golem,Construct,ToB 235
837,Hard,1,Category 3 Krasis,Monstrosity,GGR 212
838,Hard,3,Firefist,Humanoid,GGR 231
839,Hard,6,Kraul Death Priest,Humanoid,GGR 214
840,Hard,8,Void Fungus,Plant,ToB3 193
841,Hard,19,Scorchbringer Guard,Humanoid,GGR 243
842,Hard,4,Ice Elemental,Elemental,ToB2 133
843,Hard,2,Nightveil Specter,Undead,GGR 215
844,Hard,1,Githzerai Anarch,Humanoid,MTF 207
845,Hard,3,Liondrake,Monstrosity,FToD 207
846,Hard,6,Servant of the Unsated God,Undead,ToB2 321
847,Hard,8,Demon' Plaresh,Fiend,CC 89
848,Hard,19,Phoenixborn,Humanoid,ToB3 316
849,Hard,4,Mindwitness,Aberration,VGM 176
850,Hard,2,Peat Mammoth,Plant,ToB2 293
851,Hard,1,Fey Snow Queen,Fey,ToB 198
852,Hard,3,Drake' Coral,Dragon,ToB 150
853,Hard,6,Brachyura Shambler,Monstrosity,ToB2 49
854,Hard,8,Dark Eye,Humanoid,CC 72
855,Hard,19,Warhorse Skeleton,Undead,MM 273
856,Hard,4,Starving Specter,Undead,ToB3 356
857,Hard,2,Belu,Giant,ToB3 55
858,Hard,1,Githzerai Anarch,Humanoid,MTF 207
859,Hard,3,Chatterlome,Fiend,ToB2 60
860,Hard,6,Death Butterfly Swarm,Beast,ToB 71
861,Deadly,4,Vine Lord,Plant,ToB 402
862,Deadly,1,Dawnfly,Beast,ToB3 104
863,Deadly,8,Elves' Shadow Fey' Guardian,Humanoid,ToB 174
864,Deadly,12,Derro Explorer,Humanoid,ToB2 97
865,Deadly,3,Keelbreaker Crab,Monstrosity,ToB2 226
866,Deadly,28,Aziza,Fey,ToB3 49
867,Deadly,5,Ice Elemental,Elemental,ToB2 133
868,Deadly,2,Ghoul' Bonepowder,Undead,ToB 214
869,Deadly,4,Grick Alpha,Monstrosity,MM 173
870,Deadly,1,Felid Dragon,Dragon,ToB2 143
871,Deadly,8,Emperor's Hyena,Undead,ToB2 135
872,Deadly,12,Flame Eater Swarm,Beast,CC 158
873,Deadly,3,Oozasis,Ooze,ToB 310
874,Deadly,28,Darkmantle,Monstrosity,MM 46
875,Deadly,5,Nehekhara Liche Priest,Undead,TombKings 4
876,Deadly,2,Oinoloth,Fiend,MTF 251
877,Deadly,4,Vampiric Vanguard,Undead,ToB3 383
878,Deadly,1,Balor,Fiend,MM 55
879,Deadly,8,Cosmotronic Blastseeker,Humanoid,GGR 242
880,Deadly,12,Uraeus,Celestial,ToB 392
881,Deadly,3,Plague Spirit,Fey,ToB2 296
882,Deadly,28,Eshin Arbalester,Humanoid,Skaven 13
883,Deadly,5,Bone Knight,Humanoid,Ebb 316
884,Deadly,2,Boneshard Wraith,Undead,ToB2 46
885,Deadly,4,Lesser Infernal Tutor,Fiend,ToB3 120
886,Deadly,1,Hraesvelgr the Corpse Swallower,Giant,ToB 224
887,Deadly,8,Merregon,Fiend,MTF 166
888,Deadly,12,Baleful Miasma,Elemental,ToB3 50
889,Deadly,3,Nycaloth,Fiend,MM 314
890,Deadly,28,Draconian Foot Soldier,Monstrosity,FToD 178
891,Insanity,10,Gnoll Fang of Yeenoghu,Fiend,MM 163
892,Insanity,9,Water Elemental,Elemental,MM 125
893,Insanity,4,Wickerman,Construct,CC 380
894,Insanity,3,Maha,Fiend,ToB3 111
895,Insanity,1,Colossus of Akros,Construct,MOoT 218
896,Insanity,6,Venom Troll,Giant,MTF 245
897,Insanity,8,Tatzelwurm,Dragon,ToB3 366
898,Insanity,28,Ice Urchin,Monstrosity,ToB3 239
899,Insanity,5,Tophet,Construct,ToB 383
900,Insanity,2,Ghost Dragon,Undead,FToD 203
901,Medium,5,Deep One Hybrid Priest,Humanoid,ToB 73
902,Medium,2,Angel' Chained,Celestial,ToB 20
903,Medium,9,Ahu-Nixta Mechanon,Construct,ToB3 9
904,Medium,1,Cherufe,Elemental,ToB2 61
905,Medium,28,Pixie,Fey,MM 253
906,Medium,14,Grung Wildling,Humanoid,VGM 157
907,Medium,4,Clockwork Abomination,Fiend,ToB 59
908,Medium,3,Mage,Humanoid,MM 347
909,Medium,6,Sluagh Swarm,Fey,ToB 376
910,Medium,5,Dragon Turtle Wyrmling,Dragon,FToD 192
911,Medium,2,Feyward Tree,Construct,ToB 200
912,Medium,9,Vegepygmy Chief,Plant,VGM 197
913,Medium,1,Shetani,Fiend,ToB3 343
914,Medium,28,Dimetrodon,Beast,VGM 139
915,Medium,14,Minor Malleable,Aberration,ToB2 252
916,Medium,4,Sandman,Celestial,ToB 333
917,Medium,3,Young Brass Dragon,Dragon,MM 105
918,Medium,6,Dragonborn Edjet,Humanoid,CC 121
919,Medium,5,Falsifier Fog,Undead,ToB2 140
920,Medium,2,Giant' Blood,Giant,CC 180
921,Medium,9,Bandit Captain,Humanoid,MM 344
922,Medium,1,Deathpact Angel,Celestial,GGR 191
923,Medium,28,Panther,Beast,MM 333
924,Medium,14,Harpy,Monstrosity,MM 181
925,Medium,4,Shadow Fey Knight,Humanoid,CC 146
926,Medium,3,Gryllus Swarm,Construct,ToB3 361
927,Medium,6,Swarm of Scarabs,Beast,VRgtR 247
928,Medium,5,Merregon,Fiend,MTF 166
929,Medium,2,Xhkarsh,Aberration,ToB 412
930,Medium,9,Burnished Hart,Construct,MOoT 211
931,Hard,3,Assassin,Humanoid,MM 343
932,Hard,10,Priest,Humanoid,MM 348
933,Hard,22,Yowler,Undead,ToB2 380
934,Hard,1,Hythonia,Monstrosity,MOoT 252
935,Hard,9,Amphiptere,Beast,ToB 16
936,Hard,4,Rime Worm' Adult,Elemental,ToB 327
937,Hard,6,Couatl,Celestial,MM 43
938,Hard,2,Yagnoloth,Fiend,MTF 252
939,Hard,5,Fleshdreg,Plant,ToB2 152
940,Hard,3,Xhkarsh,Aberration,ToB 412
941,Hard,10,Woad Warrior,Monstrosity,ToB3 20
942,Hard,22,Clockwork Beetle,Construct,ToB 60
943,Hard,1,Ghost Dragon,Undead,FToD 203
944,Hard,9,Grolar Bear,Beast,ToB3 222
945,Hard,4,Underworld Cerberus,Monstrosity,MOoT 215
946,Hard,6,Blistercoil Weird,Elemental,GGR 207
947,Hard,2,Mother Moth,Fey,ToB3 180
948,Hard,5,Wereowl,Humanoid,ToB2 246
949,Hard,3,Greater Ghast of Leng,Aberration,ToB2 164
950,Hard,10,Ettercap,Monstrosity,MM 131
951,Hard,22,Changeling,Humanoid,Ebb 317
952,Hard,1,Adult Blue Dracolich,Undead,MM 84
953,Hard,9,Orc' Black Sun Priestess,Humanoid,CC 290
954,Hard,4,Mountain Nymph,Fey,ToB2 272
955,Hard,6,Elemental' Venom,Elemental,CC 140
956,Hard,2,Radiant Idol,Celestial,Ebb 308
957,Hard,5,Shepherd Drake,Dragon,ToB3 156
958,Hard,3,Blemmyes,Monstrosity,ToB 37
959,Hard,10,Skeleton' Shadow,Undead,CC 342
960,Hard,22,Moldering Devil,Fiend,ToB3 123
961,Deadly,14,Silver Dragon Wyrmling Skeleton,Undead,ToB2 331
962,Deadly,6,Fleshdreg,Plant,ToB2 152
963,Deadly,2,Adult Topaz Dragon,Dragon,FToD 221
964,Deadly,9,Orc Blade of Ilneval,Humanoid,VGM 183
965,Deadly,3,Conclave Dryad,Fey,GGR 194
966,Deadly,4,Dissimortuum,Undead,ToB 119
967,Deadly,5,Black Patch,Ooze,ToB3 58
968,Deadly,1,Dread Examiner,Aberration,ToB3 160
969,Deadly,14,Gargoyle,Elemental,MM 140
970,Deadly,6,Hill Giant,Giant,MM 155
971,Deadly,2,Nautiloid,Elemental,ToB3 286
972,Deadly,9,Faceless Wanderer,Aberration,ToB2 139
973,Deadly,3,Reef Drake,Dragon,ToB3 154
974,Deadly,4,Sentinel in Darkness,Construct,CC 323
975,Deadly,5,Wardu,Aberration,ToB2 365
976,Deadly,1,Isperia,Monstrosity,GGR 227
977,Deadly,14,Naiad,Fey,MOoT 236
978,Deadly,6,Mindwitness,Aberration,VGM 176
979,Deadly,2,Steam Golem,Construct,ToB 237
980,Deadly,9,Oracle,Humanoid,MOoT 238
981,Deadly,3,Pelagic Blush Worm,Monstrosity,ToB3 313
982,Deadly,4,Possessed Pillar,Construct,ToB 314
983,Deadly,5,Magnetic Elemental,Elemental,ToB2 134
984,Deadly,1,Molydeus,Fiend,MTF 134
985,Deadly,14,Kuunganisha,Fiend,CC 245
986,Deadly,6,Clockwork Abomination,Fiend,ToB 59
987,Deadly,2,Noth-Norren,Elemental,ToB2 270
988,Deadly,9,Crystallite,Giant,ToB3 100
989,Deadly,3,Incandescent One,Celestial,ToB3 244
990,Deadly,4,Lambent Witchfyre,Aberration,ToB2 234
991,Insanity,9,Gorgon,Monstrosity,MM 171
992,Insanity,12,Hobgoblin Devastator,Humanoid,VGM 161
993,Insanity,2,Adult Blue Dracolich,Undead,MM 84
994,Insanity,1,Iorvensiav Lady of the Unforgiving Cold,Fiend,ToB3 117
995,Insanity,6,Wyvern' War,Dragon,CC 386
996,Insanity,5,Young Bronze Dragon,Dragon,MM 108
997,Insanity,8,Drake' Fey,Dragon,CC 127
998,Insanity,3,Nalfeshnee,Fiend,MM 62
999,Insanity,4,Bimancer,Humanoid,GGR 256
1000,Insanity,9,Egg Hunter Adult,Monstrosity,FToD 193
1001,Medium,1,Ashen Rider,Celestial,MOoT 213
1002,Medium,3,Air Elemental Myrmidon,Elemental,MTF 202
1003,Medium,6,Cactus Drake,Dragon,ToB3 152
1004,Medium,19,Nkosi,Humanoid,ToB 306
1005,Medium,4,Galvanic Blastseeker,Humanoid,GGR 243
1006,Medium,8,Bleakheart,Undead,ToB2 43
1007,Medium,2,Giant' Cave,Giant,CC 182
1008,Medium,1,Nephirron Devil,Fiend,ToB2 104
1009,Medium,3,Dhergoloth,Fiend,MTF 248
1010,Medium,6,Sinkhole Ooze,Ooze,ToB3 309
1011,Medium,19,Shifter,Humanoid,Ebb 319
1012,Medium,4,Lorelei,Fey,ToB 279
1013,Medium,8,Swarm of Swamp Slirghs,Elemental,ToB3 363
1014,Medium,2,Deva,Celestial,MM 16
1015,Medium,1,Steel Predator,Construct,MTF 239
1016,Medium,3,Dissimortuum,Undead,ToB 119
1017,Medium,6,Dust Grazer,Aberration,ToB3 163
1018,Medium,19,Nehekhara Archer,Undead,TombKings 7
1019,Medium,4,Vorthropod,Monstrosity,ToB3 387
1020,Medium,8,Stormvermin,Humanoid,Skaven 3
1021,Medium,2,Shoal Ooze,Ooze,ToB3 308
1022,Medium,1,Adult Sea Dragon,Dragon,ToB 135
1023,Medium,3,Ophio Fungus,Plant,ToB2 157
1024,Medium,6,Demon' Yek,Fiend,CC 95
1025,Medium,19,Narshark,Monstrosity,ToB2 266
1026,Medium,4,Zombie' Lord,Undead,CC 394
1027,Medium,8,Grell,Aberration,MM 172
1028,Medium,2,Autumn Eladrin,Fey,MTF 195
1029,Medium,1,Cave Sovereign,Aberration,ToB3 79
1030,Medium,3,Vallowex,Aberration,ToB2 356
1031,Hard,12,Giant Constrictor Snake,Beast,MM 324
1032,Hard,5,Lakescourge Lotus,Undead,ToB3 258
1033,Hard,4,Niya-Atha Raja,Fey,ToB3 291
1034,Hard,1,Bone Lord,Undead,ToB3 66
1035,Hard,3,Demon' Malakbel,Fiend,ToB 78
1036,Hard,28,Winged Thrull,Construct,GGR 221
1037,Hard,2,Arcanaloth,Fiend,MM 313
1038,Hard,8,Elves' Shadow Fey' Guardian,Humanoid,ToB 174
1039,Hard,12,Hunter Shark,Beast,MM 330
1040,Hard,5,Kobold' Wizard,Humanoid,CC 241
1041,Hard,4,Golem' Bone,Construct,CC 195
1042,Hard,1,Kalaraq Quori,Aberration,Ebb 306
1043,Hard,3,Star-Nosed Diopsid,Aberration,ToB3 355
1044,Hard,28,Fraughashar,Fey,ToB 206
1045,Hard,2,Boneshard Wraith,Undead,ToB2 46
1046,Hard,8,Mngwa,Aberration,ToB 293
1047,Hard,12,Carrion Crawler,Monstrosity,MM 37
1048,Hard,5,Chemosit,Fiend,ToB3 82
1049,Hard,4,Demon' Vellso,Fiend,CC 92
1050,Hard,1,Ancient Crystal Dragon,Dragon,FToD 170
1051,Hard,3,Pelagic Blush Worm,Monstrosity,ToB3 313
1052,Hard,28,Podling,Plant,VRgtR 227
1053,Hard,2,Ancient Titan,Celestial,ToB 380
1054,Hard,8,Oculo Swarm,Monstrosity,ToB 309
1055,Hard,12,Grung Elite Warrior,Humanoid,VGM 157
1056,Hard,5,Air Elemental,Elemental,MM 124
1057,Hard,4,Bodytaker Plant,Plant,VRgtR 227
1058,Hard,1,Felid Dragon,Dragon,ToB2 143
1059,Hard,3,Desert Giant,Giant,ToB 222
1060,Hard,28,Podling,Plant,VRgtR 227
1061,Deadly,9,Water Leaper,Monstrosity,ToB 406
1062,Deadly,6,Hill Giant,Giant,MM 155
1063,Deadly,5,Spider of Leng,Aberration,ToB 365
1064,Deadly,12,Alpine Creeper,Plant,ToB3 19
1065,Deadly,3,Naina (in humanoid form),Fey,ToB 302
1066,Deadly,1,Monkey King,Celestial,CC 337
1067,Deadly,21,Wampus Cat,Monstrosity,ToB 405
1068,Deadly,2,Purple Worm,Monstrosity,MM 255
1069,Deadly,4,Mandriano' Ancient,Plant,CC 261
1070,Deadly,9,Psychopomp,Celestial,ToB3 28
1071,Deadly,6,Pike Guard Captain,Humanoid,ToB3 166
1072,Deadly,5,Goliath Longlegs,Monstrosity,CC 206
1073,Deadly,12,Hodag,Beast,ToB2 200
1074,Deadly,3,Dragonbone Golem,Construct,FToD 183
1075,Deadly,1,Rainforest King,Fey,ToB3 182
1076,Deadly,21,Gerridae,Fey,ToB 212
1077,Deadly,2,Andrenjinyi,Celestial,ToB 15
1078,Deadly,4,Inquisitor of the Tome,Humanoid,VRgtR 249
1079,Deadly,9,Catamount,Monstrosity,ToB3 74
1080,Deadly,6,Unicorn,Celestial,MM 294
1081,Deadly,5,Yuan-ti Abomination,Monstrosity,MM 308
1082,Deadly,12,Sapper Kobold,Humanoid,ToB3 257
1083,Deadly,3,Ghost Hunter Kobold,Humanoid,ToB3 254
1084,Deadly,1,Isperia,Monstrosity,GGR 227
1085,Deadly,21,Brass Dragon Wyrmling,Dragon,MM 106
1086,Deadly,2,Mordakhesh,Fiend,Ebb 301
1087,Deadly,4,Hound of Tindalos,Aberration,CC 221
1088,Deadly,9,Pesta Hag,Fey,ToB3 227
1089,Deadly,6,Demon' Spree,Fiend,CC 91
1090,Deadly,5,Druid of the Old Ways,Humanoid,GGR 239
1091,Insanity,8,Boreas Chosen,Humanoid,ToB2 48
1092,Insanity,9,Samurai Crab,Beast,ToB3 99
1093,Insanity,6,Idolic Deity,Construct,ToB 255
1094,Insanity,4,Angelic Enforcer,Celestial,ToB2 17
1095,Insanity,5,Oozasis,Ooze,ToB 310
1096,Insanity,14,Merrow Shallowpriest,Monstrosity,EGtW 294
1097,Insanity,19,Roachling Scout,Humanoid,CC 319
1098,Insanity,3,Adult Bronze Dragon,Dragon,MM 108
1099,Insanity,1,Devil' Mammon,Fiend,ToB 99
1100,Insanity,2,Adult Imperial Dragon,Dragon,ToB2 116
1101,Medium,3,Obzedat Ghost,Undead,GGR 245
1102,Medium,10,Awakened Tree,Plant,MM 317
1103,Medium,1,Dragon' Wasteland Adult,Dragon,CC 119
1104,Medium,2,Flying Polyp,Aberration,CC 162
1105,Medium,6,Orc War Chief,Humanoid,MM 246
1106,Medium,9,Flying Horror,Aberration,GGR 203
1107,Medium,5,Gladiator,Humanoid,MM 346
1108,Medium,24,Lizardfolk,Humanoid,MM 204
1109,Medium,4,Category 2 Krasis,Monstrosity,GGR 211
1110,Medium,3,Chain Devil,Fiend,MM 72
1111,Medium,10,Swarm of Poisonous Snakes,Beast,MM 338
1112,Medium,1,Barong,Celestial,CC 49
1113,Medium,2,Radiant Idol,Celestial,Ebb 308
1114,Medium,6,Spawn of Chernobog,Fiend,CC 347
1115,Medium,9,Trapper,Monstrosity,VGM 194
1116,Medium,5,Fierstjerren,Undead,CC 157
1117,Medium,24,Giant Goat,Beast,MM 326
1118,Medium,4,Demon' Echo,Fiend,CC 84
1119,Medium,3,Tarkun the Desiccated,Fey,ToB2 148
1120,Medium,10,Bat' Giant Vampire,Beast,CC 50
1121,Medium,1,Blue Abishai,Fiend,MTF 161
1122,Medium,2,Roc,Monstrosity,MM 260
1123,Medium,6,Ant Queen' Giant,Beast,ToB 23
1124,Medium,9,Wrackwraith,Undead,ToB3 395
1125,Medium,5,Water Elemental,Elemental,MM 125
1126,Medium,24,Scorpion Cultist,Humanoid,ToB 425
1127,Medium,4,Wilderness Crone,Fey,ToB3 392
1128,Medium,3,Young Moonstone Dragon,Dragon,FToD 213
1129,Medium,10,Guardian Archaeopteryx,Beast,ToB3 126
1130,Medium,1,Master of Demon Mtn,Humanoid,CC 264
1131,Hard,18,Brass Dragon Wyrmling,Dragon,MM 106
1132,Hard,10,Water Weird,Elemental,MM 299
1133,Hard,9,Mari Lwyd,Undead,ToB2 257
1134,Hard,3,Skeleton' Monarch,Undead,CC 341
1135,Hard,1,Shoth' Avatar of,Aberration,CC 332
1136,Hard,5,Gloomstalker,Monstrosity,EGtW 291
1137,Hard,4,Young Sea Serpent,Dragon,FToD 219
1138,Hard,6,Ratatosk Warlord,Celestial,CC 314
1139,Hard,2,Malaabit,Fiend,ToB3 186
1140,Hard,18,Trollkin Raider,Humanoid,ToB2 353
1141,Hard,10,Cave Drake,Dragon,ToB2 119
1142,Hard,9,Nian,Monstrosity,CC 276
1143,Hard,3,Bukavac,Monstrosity,ToB 47
1144,Hard,1,Isperia,Monstrosity,GGR 227
1145,Hard,5,Galeb Duhr,Elemental,MM 139
1146,Hard,4,Inquisitor of the Mind Fire,Humanoid,VRgtR 248
1147,Hard,6,Dream Wraith,Undead,CC 135
1148,Hard,2,Elemental' Storm Lord,Elemental,CC 139
1149,Hard,18,Husk Zombie,Undead,EGtW 293
1150,Hard,10,Gnoll Havoc Runner,Humanoid,ToB 230
1151,Hard,9,Stone-Eater Slime,Ooze,ToB3 357
1152,Hard,3,Darakhul Captain,Undead,ToB2 167
1153,Hard,1,Shoth' Avatar of,Aberration,CC 332
1154,Hard,5,Orzhov Giant,Giant,GGR 202
1155,Hard,4,Inquisitor of the Mind Fire,Humanoid,VRgtR 248
1156,Hard,6,Sliepnir,Monstrosity,CC 344
1157,Hard,2,Adult Brass Dragon,Dragon,MM 105
1158,Hard,18,Dire Wolf,Beast,MM 321
1159,Hard,10,Hell Hound,Fiend,MM 182
1160,Hard,9,Lobe Lemur,Monstrosity,ToB3 264
1161,Deadly,1,Ancient Bronze Dragon,Dragon,MM 107
1162,Deadly,14,Doppelganger,Monstrosity,MM 82
1163,Deadly,3,Archmage,Humanoid,MM 342
1164,Deadly,4,Mytholabe,Construct,CC 271
1165,Deadly,5,Hoard Mimic,Monstrosity,FToD 204
1166,Deadly,27,Duergar,Humanoid,MM 122
1167,Deadly,6,Ooze' Blood,Ooze,CC 282
1168,Deadly,2,Hellfire Engine,Construct,MTF 165
1169,Deadly,1,Ancient Sea Dragon,Dragon,ToB 135
1170,Deadly,14,Zombie' Mold,Undead,CC 395
1171,Deadly,3,Ancient Titan,Celestial,ToB 380
1172,Deadly,4,Shukankor,Aberration,ToB2 326
1173,Deadly,5,Ankou Soul Seeker,Dragon,CC 38
1174,Deadly,27,Herd Skulker,Monstrosity,ToB3 231
1175,Deadly,6,Priest of Osybus,Humanoid,VRgtR 241
1176,Deadly,2,Marilith,Fiend,MM 61
1177,Deadly,1,Mind Flayer Lich,Undead,VGM 172
1178,Deadly,14,Clockwork Beetle Swarm,Construct,ToB 61
1179,Deadly,3,Ki-rin,Celestial,VGM 163
1180,Deadly,4,Drake' Spider,Dragon,CC 133
1181,Deadly,5,Feyward Tree,Construct,ToB 200
1182,Deadly,27,Agnibarra,Monstrosity,CC 9
1183,Deadly,6,Necrotech Reaver,Undead,ToB3 288
1184,Deadly,2,Vent Linnorm,Dragon,ToB2 239
1185,Deadly,1,Abhaddanayla Lord of Rakshasas,Fiend,ToB3 184
1186,Deadly,14,Veteran,Humanoid,MM 350
1187,Deadly,3,Yskarakta,Fiend,ToB2 317
1188,Deadly,4,Horakh,Monstrosity,ToB 250
1189,Deadly,5,Young Green Dragon,Dragon,MM 94
1190,Deadly,27,Quasit,Fiend,MM 63
1191,Insanity,1,Zaratan,Monstrosity,ToB 414
1192,Insanity,2,Rainforest King,Fey,ToB3 182
1193,Insanity,4,Elemental' Storm Lord,Elemental,CC 139
1194,Insanity,5,Buraq,Celestial,ToB 48
1195,Insanity,8,Nachzehrer,Undead,CC 272
1196,Insanity,6,Golem' Alchemical,Construct,CC 192
1197,Insanity,12,Fellforged,Construct,ToB 182
1198,Insanity,9,Spirit Lamp,Undead,CC 349
1199,Insanity,3,Marilith,Fiend,MM 61
1200,Insanity,24,Orc Claw of Luthic,Humanoid,VGM 183
1201,Medium,2,Mouse King,Fey,CC 29
1202,Medium,26,Cackling Skeleton,Undead,ToB2 330
1203,Medium,5,Demon' Spree,Fiend,CC 91
1204,Medium,10,Duergar Mind Master,Humanoid,MTF 189
1205,Medium,3,Dune Mimic,Monstrosity,ToB 162
1206,Medium,4,Angel' Song,Celestial,CC 20
1207,Medium,9,Dryad' Duskthorn,Fey,ToB 160
1208,Medium,1,Hierotitan,Construct,TombKings 5
1209,Medium,6,Quagga,Monstrosity,ToB3 325
1210,Medium,2,Behir,Monstrosity,MM 25
1211,Medium,26,Jackalwere,Humanoid,MM 193
1212,Medium,5,Young Deep Dragon,Dragon,FToD 175
1213,Medium,10,Devil' Ink,Fiend,ToB 108
1214,Medium,3,Abaasy,Giant,ToB3 8
1215,Medium,4,Cyclops,Giant,MM 45
1216,Medium,9,Yeti,Monstrosity,MM 305
1217,Medium,1,Hollow Dragon,Undead,FToD 206
1218,Medium,6,Weretiger,Humanoid,MM 210
1219,Medium,2,Ichneumon,Monstrosity,CC 224
1220,Medium,26,Rochade,Fey,ToB3 332
1221,Medium,5,Vila,Fey,ToB 400
1222,Medium,10,Boreal Dragon Wyrmling,Dragon,ToB2 113
1223,Medium,3,Inquisitor of the Tome,Humanoid,VRgtR 249
1224,Medium,4,Devil' Crystalline,Fiend,ToB 105
1225,Medium,9,Demon' Plaresh,Fiend,CC 89
1226,Medium,1,Hollow Dragon,Undead,FToD 206
1227,Medium,6,Niya-Atha Sorcerer,Fey,ToB3 290
1228,Medium,2,Morkoth,Aberration,VGM 178
1229,Medium,26,Simian' Kapi,Humanoid,CC 336
1230,Medium,5,Gargoctopus,Monstrosity,CC 167
1231,Hard,9,Carrion Beetle,Beast,ToB 52
1232,Hard,4,Hezrou,Fiend,MM 60
1233,Hard,1,Ankou Soul Herald,Dragon,CC 37
1234,Hard,6,Yaga Goo,Ooze,CC 389
1235,Hard,10,Hodag,Beast,ToB2 200
1236,Hard,3,Scuncatcher Scarab,Beast,ToB3 338
1237,Hard,2,Adult Void Dragon,Dragon,ToB 139
1238,Hard,5,Dhergoloth,Fiend,MTF 248
1239,Hard,20,Giant Strider,Monstrosity,VGM 143
1240,Hard,9,Neogi Master,Aberration,VGM 180
1241,Hard,4,Corpse Flower,Plant,MTF 127
1242,Hard,1,Primordial Matriarch,Elemental,ToB3 318
1243,Hard,6,Rockchwer Ogre,Giant,ToB3 302
1244,Hard,10,Trapper,Monstrosity,VGM 194
1245,Hard,3,Froghemoth,Monstrosity,VGM 145
1246,Hard,2,Devil' Orobas,Fiend,ToB 111
1247,Hard,5,Shadow Dancer,Humanoid,MTF 225
1248,Hard,20,Ooze' Suppurating,Ooze,CC 288
1249,Hard,9,Oracle,Humanoid,MOoT 238
1250,Hard,4,Relentless Slasher,Fiend,VRgtR 242
1251,Hard,1,Ancient Black Dragon,Dragon,MM 87
1252,Hard,6,Lindwurm,Dragon,ToB 276
1253,Hard,10,Werecrocodile,Humanoid,ToB3 265
1254,Hard,3,Peat Mammoth,Plant,ToB2 293
1255,Hard,2,Death Tyrant,Undead,MM 29
1256,Hard,5,Demon' Vellso,Fiend,CC 92
1257,Hard,20,Nihilethic Zombie,Undead,ToB 9
1258,Hard,9,Death Vulture,Monstrosity,ToB2 81
1259,Hard,4,Young Boreal Dragon,Dragon,ToB2 112
1260,Hard,1,Greater Star Spawn Emissary,Aberration,VRgtR 245
1261,Deadly,9,Wraith,Undead,MM 302
1262,Deadly,30,Grindylow,Aberration,CC 210
1263,Deadly,1,Ancient Amethyst Dragon,Dragon,FToD 160
1264,Deadly,8,Ruin Scarab,Undead,ToB3 337
1265,Deadly,5,Inquisitor of the Mind Fire,Humanoid,VRgtR 248
1266,Deadly,3,Incarnate Gloom,Undead,ToB2 213
1267,Deadly,4,Giant' Cave,Giant,CC 182
1268,Deadly,10,Servant of Yig,Aberration,CC 325
1269,Deadly,6,Giant Husk,Undead,ToB2 205
1270,Deadly,2,Adult Wind Dragon,Dragon,ToB 143
1271,Deadly,9,Jack of Strings,Fey,ToB2 218
1272,Deadly,30,Kobold Trapsmith,Humanoid,ToB 264
1273,Deadly,1,Elder Tempest,Elemental,MTF 200
1274,Deadly,8,Chasme,Fiend,MM 57
1275,Deadly,5,Golem' Fractal,Construct,CC 198
1276,Deadly,3,Devil Shark,Monstrosity,CC 98
1277,Deadly,4,Forgotten Regent,Undead,ToB3 188
1278,Deadly,10,Zimwi,Giant,ToB 415
1279,Deadly,6,Venom Troll,Giant,MTF 245
1280,Deadly,2,Draconic Shard,Undead,FToD 181
1281,Deadly,9,Shantak,Monstrosity,CC 328
1282,Deadly,30,Kobold Trapsmith,Humanoid,ToB 264
1283,Deadly,1,Iilari'jil The Fire of Forgotten Hope,Celestial,ToB3 24
1284,Deadly,8,Mulcher,Plant,ToB3 191
1285,Deadly,5,War Priest,Humanoid,CC 411
1286,Deadly,3,Countess of Garlands,Fey,ToB3 178
1287,Deadly,4,Dragonflesh Golem,Construct,ToB2 180
1288,Deadly,10,Pech' Stonemaster,Elemental,CC 295
1289,Deadly,6,Scrag' Greater,Monstrosity,CC 322
1290,Deadly,2,Fey Lord' Moonlit King,Fey,ToB 190
1291,Insanity,27,Swarm of Maggots,Beast,VRgtR 247
1292,Insanity,5,Gynosphinx,Monstrosity,MM 282
1293,Insanity,4,Devkarin Lich,Undead,GGR 198
1294,Insanity,3,Dragon' Wasteland Adult,Dragon,CC 119
1295,Insanity,6,Summer Eladrin,Fey,MTF 196
1296,Insanity,8,Truant Devourer,Undead,ToB3 378
1297,Insanity,12,Nehekhara Tomb Guard,Undead,TombKings 2
1298,Insanity,2,Ancient Black Dragon,Dragon,MM 87
1299,Insanity,10,Tidehunter,Monstrosity,ToB2 348
1300,Insanity,9,Devil' Lunar,Fiend,ToB 110
1301,Medium,8,Ogre Battering Ram,Giant,MTF 220
1302,Medium,5,Leonin Iconoclast,Humanoid,MOoT 232
1303,Medium,12,Scrofin,Fey,ToB2 319
1304,Medium,1,Zirnitran,Celestial,ToB3 31
1305,Medium,2,Maelstrom Devil,Fiend,ToB3 122
1306,Medium,4,Deathwisp,Undead,ToB 72
1307,Medium,3,Brine Hag,Fey,ToB3 225
1308,Medium,8,The Flesh,Aberration,ToB3 367
1309,Medium,5,Galvanic Blastseeker,Humanoid,GGR 243
1310,Medium,12,Swarm of Esteron,Beast,ToB2 400
1311,Medium,1,Leviathan,Elemental,MTF 198
1312,Medium,2,Flutterflesh,Undead,ToB 203
1313,Medium,4,Golem' Armory,Construct,CC 194
1314,Medium,3,Kobold War Machine,Construct,ToB2 233
1315,Medium,8,Gnyan,Elemental,ToB3 210
1316,Medium,5,Arachnocrat,Fiend,ToB2 102
1317,Medium,12,Flame Eater Swarm,Beast,CC 158
1318,Medium,1,Ghoul' Emperor,Undead,ToB 218
1319,Medium,2,Archon of Falling Stars,Celestial,MOoT 212
1320,Medium,4,Young Topaz Dragon,Dragon,FToD 223
1321,Medium,3,Treant,Plant,MM 289
1322,Medium,8,Crystallite,Giant,ToB3 100
1323,Medium,5,Roper,Monstrosity,MM 261
1324,Medium,12,Rug of Smothering,Construct,MM 20
1325,Medium,1,Nightwalker,Undead,MTF 216
1326,Medium,2,Frost Giant Everlasting One,Giant,VGM 148
1327,Medium,4,Caldera Kite,Monstrosity,ToB3 71
1328,Medium,3,Animated Offal,Ooze,ToB3 38
1329,Medium,8,Amber Ooze,Ooze,ToB2 277
1330,Medium,5,Battleforce Angel,Celestial,GGR 189
1331,Hard,12,Flitterstep Eidolon,Undead,MOoT 222
1332,Hard,2,Core Spawn Worm,Aberration,EGtW 287
1333,Hard,8,Shadow Lurker,Fey,ToB3 342
1334,Hard,3,Crater Drake,Dragon,ToB2 120
1335,Hard,6,Sapphire Jelly,Ooze,ToB2 312
1336,Hard,5,Ley Wanderer,Aberration,ToB3 260
1337,Hard,1,Jarad Vod Savo,Undead,GGR 235
1338,Hard,22,Horncaller,Humanoid,GGR 253
1339,Hard,4,Ziphius,Aberration,CC 392
1340,Hard,12,Sahuagin Warlock of Uk'otoa,Humanoid,EGtW 297
1341,Hard,2,Core Spawn Worm,Aberration,EGtW 287
1342,Hard,8,Sarcophagus Slime,Undead,ToB 336
1343,Hard,3,Riptide Drake,Dragon,ToB3 155
1344,Hard,6,Pyrite Pile,Elemental,ToB3 323
1345,Hard,5,Crystaline Monolith,Aberration,ToB2 78
1346,Hard,1,Zaratan,Elemental,MTF 201
1347,Hard,22,Moorbounder,Beast,EGtW 295
1348,Hard,4,Ziphius,Aberration,CC 392
1349,Hard,12,Sluagh Swarm,Fey,ToB 376
1350,Hard,2,Adult Green Dragon,Dragon,MM 94
1351,Hard,8,Undine,Fey,CC 362
1352,Hard,3,Mouse King,Fey,CC 29
1353,Hard,6,Gulon,Monstrosity,CC 212
1354,Hard,5,Elves' Shadow Fey' Enchantress,Humanoid,ToB 172
1355,Hard,1,Demon Lord of Bats and Fire Camazotz,Fiend,ToB 85
1356,Hard,22,Giant Snow Beetle,Beast,ToB2 39
1357,Hard,4,Dragonborn of Bahamut,Humanoid,FToD 184
1358,Hard,12,Hodag,Beast,ToB2 200
1359,Hard,2,Queen of Cats,Fey,CC 33
1360,Hard,8,Yuan-ti Pit Master,Monstrosity,VGM 206
1361,Deadly,4,Field Commander,Humanoid,ToB3 406
1362,Deadly,5,Incandescent One,Celestial,ToB3 244
1363,Deadly,1,Ancient Gold Dragon,Dragon,MM 113
1364,Deadly,12,Jubjub Bird,Beast,ToB3 247
1365,Deadly,8,Clockwork Assassin,Construct,CC 64
1366,Deadly,6,Splinter Matron,Fey,ToB3 352
1367,Deadly,2,Lava Keeper,Elemental,ToB2 235
1368,Deadly,9,Scribe Devil,Fiend,ToB2 105
1369,Deadly,3,Demon Lord' Chittr’k’k,Fiend,CC 76
1370,Deadly,4,Luck Leech,Fey,ToB2 241
1371,Deadly,5,Ushabti,Construct,ToB 394
1372,Deadly,1,Ancient Void Dragon,Dragon,ToB 138
1373,Deadly,12,Fleshspurned,Undead,ToB2 153
1374,Deadly,8,Tar Ooze,Ooze,ToB2 281
1375,Deadly,6,Origami Golem,Construct,ToB3 217
1376,Deadly,2,Hollow Dragon,Undead,FToD 206
1377,Deadly,9,Ratatosk Warlord,Celestial,CC 314
1378,Deadly,3,Neothelid,Aberration,VGM 181
1379,Deadly,4,Drudge Pitcher,Plant,ToB3 161
1380,Deadly,5,Thornheart Guardian,Construct,ToB2 346
1381,Deadly,1,Iorvensiav Lady of the Unforgiving Cold,Fiend,ToB3 117
1382,Deadly,12,Rum Lord,Fey,ToB2 185
1383,Deadly,8,Mortifera,Aberration,ToB3 278
1384,Deadly,6,Spark,Elemental,ToB 357
1385,Deadly,2,Fey Lord of the Hunt,Fey,ToB 188
1386,Deadly,9,Shadow Lurker,Fey,ToB3 342
1387,Deadly,3,Dinosaur' Spinosaurus,Beast,ToB 116
1388,Deadly,4,Pumpkin King,Fey,ToB2 298
1389,Deadly,5,Thornheart Guardian,Construct,ToB2 346
1390,Deadly,1,The Curator Hell's Collector,Fiend,ToB2 101
1391,Insanity,30,Cave Bear,Beast,MM 334
1392,Insanity,5,Erinyes,Fiend,MM 73
1393,Insanity,4,Commander of Horn and Gold,Fey,ToB2 145
1394,Insanity,3,Ancient Deep Dragon,Dragon,FToD 173
1395,Insanity,8,Demon' Malakbel,Fiend,ToB 78
1396,Insanity,2,Lich (in lair),Undead,MM 202
1397,Insanity,10,Tumor Troll,Giant,ToB3 375
1398,Insanity,19,Korrigan,Fey,CC 242
1399,Insanity,6,Blood Flurry,Aberration,ToB3 63
1400,Insanity,9,Githyanki Knight,Humanoid,MM 160
1401,Medium,6,Dream Eater,Fiend,ToB 158
1402,Medium,9,The Flesh,Aberration,ToB3 367
1403,Medium,3,Myrmex Speaker,Elemental,ToB3 284
1404,Medium,5,Young Brass Dragon,Dragon,MM 105
1405,Medium,4,Bodytaker Plant,Plant,VRgtR 227
1406,Medium,2,Mask Wight,Undead,ToB 285
1407,Medium,1,Ancient Prismatic Dragon,Dragon,ToB3 141
1408,Medium,14,Flame Eater Swarm,Beast,CC 158
1409,Medium,6,Far Dorocha,Fey,ToB2 142
1410,Medium,9,Bereginyas,Fey,ToB 36
1411,Medium,3,Fulminar,Elemental,CC 165
1412,Medium,5,Core Spawn Emissary,Aberration,EGtW 286
1413,Medium,4,Pyrrhic Podthrower,Plant,ToB3 324
1414,Medium,2,Infernal Tutor,Fiend,ToB3 121
1415,Medium,1,Ancient Prismatic Dragon,Dragon,ToB3 141
1416,Medium,14,Chimeric Phantom,Undead,ToB2 63
1417,Medium,6,Starving Specter,Undead,ToB3 356
1418,Medium,9,Monkey's Bane Vine,Plant,ToB3 273
1419,Medium,3,Golem' Lotus,Construct,CC 202
1420,Medium,5,Sanddrift Drake,Dragon,ToB2 127
1421,Medium,4,Midnight Sun,Aberration,ToB3 270
1422,Medium,2,Life Broker,Fey,ToB3 261
1423,Medium,1,Astral Dreadnought,Monstrosity,MTF 117
1424,Medium,14,Awakened Tree,Plant,MM 317
1425,Medium,6,Scribe Devil,Fiend,ToB2 105
1426,Medium,9,Selang,Fey,ToB 341
1427,Medium,3,Garmvvolf,Monstrosity,ToB3 194
1428,Medium,5,Clockwork Mantis,Construct,ToB2 67
1429,Medium,4,Ningyo,Aberration,CC 278
1430,Medium,2,Countess of Garlands,Fey,ToB3 178
1431,Hard,4,Warmth Thief,Fey,ToB2 366
1432,Hard,3,Dullahan,Fey,ToB 161
1433,Hard,5,Sword Wraith Commander,Undead,MTF 241
1434,Hard,2,Githzerai Anarch,Humanoid,MTF 207
1435,Hard,14,Derro Savant,Humanoid,MTF 159
1436,Hard,1,Mind Flayer Lich,Undead,VGM 172
1437,Hard,25,Rakdos Performer,Humanoid,GGR 249
1438,Hard,6,Chimera,Monstrosity,MM 39
1439,Hard,8,Fleshdreg,Plant,ToB2 152
1440,Hard,4,Ammut,Celestial,CC 15
1441,Hard,3,Eye Golem,Construct,ToB 233
1442,Hard,5,Mind Flayer Arcanist,Aberration,MM 222
1443,Hard,2,Bathael The Exiled Lord,Fiend,ToB2 87
1444,Hard,14,Far Darrig,Fey,ToB 179
1445,Hard,1,Ancient Sea Dragon,Dragon,ToB 135
1446,Hard,25,Brownie,Fey,ToB3 69
1447,Hard,6,Mamura,Aberration,ToB 284
1448,Hard,8,Drake' Moon,Dragon,CC 129
1449,Hard,4,Demon' Yek Alpha,Fiend,CC 95
1450,Hard,3,Demon' Berstuc,Fiend,ToB 76
1451,Hard,5,Inquisitor of the Tome,Humanoid,VRgtR 249
1452,Hard,2,Adult Prismatic Dragon,Dragon,ToB3 142
1453,Hard,14,War Chaplain,Humanoid,CC 410
1454,Hard,1,Lich (in lair),Undead,MM 202
1455,Hard,25,Clawfoot,Beast,Ebb 289
1456,Hard,6,Ghost Boar' Elder,Monstrosity,CC 169
1457,Hard,8,Tosculi Elite Bow Raider,Monstrosity,ToB 386
1458,Hard,4,Gray Slaad,Aberration,MM 277
1459,Hard,3,Black Crier,Undead,ToB2 42
1460,Hard,5,Frost Giant,Giant,MM 155
1461,Deadly,3,Khodumodumo,Monstrosity,ToB2 229
1462,Deadly,2,Demon Lord' Chemosh,Fiend,CC 75
1463,Deadly,12,De Ogen,Undead,ToB2 80
1464,Deadly,6,Magma Octopus,Elemental,ToB2 251
1465,Deadly,8,Mei Jiao Shou,Beast,ToB2 259
1466,Deadly,5,Lich' Hierophant,Undead,CC 252
1467,Deadly,4,Goblin Siege Engine,Construct,ToB3 211
1468,Deadly,1,Devil' Totivillus' Scribe of Hell,Fiend,ToB 101
1469,Deadly,9,Rotting Wind,Undead,ToB 330
1470,Deadly,3,Githyanki Supreme Commander,Humanoid,MTF 206
1471,Deadly,2,Demon Lord' Chemosh,Fiend,CC 75
1472,Deadly,12,Firebird,Celestial,ToB 201
1473,Deadly,6,Nivix Cyclops,Giant,GGR 216
1474,Deadly,8,A-Mi-Kuk,Aberration,ToB2 15
1475,Deadly,5,Nehekhara Tomb Prince,Undead,TombKings 9
1476,Deadly,4,Eye Golem,Construct,ToB 233
1477,Deadly,1,Ancient Dragon Turtle,Dragon,FToD 191
1478,Deadly,9,Fate Eater,Aberration,ToB 180
1479,Deadly,3,Graknork,Monstrosity,ToB2 182
1480,Deadly,2,Living Star,Celestial,CC 256
1481,Deadly,12,Iron Cobra,Construct,MTF 125
1482,Deadly,6,Copperkill Slime,Ooze,ToB3 94
1483,Deadly,8,Young Copper Dragon,Dragon,MM 111
1484,Deadly,5,Reef Drake,Dragon,ToB3 154
1485,Deadly,4,Crater Drake,Dragon,ToB2 120
1486,Deadly,1,Iorvensiav Lady of the Unforgiving Cold,Fiend,ToB3 117
1487,Deadly,9,Death Butterfly Swarm' Greater,Beast,ToB 71
1488,Deadly,3,Grimmlet Swarm,Monstrosity,ToB2 187
1489,Deadly,2,Dawnfly,Beast,ToB3 104
1490,Deadly,12,Forest Marauder,Giant,ToB 205
1491,Insanity,12,Naizu-Ha,Fey,ToB2 223
1492,Insanity,8,Sathaq Worm,Elemental,ToB 337
1493,Insanity,1,Sul Khatesh,Fiend,Ebb 304
1494,Insanity,10,Vampiric Vanguard,Undead,ToB3 383
1495,Insanity,6,Abominable Beauty,Elemental,ToB 11
1496,Insanity,4,Arcane Leviathan,Construct,ToB3 40
1497,Insanity,2,Ancient Silver Dragon,Dragon,MM 116
1498,Insanity,5,Adult Topaz Dragon,Dragon,FToD 221
1499,Insanity,9,Guardian Giant,Giant,GGR 201
1500,Insanity,21,Woe Siphon,Fey,ToB2 373
1501,Medium,19,Conniption Bug,Beast,ToB3 93
1502,Medium,6,Scribe Devil,Fiend,ToB2 105
1503,Medium,5,Mouth of Grolantor,Giant,VGM 149
1504,Medium,9,Mindshard,Aberration,ToB3 271
1505,Medium,2,Cadaver Collector,Construct,MTF 122
1506,Medium,10,Displacer Beast,Monstrosity,MM 81
1507,Medium,3,Young Dragon Turtle,Dragon,FToD 192
1508,Medium,4,Blestsessebe,Celestial,ToB3 61
1509,Medium,1,Primordial Matriarch,Elemental,ToB3 318
1510,Medium,19,Thorny,Plant,VGM 197
1511,Medium,6,Willowhaunt,Undead,ToB2 369
1512,Medium,5,Tidehunter,Monstrosity,ToB2 348
1513,Medium,9,Babau,Fiend,VGM 136
1514,Medium,2,Dragon' Clockwork 3-Head,Construct,CC 112
1515,Medium,10,Snake with a Hundred Mage Hands,Monstrosity,ToB2 333
1516,Medium,3,Death Slaad,Aberration,MM 278
1517,Medium,4,Ala,Fey,ToB 13
1518,Medium,1,Astral Dreadnought,Monstrosity,MTF 117
1519,Medium,19,Ooze' Alchemical App,Ooze,CC 281
1520,Medium,6,Bone Knight,Humanoid,Ebb 316
1521,Medium,5,Mortifera,Aberration,ToB3 278
1522,Medium,9,Guiguai,Undead,ToB2 188
1523,Medium,2,Drow Inquisitor,Humanoid,MTF 184
1524,Medium,10,Karrnathi Undead Soldier,Undead,Ebb 295
1525,Medium,3,Salt Golem,Construct,ToB 235
1526,Medium,4,Bone Collective,Undead,ToB 39
1527,Medium,1,Monkey King,Celestial,CC 337
1528,Medium,19,Quickling,Fey,VGM 187
1529,Medium,6,Flayed Wraith,Undead,ToB2 151
1530,Medium,5,Chimera,Monstrosity,MM 39
1531,Hard,6,Dire Wildebeest,Beast,ToB3 134
1532,Hard,4,Ushabti,Construct,ToB 394
1533,Hard,28,Glass Gator,Beast,ToB 228
1534,Hard,5,Inquisitor of the Sword,Humanoid,VRgtR 249
1535,Hard,1,Demon Lord of the Devouring Worm Qorgeth,Fiend,ToB 90
1536,Hard,8,Clockwork Myrmidon,Construct,ToB 64
1537,Hard,10,Flameskull,Undead,MM 134
1538,Hard,3,Arcanaloth,Fiend,MM 313
1539,Hard,2,Blue Abishai,Fiend,MTF 161
1540,Hard,9,Salamander,Elemental,MM 266
1541,Hard,6,Dissimortuum,Undead,ToB 119
1542,Hard,4,Garmvvolf,Monstrosity,ToB3 194
1543,Hard,28,Angel' Eye of the Gods,Celestial,CC 16
1544,Hard,5,Venom Drake,Dragon,ToB3 158
1545,Hard,1,Demon Lord of the Devouring Worm Qorgeth,Fiend,ToB 90
1546,Hard,8,Bloom Hydra,Plant,ToB2 207
1547,Hard,10,Arcanaphage,Monstrosity,CC 42
1548,Hard,3,Hoard Golem,Construct,ToB 234
1549,Hard,2,Elemental Locus,Elemental,ToB 169
1550,Hard,9,Vampire Spawn,Undead,MM 298
1551,Hard,6,Water Elemental Myrmidon,Elemental,MTF 203
1552,Hard,4,Flame-Scourged Scion,Aberration,CC 159
1553,Hard,28,Mountain Strider,Monstrosity,ToB2 261
1554,Hard,5,Oliphaunt,Beast,CC 280
1555,Hard,1,Ancient Silver Dragon,Dragon,MM 116
1556,Hard,8,Sanddrift Drake,Dragon,ToB2 127
1557,Hard,10,Ostinato,Aberration,ToB 312
1558,Hard,3,First Servant,Humanoid,ToB3 407
1559,Hard,2,Draconic Shard,Undead,FToD 181
1560,Hard,9,Moderate Malleable,Aberration,ToB2 253
1561,Deadly,3,Snallygaster,Aberration,ToB3 348
1562,Deadly,1,Marut,Construct,MTF 213
1563,Deadly,4,Illhveli Kembingur,Monstrosity,ToB2 211
1564,Deadly,5,Thornheart Guardian,Construct,ToB2 346
1565,Deadly,9,Gryllus Swarm,Construct,ToB3 361
1566,Deadly,19,Scrofin,Fey,ToB2 319
1567,Deadly,2,Harbinger of Wrath,Construct,ToB2 193
1568,Deadly,8,Cueyatl Warchief,Humanoid,ToB3 101
1569,Deadly,6,Tzepharion,Fiend,ToB2 106
1570,Deadly,14,Ant Queen' Giant,Beast,ToB 23
1571,Deadly,3,Andrenjinyi,Celestial,ToB 15
1572,Deadly,1,Arch-Devil' Parzelon,Fiend,CC 101
1573,Deadly,4,Gray Render,Monstrosity,MTF 209
1574,Deadly,5,Infested Duelist,Humanoid,ToB3 409
1575,Deadly,9,Dragonborn of Sardior,Humanoid,FToD 185
1576,Deadly,19,Quaggoth,Humanoid,MM 256
1577,Deadly,2,Leviathan,Elemental,MTF 198
1578,Deadly,8,Sentinel in Darkness,Construct,CC 323
1579,Deadly,6,Aeorian Reverser,Monstrosity,EGtW 284
1580,Deadly,14,Setessan Hoplite,Humanoid,MOoT 299
1581,Deadly,3,Adult Sapphire Dragon,Dragon,FToD 215
1582,Deadly,1,Arch-Devil' Parzelon,Fiend,CC 101
1583,Deadly,4,First Servant,Humanoid,ToB3 407
1584,Deadly,5,Darakhul Captain,Undead,ToB2 167
1585,Deadly,9,Vapor Drake,Dragon,ToB3 157
1586,Deadly,19,Berserker,Humanoid,MM 344
1587,Deadly,2,Ancient Brass Dragon,Dragon,MM 104
1588,Deadly,8,Herald of Darkness,Fiend,ToB 249
1589,Deadly,6,Angel' Chained,Celestial,ToB 20
1590,Deadly,14,Orc War Chief,Humanoid,MM 246
1591,Insanity,8,Undying Councilor,Undead,Ebb 311
1592,Insanity,14,Bloodfray Giant,Giant,GGR 200
1593,Insanity,1,Rak Tulkhesh,Fiend,Ebb 303
1594,Insanity,4,Githzerai Anarch,Humanoid,MTF 207
1595,Insanity,3,Rhopalocerex Demon Lord of Deception,Fiend,ToB2 90
1596,Insanity,10,Voidclaw Zombie,Undead,ToB3 401
1597,Insanity,9,Nehekhara Tomb Prince,Undead,TombKings 9
1598,Insanity,24,Snake with a Hundred Mage Hands,Monstrosity,ToB2 333
1599,Insanity,2,Ancient Sand Dragon,Dragon,ToB3 145
1600,Insanity,6,Devil' Koralk (Harvester Devil),Fiend,ToB 108
1601,Medium,4,Dimensional Shambler,Aberration,ToB2 107
1602,Medium,2,Hundred-Handed One,Giant,MOoT 225
1603,Medium,5,Mind Flayer,Aberration,MM 222
1604,Medium,8,Shambling Mound,Plant,MM 270
1605,Medium,23,Imp,Fiend,MM 76
1606,Medium,1,Ancient Sea Dragon,Dragon,ToB 135
1607,Medium,6,Ashen Custodian,Fey,ToB2 29
1608,Medium,3,Valkyrie,Celestial,ToB 396
1609,Medium,12,Kobold' Swolbold,Humanoid,CC 240
1610,Medium,4,Skeleton' Monarch,Undead,CC 341
1611,Medium,2,Vampire (spellcaster),Undead,MM 297
1612,Medium,5,Black Paw,Humanoid,Skaven 17
1613,Medium,8,Nehekhara Tomb Warden,Undead,TombKings 1
1614,Medium,23,Chamrosh,Celestial,ToB2 59
1615,Medium,1,Arch-Devil' Belphegor,Fiend,CC 100
1616,Medium,6,Troll' Desert,Giant,CC 356
1617,Medium,3,Grivid,Aberration,ToB3 221
1618,Medium,12,Hungry Ghost' Preta,Undead,CC 223
1619,Medium,4,Nehekhara Tomb Prince,Undead,TombKings 9
1620,Medium,2,Commander of Horn and Gold,Fey,ToB2 145
1621,Medium,5,Chelicerae,Aberration,ToB 54
1622,Medium,8,Ravenfolk Doom Croaker (Kenku),Humanoid,ToB 322
1623,Medium,23,Dire Wolf,Beast,MM 321
1624,Medium,1,Lich (in lair),Undead,MM 202
1625,Medium,6,Merchant Captain,Humanoid,ToB3 410
1626,Medium,3,Grivid,Aberration,ToB3 221
1627,Medium,12,Beach Weird,Elemental,ToB3 52
1628,Medium,4,Pine Doom,Plant,ToB2 295
1629,Medium,2,Adult Sapphire Dragon,Dragon,FToD 215
1630,Medium,5,Caldera Kite,Monstrosity,ToB3 71
1631,Hard,4,Goblin Siege Engine,Construct,ToB3 211
1632,Hard,1,The Curator Hell's Collector,Fiend,ToB2 101
1633,Hard,6,Dragonborn of Bahamut,Humanoid,FToD 184
1634,Hard,12,Astralsupial,Beast,ToB3 46
1635,Hard,8,Chatterlome,Fiend,ToB2 60
1636,Hard,5,Abhorrent Overlord,Fiend,MOoT 219
1637,Hard,3,Angry Sorrowsworn,Monstrosity,MTF 231
1638,Hard,2,The Lord of Blades,Humanoid,Ebb 300
1639,Hard,9,Rat King,Monstrosity,ToB 318
1640,Hard,4,Roc,Monstrosity,MM 260
1641,Hard,1,Ancient Boreal Dragon,Dragon,ToB2 110
1642,Hard,6,Tzepharion,Fiend,ToB2 106
1643,Hard,12,Jubjub Bird,Beast,ToB3 247
1644,Hard,8,Grick Alpha,Monstrosity,MM 173
1645,Hard,5,Cloud Giant,Giant,MM 154
1646,Hard,3,Adult Brass Dragon,Dragon,MM 105
1647,Hard,2,Amnizu,Fiend,MTF 164
1648,Hard,9,Sliepnir,Monstrosity,CC 344
1649,Hard,4,Ichneumon,Monstrosity,CC 224
1650,Hard,1,Iorvensiav Lady of the Unforgiving Cold,Fiend,ToB3 117
1651,Hard,6,Nivix Cyclops,Giant,GGR 216
1652,Hard,12,Ortifex,Undead,ToB2 287
1653,Hard,8,Draegloth,Fiend,VGM 141
1654,Hard,5,Lich' Hierophant,Undead,CC 252
1655,Hard,3,Carnivorous Ship,Monstrosity,ToB2 56
1656,Hard,2,Borborygmos,Giant,GGR 238
1657,Hard,9,Myrmex,Elemental,ToB3 283
1658,Hard,4,Ichneumon,Monstrosity,CC 224
1659,Hard,1,Ancient Flame Dragon,Dragon,ToB 128
1660,Hard,6,Idolic Deity,Construct,ToB 255
1661,Deadly,23,Void Dragon Wyrmling,Dragon,ToB 140
1662,Deadly,9,Vampiric Vanguard,Undead,ToB3 383
1663,Deadly,1,Ancient Imperial Dragon,Dragon,ToB2 115
1664,Deadly,8,Young Green Dragon,Dragon,MM 94
1665,Deadly,3,Angel' Ophanim,Celestial,CC 18
1666,Deadly,6,Thornheart Guardian,Construct,ToB2 346
1667,Deadly,5,Drow Shadowblade,Humanoid,MTF 187
1668,Deadly,10,Three-Headed Cobra,Monstrosity,CC 354
1669,Deadly,2,Devil' Arbeyach,Fiend,ToB 95
1670,Deadly,4,Adult White Dragon,Dragon,MM 101
1671,Deadly,23,Bilge Gremlin Bosun,Fey,ToB3 219
1672,Deadly,9,Warlock’s Trumpetbloom,Plant,CC 372
1673,Deadly,1,Gem Greatwyrm,Dragon,FToD 201
1674,Deadly,8,Qwyllion,Fey,ToB 316
1675,Deadly,3,Storm Giant Quintessent,Giant,VGM 151
1676,Deadly,6,Kobold War Machine,Construct,ToB2 233
1677,Deadly,5,Voidling,Aberration,ToB 404
1678,Deadly,10,Air Elemental,Elemental,MM 124
1679,Deadly,2,Ancient Black Dragon,Dragon,MM 87
1680,Deadly,4,Young Red Shadow Dragon,Dragon,MM 85
1681,Deadly,23,Hybrid Flyer,Humanoid,GGR 217
1682,Deadly,9,Stone Giant,Giant,MM 156
1683,Deadly,1,Niv-Mizzet,Dragon,GGR 241
1684,Deadly,8,Wanyudo,Fiend,ToB2 364
1685,Deadly,3,Adult Flame Dragon,Dragon,ToB 129
1686,Deadly,6,Gulper Behemoth,Monstrosity,ToB2 190
1687,Deadly,5,Balhannoth,Aberration,MTF 118
1688,Deadly,10,Otyugh,Aberration,MM 248
1689,Deadly,2,Dread Examiner,Aberration,ToB3 160
1690,Deadly,4,Drow Arachnomancer,Humanoid,MTF 182
1691,Insanity,9,Winter Eladrin,Fey,MTF 197
1692,Insanity,2,Rakdos,Fiend,GGR 247
1693,Insanity,8,Alkilith,Fiend,MTF 130
1694,Insanity,10,Nivix Cyclops,Giant,GGR 216
1695,Insanity,19,Animated Bearskin Rug,Construct,ToB2 24
1696,Insanity,3,Fey Queen of Night and Magic,Fey,ToB 192
1697,Insanity,5,Shadow Giant,Giant,ToB2 173
1698,Insanity,14,Pyrrhic Podthrower,Plant,ToB3 324
1699,Insanity,4,Demon Lord' Rangda,Fiend,CC 79
1700,Insanity,6,Adult Brass Dragon,Dragon,MM 105
1701,Medium,14,Grolar Bear,Beast,ToB3 222
1702,Medium,1,Mind Flayer Lich,Undead,VGM 172
1703,Medium,6,Rotting Wind,Undead,ToB 330
1704,Medium,3,Young Imperial Dragon,Dragon,ToB2 117
1705,Medium,25,Satyr Reveler,Fey,MOoT 242
1706,Medium,4,Oasis Keeper,Monstrosity,ToB2 273
1707,Medium,8,Sasquatch,Beast,ToB2 314
1708,Medium,5,Young Moonstone Dragon,Dragon,FToD 213
1709,Medium,2,Arcane Leviathan,Construct,ToB3 40
1710,Medium,14,Pale Screamer,Aberration,ToB2 290
1711,Medium,1,Dragon' Light' Ancient,Dragon,CC 116
1712,Medium,6,Ghost Dwarf,Undead,CC 171
1713,Medium,3,Devil' Koralk (Harvester Devil),Fiend,ToB 108
1714,Medium,25,Clockwork Pugalist,Construct,ToB3 88
1715,Medium,4,Golem' Alchemical,Construct,CC 192
1716,Medium,8,Beholder Zombie,Undead,MM 316
1717,Medium,5,Tyrannosaurus Rex,Beast,MM 80
1718,Medium,2,Star Spawn Larva Mage,Aberration,MTF 235
1719,Medium,14,Grolar Bear,Beast,ToB3 222
1720,Medium,1,Lady Illmarrow,Undead,Ebb 297
1721,Medium,6,Ogrepede,Undead,ToB2 275
1722,Medium,3,Ghost Hunter Kobold,Humanoid,ToB3 254
1723,Medium,25,Iceworm,Monstrosity,ToB3 241
1724,Medium,4,Horakh,Monstrosity,ToB 250
1725,Medium,8,Dragonblood Ooze,Ooze,FToD 182
1726,Medium,5,Young Bronze Dragon,Dragon,MM 108
1727,Medium,2,Steel Predator,Construct,MTF 239
1728,Medium,14,Bearded Devil,Fiend,MM 70
1729,Medium,1,Lady Illmarrow,Undead,Ebb 297
1730,Medium,6,Zombie Clot,Undead,VRgtR 255
1731,Hard,8,Eonic Savant,Humanoid,ToB2 137
1732,Hard,4,Valkyrie,Celestial,ToB 396
1733,Hard,6,Assassin,Humanoid,MM 343
1734,Hard,3,Deathpact Angel,Celestial,GGR 191
1735,Hard,9,Gbahali,Beast,ToB 209
1736,Hard,5,Golem' Lotus,Construct,CC 202
1737,Hard,2,Shoggoth,Aberration,ToB 347
1738,Hard,12,Necrophage Ghast,Undead,CC 175
1739,Hard,1,Ancient Dragon Turtle,Dragon,FToD 191
1740,Hard,8,Troll' Lake,Giant,ToB 389
1741,Hard,4,Eye Golem,Construct,ToB 233
1742,Hard,6,Voidwracked Mage,Humanoid,CC 409
1743,Hard,3,Fire Giant Dreadnought,Giant,VGM 147
1744,Hard,9,Samurai Crab,Beast,ToB3 99
1745,Hard,5,Rot Troll,Giant,MTF 244
1746,Hard,2,Shoggoth,Aberration,ToB 347
1747,Hard,12,Death Butterfly Swarm,Beast,ToB 71
1748,Hard,1,The Curator Hell's Collector,Fiend,ToB2 101
1749,Hard,8,Black Abishai,Fiend,MTF 160
1750,Hard,4,Adult Deep Dragon,Dragon,FToD 174
1751,Hard,6,Inquisitor of the Tome,Humanoid,VRgtR 249
1752,Hard,3,Howler of the Abyss,Aberration,ToB3 236
1753,Hard,9,Drake' Fey,Dragon,CC 127
1754,Hard,5,Golem' Lotus,Construct,CC 202
1755,Hard,2,Living Star,Celestial,CC 256
1756,Hard,12,Elophar,Undead,CC 149
1757,Hard,1,Iorvensiav Lady of the Unforgiving Cold,Fiend,ToB3 117
1758,Hard,8,Young Copper Dragon,Dragon,MM 111
1759,Hard,4,Dragonborn' Ouroban,Humanoid,CC 125
1760,Hard,6,Cyonaxin,Celestial,ToB3 102
1761,Deadly,2,Shoth' Avatar of,Aberration,CC 332
1762,Deadly,8,Savager,Beast,ToB 338
1763,Deadly,12,Far Dorocha,Fey,ToB2 142
1764,Deadly,1,Niv-Mizzet,Dragon,GGR 241
1765,Deadly,9,Avalanche Screamer,Aberration,ToB2 35
1766,Deadly,5,Mouse King,Fey,CC 29
1767,Deadly,4,Queen of Scorpions,Fey,ToB2 21
1768,Deadly,25,Umbral Shambler,Aberration,ToB3 380
1769,Deadly,6,Plague Spirit,Fey,ToB2 296
1770,Deadly,7,Forgotten Regent,Undead,ToB3 188
1771,Deadly,3,Frost Worm,Monstrosity,EGtW 289
1772,Deadly,2,Ancient Black Dragon,Dragon,MM 87
1773,Deadly,8,Nosferatu,Undead,VRgtR 239
1774,Deadly,12,Demon' Cipactli,Fiend,CC 83
1775,Deadly,1,Niv-Mizzet,Dragon,GGR 241
1776,Deadly,9,Stone Giant,Giant,MM 156
1777,Deadly,5,Ychen Bannog,Beast,ToB 413
1778,Deadly,4,Rakshasa,Fiend,MM 257
1779,Deadly,25,Tree Skinner,Fiend,ToB2 351
1780,Deadly,6,Incandescent One,Celestial,ToB3 244
1781,Deadly,7,Young Blue Dragon Zombie,Undead,ToB2 385
1782,Deadly,3,Dragon Turtle,Dragon,MM 119
1783,Deadly,2,Greater Star Spawn Emissary,Aberration,VRgtR 245
1784,Deadly,8,Ikuchi,Elemental,ToB2 210
1785,Deadly,12,Vila,Fey,ToB 400
1786,Deadly,1,Niv-Mizzet,Dragon,GGR 241
1787,Deadly,9,Liondrake,Monstrosity,FToD 207
1788,Deadly,5,Doomwake Giant,Giant,MOoT 224
1789,Deadly,4,Salamander Monarch,Elemental,ToB2 311
1790,Deadly,25,Minotaur Skeleton,Undead,MM 273
1791,Insanity,2,Ancient Boreal Dragon,Dragon,ToB2 110
1792,Insanity,20,Storm Maiden,Elemental,ToB2 340
1793,Insanity,10,Young Prismatic Dragon,Dragon,ToB3 143
1794,Insanity,4,Hierotitan,Construct,TombKings 5
1795,Insanity,5,Brother Ox,Fey,CC 25
1796,Insanity,9,Kelp Eel,Plant,ToB2 227
1797,Insanity,3,Gugalanna,Celestial,CC 211
1798,Insanity,14,Angel' Sammael,Celestial,CC 19
1799,Insanity,6,Nariphon,Plant,ToB3 285
1800,Insanity,8,Son of Fenris,Monstrosity,ToB 355
1801,Medium,10,Black Pudding,Ooze,MM 241
1802,Medium,2,Draconic Shard,Undead,FToD 181
1803,Medium,8,Ice Maiden,Fey,ToB 254
1804,Medium,5,Black Sun Ogre,Giant,ToB3 298
1805,Medium,3,Flutterflesh,Undead,ToB 203
1806,Medium,6,Aalpamac,Monstrosity,ToB2 8
1807,Medium,29,Horncaller,Humanoid,GGR 253
1808,Medium,4,Nightgaunt,Aberration,CC 277
1809,Medium,1,Ancient Silver Dragon,Dragon,MM 116
1810,Medium,9,Three-Headed Cobra,Monstrosity,CC 354
1811,Medium,10,Shadow Demon,Fiend,MM 64
1812,Medium,2,Boreas,Elemental,ToB 42
1813,Medium,8,Troll' Desert,Giant,CC 356
1814,Medium,5,Young Boreal Dragon,Dragon,ToB2 112
1815,Medium,3,Demon Lord of Cockroaches Akyishigal,Fiend,ToB 82
1816,Medium,6,Devil' Gilded,Fiend,ToB 106
1817,Medium,29,Giant Hyena,Beast,MM 326
1818,Medium,4,Froghemoth,Monstrosity,VGM 145
1819,Medium,1,Kraken,Monstrosity,MM 197
1820,Medium,9,Leonin Iconoclast,Humanoid,MOoT 232
1821,Medium,10,Oculo Swarm,Monstrosity,ToB 309
1822,Medium,2,Master of Demon Mtn,Humanoid,CC 264
1823,Medium,8,Giant' Cacus,Giant,CC 181
1824,Medium,5,Shoosuva,Fiend,VGM 137
1825,Medium,3,Gug,Giant,ToB 241
1826,Medium,6,Vampiric Vanguard,Undead,ToB3 383
1827,Medium,29,Fire Snake,Elemental,MM 265
1828,Medium,4,Kelp Eel,Plant,ToB2 227
1829,Medium,1,Ancient Amethyst Dragon,Dragon,FToD 160
1830,Medium,9,Aphemia,Monstrosity,MOoT 226
1831,Hard,6,Unspeakable Horror,Monstrosity,VRgtR 250
1832,Hard,9,Moonweb,Aberration,ToB3 276
1833,Hard,2,Leviathan,Elemental,MTF 198
1834,Hard,5,Young Blue Dragon Zombie,Undead,ToB2 385
1835,Hard,1,Marut,Construct,MTF 213
1836,Hard,4,Yskarakta,Fiend,ToB2 317
1837,Hard,14,Oracle,Humanoid,MOoT 238
1838,Hard,3,Cosmic Symphony,Celestial,ToB3 96
1839,Hard,19,Egg Hunter Hatchling,Monstrosity,FToD 193
1840,Hard,6,Nivix Cyclops,Giant,GGR 216
1841,Hard,9,Kuo-toa Archpriest,Humanoid,MM 200
1842,Hard,2,Demilich (in lair),Undead,MM 48
1843,Hard,5,Dragonflesh Golem,Construct,ToB2 180
1844,Hard,1,Devil' Mammon,Fiend,ToB 99
1845,Hard,4,Virtuoso Lich,Undead,ToB2 238
1846,Hard,14,Elephant,Beast,MM 322
1847,Hard,3,Mordant Snare,Aberration,ToB 296
1848,Hard,19,Rum Story Keeper,Fey,ToB3 220
1849,Hard,6,Mind Flayer Arcanist,Aberration,MM 222
1850,Hard,9,Void Blessed Ogre,Giant,ToB3 303
1851,Hard,2,Rhopalocerex Demon Lord of Deception,Fiend,ToB2 90
1852,Hard,5,Undying Councilor,Undead,Ebb 311
1853,Hard,1,Arch-Devil' Parzelon,Fiend,CC 101
1854,Hard,4,Maha,Fiend,ToB3 111
1855,Hard,14,Firebird,Celestial,ToB 201
1856,Hard,3,Mummy Lord,Undead,MM 229
1857,Hard,19,Triton Shorestalker,Humanoid,MOoT 244
1858,Hard,6,Onyx Magistrate,Construct,ToB2 276
1859,Hard,9,Child of Yggdrasil,Aberration,CC 61
1860,Hard,2,Ghoul' Emperor,Undead,ToB 218
1861,Deadly,9,Avulzor,Aberration,ToB2 37
1862,Deadly,2,Lady Illmarrow,Undead,Ebb 297
1863,Deadly,14,Lakescourge Lotus,Undead,ToB3 258
1864,Deadly,10,Mamura,Fey,ToB 284
1865,Deadly,8,Psychophant,Humanoid,ToB3 405
1866,Deadly,4,Devil' Orobas,Fiend,ToB 111
1867,Deadly,1,Demon Lord of Apes' Mechuiti,Fiend,ToB 88
1868,Deadly,3,Golem' War Machine,Construct,CC 205
1869,Deadly,29,Hoarfrost Drake,Dragon,ToB2 123
1870,Deadly,6,Froghemoth,Monstrosity,VGM 145
1871,Deadly,5,Lord of Vultures,Fey,CC 26
1872,Deadly,18,Orthrus,Monstrosity,CC 292
1873,Deadly,9,Golem' Manastorm,Construct,CC 203
1874,Deadly,2,Demon Lord of Bats and Fire Camazotz,Fiend,ToB 85
1875,Deadly,14,Barbed Devil,Fiend,MM 70
1876,Deadly,10,Wardu,Aberration,ToB2 365
1877,Deadly,8,Krake Spawn,Monstrosity,ToB 269
1878,Deadly,4,Graknork,Monstrosity,ToB2 182
1879,Deadly,1,Demon Lord of Apes' Mechuiti,Fiend,ToB 88
1880,Deadly,3,Sibriex,Fiend,MTF 137
1881,Deadly,29,Lady in White,Undead,CC 246
1882,Deadly,6,Spawn of Hriggala,Fiend,ToB2 89
1883,Deadly,5,Mavka,Undead,ToB 286
1884,Deadly,18,Fragrant One,Fey,ToB2 156
1885,Deadly,9,Gloamwing,Undead,GGR 215
1886,Deadly,2,Hala'ath The Sentinel of Progress,Celestial,ToB3 22
1887,Deadly,14,Warlock of the Genie Lord,Humanoid,ToB3 411
1888,Deadly,10,Merchant Captain,Humanoid,ToB3 410
1889,Deadly,8,Oozasis,Ooze,ToB 310
1890,Deadly,4,Beholder (in lair),Aberration,MM 28
1891,Insanity,2,Arch-Devil' Parzelon,Fiend,CC 101
1892,Insanity,6,Adult Emerald Dragon,Dragon,FToD 196
1893,Insanity,12,Drow Priestess of Lolth,Humanoid,MM 129
1894,Insanity,3,Dragon' Light' Ancient,Dragon,CC 116
1895,Insanity,23,Flameskull,Undead,MM 134
1896,Insanity,8,Devil Shark,Monstrosity,CC 98
1897,Insanity,10,Thornheart Guardian,Construct,ToB2 346
1898,Insanity,9,Herald of Undeath,Undead,CC 219
1899,Insanity,4,Adult Imperial Dragon,Dragon,ToB2 116
1900,Insanity,5,Sinstar,Plant,ToB3 345
1901,Medium,5,Nehekhara Tomb Prince,Undead,TombKings 9
1902,Medium,1,Rakdos,Fiend,GGR 247
1903,Medium,2,Demilich,Undead,MM 48
1904,Medium,6,Living Soot,Elemental,ToB3 263
1905,Medium,4,Drudge Pitcher,Plant,ToB3 161
1906,Medium,8,Pyrite Pile,Elemental,ToB3 323
1907,Medium,3,Rakshasa,Fiend,MM 257
1908,Medium,9,Half-Red Dragon Veteran,Humanoid,MM 180
1909,Medium,12,Winterghast,Undead,ToB2 371
1910,Medium,5,Brine Hag,Fey,ToB3 225
1911,Medium,1,Ancient Dragon Turtle,Dragon,FToD 191
1912,Medium,2,Queen of Mammoths,Fey,ToB3 32
1913,Medium,6,Pyrrhic Podthrower,Plant,ToB3 324
1914,Medium,4,Winter Eladrin,Fey,MTF 197
1915,Medium,8,Vexxeh,Fiend,ToB2 360
1916,Medium,3,Elemental' Storm Lord,Elemental,CC 139
1917,Medium,9,Wereshark,Humanoid,ToB2 247
1918,Medium,12,Devil' Wind’s Harp,Fiend,CC 105
1919,Medium,5,Skeleton' Vine Troll,Plant,ToB 351
1920,Medium,1,Devil' Totivillus' Scribe of Hell,Fiend,ToB 101
1921,Medium,2,Borborygmos,Giant,GGR 238
1922,Medium,6,Mei Jiao Shou,Beast,ToB2 259
1923,Medium,4,Froghemoth,Monstrosity,VGM 145
1924,Medium,8,Ogre Chieftain' Corrupted,Giant,ToB 423
1925,Medium,3,Vampire,Undead,MM 297
1926,Medium,9,Sahuagin Baron,Humanoid,MM 264
1927,Medium,12,Psychopomp,Celestial,ToB3 28
1928,Medium,5,Bukavac,Monstrosity,ToB 47
1929,Medium,1,Dyrrn,Aberration,Ebb 288
1930,Medium,2,Sibriex,Fiend,MTF 137
1931,Hard,2,Ancient Prismatic Dragon,Dragon,ToB3 141
1932,Hard,6,Hydroloth,Fiend,MTF 249
1933,Hard,9,Devil' Gilded,Fiend,ToB 106
1934,Hard,5,Alhoon,Undead,VGM 172
1935,Hard,10,Befouled Weird,Elemental,ToB2 41
1936,Hard,3,Star Spawn Larva Mage,Aberration,MTF 235
1937,Hard,1,Ancient Imperial Dragon,Dragon,ToB2 115
1938,Hard,4,Skyswimmer,Monstrosity,GGR 220
1939,Hard,8,Black Sun Ogre,Giant,ToB3 298
1940,Hard,22,Quetzalcoatlus,Beast,VGM 140
1941,Hard,2,Lich,Undead,MM 202
1942,Hard,6,Frost Salamander,Elemental,MTF 223
1943,Hard,9,Silenal,Fey,ToB2 328
1944,Hard,5,Chameleon Hydra,Monstrosity,ToB2 208
1945,Hard,10,Sarcophagus Slime,Undead,ToB 336
1946,Hard,3,Fey Lord' River King,Fey,ToB 196
1947,Hard,1,Gem Greatwyrm,Dragon,FToD 201
1948,Hard,4,Skyswimmer,Monstrosity,GGR 220
1949,Hard,8,Chain Devil,Fiend,MM 72
1950,Hard,22,Triton Shorestalker,Humanoid,MOoT 244
1951,Hard,2,Ancient Copper Dragon,Dragon,MM 110
1952,Hard,6,Aurora Horribilis,Aberration,ToB2 34
1953,Hard,9,Ethereal Drake,Dragon,ToB3 153
1954,Hard,5,Golem' Altar Flame,Construct,CC 193
1955,Hard,10,Flesh Golem,Construct,MM 169
1956,Hard,3,Dragon' Light' Adult,Dragon,CC 114
1957,Hard,1,Zaratan,Monstrosity,ToB 414
1958,Hard,4,Core Spawn Seer,Aberration,EGtW 286
1959,Hard,8,Mallqui,Undead,ToB 282
1960,Hard,22,Pegasus,Celestial,MM 250
1961,Deadly,8,Stone Giant Dreamwalker,Giant,VGM 150
1962,Deadly,10,Rattleback Troll,Giant,ToB3 374
1963,Deadly,6,Young Imperial Dragon,Dragon,ToB2 117
1964,Deadly,21,Precognitive Mage,Humanoid,GGR 228
1965,Deadly,1,Sul Khatesh,Fiend,Ebb 304
1966,Deadly,2,Dragon' Light' Ancient,Dragon,CC 116
1967,Deadly,9,Demon' Kishi,Fiend,ToB 77
1968,Deadly,12,Core Spawn Emissary,Aberration,EGtW 286
1969,Deadly,5,Equitox,Fiend,ToB3 171
1970,Deadly,3,Lesser Star Spawn Emissary,Aberration,VRgtR 245
1971,Deadly,4,Mummy Lord,Undead,MM 229
1972,Deadly,8,Bimancer,Humanoid,GGR 256
1973,Deadly,10,Cave Mimic,Monstrosity,ToB3 77
1974,Deadly,6,Herald of Slaughter,Fiend,ToB2 198
1975,Deadly,21,Alpha Fish,Beast,ToB2 14
1976,Deadly,1,Sul Khatesh,Fiend,Ebb 304
1977,Deadly,2,Elder Brain Dragon,Aberration,FToD 194
1978,Deadly,9,Green Slaad,Aberration,MM 277
1979,Deadly,12,Akhlut,Beast,ToB2 12
1980,Deadly,5,Psychic Vampire,Undead,ToB2 357
1981,Deadly,3,Bone Lord,Undead,ToB3 66
1982,Deadly,4,Purple Worm,Monstrosity,MM 255
1983,Deadly,8,Devil' Automata,Fiend,ToB 102
1984,Deadly,10,Earth Elemental Myrmidon,Elemental,MTF 202
1985,Deadly,6,Herald of Slaughter,Fiend,ToB2 198
1986,Deadly,21,Trapper,Monstrosity,VGM 194
1987,Deadly,1,Rak Tulkhesh,Fiend,Ebb 303
1988,Deadly,2,Hala'ath The Sentinel of Progress,Celestial,ToB3 22
1989,Deadly,9,Dragonleaf Tree,Plant,ToB 147
1990,Deadly,12,Crimson Mist,Undead,CC 67
1991,Insanity,9,Devil' Chort,Fiend,ToB 104
1992,Insanity,4,Coral Queen,Fey,ToB3 176
1993,Insanity,5,Elemental Locus,Elemental,ToB 169
1994,Insanity,8,Drow Inquisitor,Humanoid,MTF 184
1995,Insanity,12,Young Silver Dragon,Dragon,MM 118
1996,Insanity,10,Bimancer,Humanoid,GGR 256
1997,Insanity,3,Colossus of Akros,Construct,MOoT 218
1998,Insanity,6,Whisperer in Darkness,Aberration,CC 378
1999,Insanity,2,Ancient Imperial Dragon,Dragon,ToB2 115
2000,Insanity,14,Demon' Kishi,Fiend,ToB 77
