1,Medium,3,Skeleton,Undead,MM 272
2,Medium,2,Foxin,Fey,CC 163
3,Medium,4,Bandit,Humanoid,MM 343
4,Medium,8,Raven,Beast,MM 335
5,Medium,3,Vegepygmy,Plant,VGM 196
6,Medium,2,Bucca,Fey,ToB 46
7,Medium,4,Compsognathus,Beast,ToB2 108
8,Medium,8,Jackal,Beast,MM 331
9,Medium,3,Star Spawn Grue,Aberration,MTF 234
10,Medium,2,Yowler,Undead,ToB2 380
11,Medium,4,Wharfling,Beast,ToB 407
12,Medium,8,Lantern Beetle,Beast,ToB2 40
13,Medium,3,Snow Cat,Beast,CC 346
14,Medium,2,Skulk,Humanoid,MTF 227
15,Medium,4,Monodrone,Construct,MM 224
16,Medium,8,Bilby,Beast,ToB2 388
17,Medium,3,Roachling Skirmisher,Humanoid,ToB 329
18,Medium,2,Satyr,Fey,MM 267
19,Medium,4,Boggle,Fey,VGM 128
20,Medium,8,Awakened Shrub,Plant,MM 317
21,Medium,3,Azza Gremlin,Fey,ToB 28
22,Medium,2,Rochade,Fey,ToB3 332
23,Medium,4,Giant Weasel,Beast,MM 329
24,Medium,8,Crab,Beast,MM 320
25,Medium,3,Elves' Shadow Fey' Elf,Humanoid,ToB 171
26,Medium,2,Burrowling,Humanoid,ToB 49
27,Medium,4,Xvart,Humanoid,VGM 200
28,Medium,8,Lantern Beetle,Beast,ToB2 40
29,Medium,3,Violet Fungus,Plant,MM 138
30,Medium,2,Derro Guard,Humanoid,ToB2 97
31,Hard,4,Cave Goat,Beast,ToB2 389
32,Hard,6,Stryx,Monstrosity,ToB 369
33,Hard,2,Giant Sea Horse,Beast,MM 328
34,Hard,4,Hadrosaurus,Beast,VGM 140
35,Hard,6,Twig Blight,Plant,MM 32
36,Hard,2,Puffinfolk,Humanoid,ToB3 322
37,Hard,4,Snake' Swamp Adder,Beast,ToB 354
38,Hard,6,Expeditious Messenger,Construct,Ebb 293
39,Hard,2,Simian' Kapi,Humanoid,CC 336
40,Hard,4,Constrictor Snake,Beast,MM 320
41,Hard,6,Twig Blight,Plant,MM 32
42,Hard,2,Devil' Fire Imp,Fiend,CC 103
43,Hard,4,Giant Frog,Beast,MM 325
44,Hard,6,Cultist,Humanoid,MM 345
45,Hard,2,Miremal,Fey,ToB 292
46,Hard,4,Vegepygmy,Plant,VGM 196
47,Hard,6,Monodrone,Construct,MM 224
48,Hard,2,Human' Elfmarked,Humanoid,CC 403
49,Hard,4,Treacle,Ooze,ToB 387
50,Hard,6,Cultist,Humanoid,MM 345
51,Hard,2,Cueyatl,Humanoid,CC 68
52,Hard,4,Giant Moth' Sootwing,Beast,CC 179
53,Hard,6,Cikavak,Beast,ToB 58
54,Hard,2,Skin Bat,Fiend,ToB 87
55,Hard,4,Kalashtar,Humanoid,Ebb 317
56,Hard,6,Leonino,Beast,CC 250
57,Hard,2,Gray Ooze,Ooze,MM 243
58,Hard,4,Treacle,Ooze,ToB 387
59,Hard,6,Skavenslave,Humanoid,Skaven 5
60,Hard,2,Crimson Shambler,Plant,ToB2 73
61,Deadly,2,Carbuncle,Monstrosity,CC 57
62,Deadly,6,Clockwork Servant,Construct,CC 65
63,Deadly,4,Barnyard Dragonette,Dragon,ToB3 148
64,Deadly,3,Podling,Plant,VRgtR 227
65,Deadly,2,Ooze' Alchemical App,Ooze,CC 281
66,Deadly,6,Mule,Beast,MM 333
67,Deadly,4,Harefolk,Humanoid,ToB2 194
68,Deadly,3,Clanrat,Humanoid,Skaven 16
69,Deadly,2,Drake' Crimson,Dragon,ToB 151
70,Deadly,6,Cikavak,Beast,ToB 58
71,Deadly,4,Wolf,Beast,MM 341
72,Deadly,3,Husk,Undead,ToB2 205
73,Deadly,2,Sea Spawn,Humanoid,VGM 189
74,Deadly,6,Blood Hawk,Beast,MM 319
75,Deadly,4,Blink Dog,Fey,MM 318
76,Deadly,3,Valkruung,Monstrosity,ToB2 355
77,Deadly,2,Indentured Spirit,Undead,GGR 206
78,Deadly,6,Bandit,Humanoid,MM 343
79,Deadly,4,Inkling,Construct,CC 227
80,Deadly,3,Giant Goat,Beast,MM 326
81,Deadly,2,Cueyatl Sea Priest,Humanoid,CC 69
82,Deadly,6,Mastiff,Beast,MM 332
83,Deadly,4,Swarm of Bats,Beast,MM 337
84,Deadly,3,Rust Monster,Monstrosity,MM 262
85,Deadly,2,Broodiken,Construct,ToB 45
86,Deadly,6,Cultist,Humanoid,MM 345
87,Deadly,4,Vegepygmy,Plant,VGM 196
88,Deadly,3,Scorpion Cultist,Humanoid,ToB 425
89,Deadly,2,Putrescent Slime,Ooze,ToB2 300
90,Deadly,6,Xvart,Humanoid,VGM 200
91,Insanity,4,Bone Crab,Beast,ToB 40
92,Insanity,3,Firenewt Warlock of Imix,Humanoid,VGM 143
93,Insanity,1,Werewolf,Humanoid,MM 211
94,Insanity,12,Cikavak,Beast,ToB 58
95,Insanity,6,Sprite,Fey,MM 283
96,Insanity,16,Eagle,Beast,MM 322
97,Insanity,4,Swarm of Insects,Beast,MM 338
98,Insanity,3,Wampus Cat,Monstrosity,ToB 405
99,Insanity,1,Vampire Blossom Swarm,Plant,ToB3 364
100,Insanity,12,Compsognathus,Beast,ToB2 108
101,Medium,6,Manes,Fiend,MM 60
102,Medium,4,Alligator,Beast,ToB2 387
103,Medium,2,Yuan-ti Pureblood,Humanoid,MM 310
104,Medium,3,Giant Goat,Beast,MM 326
105,Medium,6,Lymarien,Fey,ToB2 248
106,Medium,4,Lemurfolk,Humanoid,ToB 271
107,Medium,2,Gnoll Flesh Gnawer,Humanoid,VGM 154
108,Medium,3,Reef Shark,Beast,MM 336
109,Medium,6,Tribal Warrior,Humanoid,MM 350
110,Medium,4,Grimlock,Humanoid,MM 175
111,Medium,2,Dark Servant,Humanoid,CC 72
112,Medium,3,Giant Wasp,Beast,MM 329
113,Medium,6,Wicked Skull,Monstrosity,ToB2 368
114,Medium,4,Suturefly,Beast,ToB 372
115,Medium,2,Dryad,Fey,MM 121
116,Medium,3,Dire Rat,Beast,Skaven 15
117,Medium,6,Guard,Humanoid,MM 347
118,Medium,4,Azza Gremlin,Fey,ToB 28
119,Medium,2,Chernomoi,Fey,ToB 55
120,Medium,3,Sahuagin,Humanoid,MM 263
121,Medium,6,Clockwork Servant,Construct,CC 65
122,Medium,4,Rothe,Beast,VGM 207
123,Medium,2,Maw Demon,Fiend,VGM 137
124,Medium,3,Valenar Steed,Fey,Ebb 313
125,Medium,6,Monodrone,Construct,MM 224
126,Medium,4,Ox,Beast,VGM 207
127,Medium,2,Emerald Eye,Construct,ToB 175
128,Medium,3,Hobgoblin,Humanoid,MM 186
129,Medium,6,Compsognathus,Beast,ToB2 108
130,Medium,4,Bull,Beast,ToB2 388
131,Hard,1,Adult Faerie Dragon,Dragon,MM 133
132,Hard,6,Jeholopterus,Beast,ToB3 127
133,Hard,4,Shifter,Humanoid,Ebb 319
134,Hard,2,Clockwork Weaving Spider,Construct,ToB 66
135,Hard,8,Cikavak,Beast,ToB 58
136,Hard,1,Yuan-ti Broodguard,Humanoid,VGM 203
137,Hard,6,Abyssal Wretch,Fiend,MTF 136
138,Hard,4,Narshark,Monstrosity,ToB2 266
139,Hard,2,Kobold Dragonshield,Humanoid,VGM 165
140,Hard,8,Gremishka,Monstrosity,VRgtR 235
141,Hard,1,Skyjek Roc,Monstrosity,GGR 219
142,Hard,6,Giant Gray Owl,Beast,ToB2 394
143,Hard,4,Aviere,Celestial,ToB2 36
144,Hard,2,Giant Hyena,Beast,MM 326
145,Hard,8,Slaad Tadpole,Aberration,MM 276
146,Hard,1,Megantereon,Beast,ToB3 269
147,Hard,6,Giant Moth' Sootwing,Beast,CC 179
148,Hard,4,Swarm of Rot Grubs,Beast,VGM 208
149,Hard,2,Swarm of Zombie Limbs,Undead,VRgtR 254
150,Hard,8,Merfolk,Humanoid,MM 218
151,Hard,1,Quaggoth,Humanoid,MM 256
152,Hard,6,Giant Badger,Beast,MM 323
153,Hard,4,Gnoll,Humanoid,MM 163
154,Hard,2,Agnibarra,Monstrosity,CC 9
155,Hard,8,Fennec Fox,Beast,ToB2 390
156,Hard,1,Drake' Paper,Dragon,ToB 154
157,Hard,6,Riding Horse,Beast,MM 336
158,Hard,4,Darkmantle,Monstrosity,MM 46
159,Hard,2,Nihilethic Zombie,Undead,ToB 9
160,Hard,8,Cultist,Humanoid,MM 345
161,Deadly,3,Irid,Celestial,ToB2 217
162,Deadly,6,Otterfolk,Humanoid,ToB2 288
163,Deadly,12,Poisonous Snake,Beast,MM 334
164,Deadly,1,Githyanki Warrior,Humanoid,MM 160
165,Deadly,4,Tosculi Drone,Monstrosity,ToB 386
166,Deadly,16,Homunculus,Construct,MM 188
167,Deadly,3,Fire Snake,Elemental,MM 265
168,Deadly,6,Wretched Sorrowsworn,Monstrosity,MTF 233
169,Deadly,12,Gremishka,Monstrosity,VRgtR 235
170,Deadly,1,Erina Tussler,Humanoid,ToB3 172
171,Deadly,4,Satyr,Fey,MM 267
172,Deadly,16,Rat,Beast,MM 335
173,Deadly,3,Thri-kreen,Humanoid,MM 288
174,Deadly,6,Giant Badger,Beast,MM 323
175,Deadly,12,Valenar Hawk,Fey,Ebb 312
176,Deadly,1,Imperial Dragon Wyrmling,Dragon,ToB2 117
177,Deadly,4,Dolgrim,Aberration,Ebb 291
178,Deadly,16,Cat,Beast,MM 320
179,Deadly,3,Death Dog,Monstrosity,MM 321
180,Deadly,6,Zombie,Undead,MM 316
181,Deadly,12,Skavenslave,Humanoid,Skaven 5
182,Deadly,1,Frost-Afflicted,Humanoid,ToB3 408
183,Deadly,4,Cackling Skeleton,Undead,ToB2 330
184,Deadly,16,Lemure,Fiend,MM 76
185,Deadly,3,Eonic Drifter,Humanoid,ToB 177
186,Deadly,6,Pixie,Fey,MM 253
187,Deadly,12,Neogi Hatchling,Aberration,VGM 179
188,Deadly,1,Duergar Screamer,Construct,MTF 190
189,Deadly,4,Goblin' Chaos-Spawn,Humanoid,CC 190
190,Deadly,16,Frog,Beast,MM 322
191,Insanity,2,Ravening Minotaur,Monstrosity,ToB3 272
192,Insanity,3,Flame Eater Swarm,Beast,CC 158
193,Insanity,6,Simian' Kapi,Humanoid,CC 336
194,Insanity,4,Scorchrunner Jackal,Monstrosity,ToB3 340
195,Insanity,12,Ghoul Bat,Undead,ToB2 391
196,Insanity,2,Haakjir,Monstrosity,ToB3 224
197,Insanity,3,Gelatinous Cube,Ooze,MM 242
198,Insanity,6,Vine Blight,Plant,MM 32
199,Insanity,4,Deep Dragon Wyrmling,Dragon,FToD 175
200,Insanity,12,Kuo-toa,Humanoid,MM 199
201,Medium,8,Boggle,Fey,VGM 128
202,Medium,6,Flying Sword,Construct,MM 20
203,Medium,4,Rum Gremlin,Fey,ToB 239
204,Medium,2,Anophiloi,Monstrosity,CC 39
205,Medium,1,Megantereon,Beast,ToB3 269
206,Medium,8,Flying Snake,Beast,MM 322
207,Medium,6,Tortle,Humanoid,MTF 242
208,Medium,4,Hallowed Reeds,Celestial,CC 305
209,Medium,2,Kobold Scale Sorcerer,Humanoid,VGM 167
210,Medium,1,Hoarfrost Drake,Dragon,ToB2 123
211,Medium,8,Ice Bogie,Fey,ToB2 209
212,Medium,6,Alliumite,Plant,CC 13
213,Medium,4,Shifter,Humanoid,Ebb 319
214,Medium,2,Agnibarra,Monstrosity,CC 9
215,Medium,1,Satyr Thornbearer,Fey,MOoT 243
216,Medium,8,Flying Snake,Beast,MM 322
217,Medium,6,Sprite,Fey,MM 283
218,Medium,4,Void Cultist,Humanoid,CC 407
219,Medium,2,Ice Urchin,Monstrosity,ToB3 239
220,Medium,1,Lesser Lunarchidna,Aberration,ToB2 242
221,Medium,8,Slaad Tadpole,Aberration,MM 276
222,Medium,6,Spider' Red-Banded Line,Beast,ToB 363
223,Medium,4,Clockwork Beetle,Construct,ToB 60
224,Medium,2,Iceworm,Monstrosity,ToB3 241
225,Medium,1,Yann-An-Oed,Aberration,CC 391
226,Medium,8,Pony,Beast,MM 335
227,Medium,6,Giant Moth' Rimewing,Beast,CC 178
228,Medium,4,Thug,Humanoid,MM 350
229,Medium,2,Death Dog,Monstrosity,MM 321
230,Medium,1,Carrion Crawler,Monstrosity,MM 37
231,Hard,5,Worg,Monstrosity,MM 341
232,Hard,2,Egg Hunter Hatchling,Monstrosity,FToD 193
233,Hard,1,Kelp Drake,Dragon,ToB2 124
234,Hard,18,Lizard,Beast,MM 332
235,Hard,3,Glass Gator,Beast,ToB 228
236,Hard,5,Cockatrice,Monstrosity,MM 42
237,Hard,2,Duergar Kavalrachni,Humanoid,MTF 189
238,Hard,1,Mummy,Undead,MM 228
239,Hard,18,Eagle,Beast,MM 322
240,Hard,3,Carrionette,Construct,VRgtR 231
241,Hard,5,Swarm of Insects,Beast,MM 338
242,Hard,2,Bearmit Crab,Monstrosity,CC 52
243,Hard,1,Nergaliid,Fiend,EGtW 296
244,Hard,18,Awakened Shrub,Plant,MM 317
245,Hard,3,Eonic Drifter,Humanoid,ToB 177
246,Hard,5,Boomer,Plant,ToB2 157
247,Hard,2,Polar Bear,Beast,MM 334
248,Hard,1,Hippopotamus,Beast,ToB3 233
249,Hard,18,Badger,Beast,MM 318
250,Hard,3,Clockwork Pugalist,Construct,ToB3 88
251,Hard,5,Morphoi,Plant,ToB 297
252,Hard,2,Dream Squire,Fey,CC 134
253,Hard,1,Brownie Beastrider,Fey,ToB3 69
254,Hard,18,Awakened Shrub,Plant,MM 317
255,Hard,3,Phantom,Undead,CC 296
256,Hard,5,War Ostrich,Beast,ToB 307
257,Hard,2,Megantereon,Beast,ToB3 269
258,Hard,1,Werewolf,Humanoid,MM 211
259,Hard,18,Vulture,Beast,MM 339
260,Hard,3,Young Myrmex,Elemental,ToB3 284
261,Deadly,4,Returned Sentry,Undead,MOoT 241
262,Deadly,6,Podling,Plant,VRgtR 227
263,Deadly,12,Constrictor Snake,Beast,MM 320
264,Deadly,3,Rug of Smothering,Construct,MM 20
265,Deadly,2,Abbanith Giant,Giant,ToB2 170
266,Deadly,4,Clockwork Leech,Construct,ToB2 66
267,Deadly,6,Drake' Alehouse,Dragon,ToB 148
268,Deadly,12,Constrictor Snake,Beast,MM 320
269,Deadly,3,Myling,Undead,ToB 301
270,Deadly,2,Dragonflesh Grafter,Monstrosity,FToD 186
271,Deadly,4,Herd Skulker,Monstrosity,ToB3 231
272,Deadly,6,Cockatrice,Monstrosity,MM 42
273,Deadly,12,Wretched Sorrowsworn,Monstrosity,MTF 233
274,Deadly,3,Moonstone Dragon Wyrmling,Dragon,FToD 213
275,Deadly,2,Gold Dragon Wyrmling,Dragon,MM 115
276,Deadly,4,Duergar Soulblade,Humanoid,MTF 190
277,Deadly,6,Black Bear,Beast,MM 318
278,Deadly,12,Goreling,Undead,CC 207
279,Deadly,3,Razorfeather Raptor,Monstrosity,ToB3 127
280,Deadly,2,Prismatic Beetle Swarm,Beast,ToB 375
281,Deadly,4,Swarm of Zombie Limbs,Undead,VRgtR 254
282,Deadly,6,Sunflower Sprite,Fey,ToB3 358
283,Deadly,12,Orniraptor,Monstrosity,ToB2 285
284,Deadly,3,Adult Faerie Dragon,Dragon,MM 133
285,Deadly,2,Nergaliid,Fiend,EGtW 296
286,Deadly,4,Wind Dragon Wyrmling,Dragon,ToB 145
287,Deadly,6,Corrupted Pixie,Fiend,ToB2 72
288,Deadly,12,Boar,Beast,MM 319
289,Deadly,3,Demon' Wind,Fiend,CC 93
290,Deadly,2,Vine Golem,Construct,ToB2 181
291,Insanity,6,Kobold Trapsmith,Humanoid,ToB 264
292,Insanity,2,Trollkin Reaver,Humanoid,ToB 390
293,Insanity,4,Uraeus,Celestial,ToB 392
294,Insanity,3,Gnoll Havoc Runner,Humanoid,ToB 230
295,Insanity,25,Fennec Fox,Beast,ToB2 390
296,Insanity,1,Elves' Shadow Fey' Enchantress,Humanoid,ToB 172
297,Insanity,12,Light Eater,Aberration,ToB3 262
298,Insanity,6,Ooze' Suppurating,Ooze,CC 288
299,Insanity,2,Demon' Rattok,Fiend,CC 90
300,Insanity,4,Bearmit Crab,Monstrosity,CC 52
301,Medium,8,Shiftshroom,Plant,ToB2 159
302,Medium,6,Empty Cloak,Construct,ToB 176
303,Medium,3,Hippogriff,Monstrosity,MM 184
304,Medium,2,White Stag,Celestial,CC 379
305,Medium,20,Lizard,Beast,MM 332
306,Medium,8,Alliumite,Plant,CC 13
307,Medium,6,Vine Blight,Plant,MM 32
308,Medium,3,Bulbous Violet,Plant,ToB2 53
309,Medium,2,Orphan of the Black,Fey,ToB2 286
310,Medium,20,Deer,Beast,MM 321
311,Medium,8,Abyssal Wretch,Fiend,MTF 136
312,Medium,6,Worg,Monstrosity,MM 341
313,Medium,3,Sunset Raptor,Monstrosity,CC 351
314,Medium,2,Wakwak,Beast,ToB3 388
315,Medium,20,Deer,Beast,MM 321
316,Medium,8,Pixie,Fey,MM 253
317,Medium,6,Aziza,Fey,ToB3 49
318,Medium,3,Grindylow,Aberration,CC 210
319,Medium,2,Shadhavar,Monstrosity,ToB 344
320,Medium,20,Deer,Beast,MM 321
321,Medium,8,Returned Drifter,Undead,MOoT 240
322,Medium,6,Phoenixborn,Humanoid,ToB3 316
323,Medium,3,Iceworm,Monstrosity,ToB3 241
324,Medium,2,Star Thrall,Plant,ToB3 346
325,Medium,20,Homunculus,Construct,MM 188
326,Medium,8,Ratfolk,Humanoid,ToB 320
327,Medium,6,Magma Mephit,Elemental,MM 216
328,Medium,3,Wood Ward,Construct,ToB2 374
329,Medium,2,Fixer,Humanoid,ToB3 407
330,Medium,20,Rat,Beast,MM 335
331,Hard,4,Grindylow,Aberration,CC 210
332,Hard,2,Chill Haunt,Undead,ToB2 62
333,Hard,6,Gnoll,Humanoid,MM 163
334,Hard,4,Grung Wildling,Humanoid,VGM 157
335,Hard,2,Hungry Ghost' Preta,Undead,CC 223
336,Hard,6,Draconian Foot Soldier,Monstrosity,FToD 178
337,Hard,4,Ghoul,Undead,MM 148
338,Hard,2,Bagiennik,Aberration,ToB 31
339,Hard,6,Torch Mimic,Monstrosity,ToB3 370
340,Hard,4,Giant Hyena,Beast,MM 326
341,Hard,2,Duffel Crab,Monstrosity,ToB3 97
342,Hard,6,Ape,Beast,MM 317
343,Hard,4,Yuan-ti Pureblood,Humanoid,MM 310
344,Hard,2,Barnyard Golem,Construct,ToB3 214
345,Hard,6,Yowler,Undead,ToB2 380
346,Hard,4,Hippogriff,Monstrosity,MM 184
347,Hard,2,Trapper,Monstrosity,VGM 194
348,Hard,6,Flesh Reaver,Undead,CC 160
349,Hard,4,Chamrosh,Celestial,ToB2 59
350,Hard,2,Fleecemane Lion,Monstrosity,MOoT 223
351,Hard,6,Firenewt Warrior,Humanoid,VGM 142
352,Hard,4,Alabroza,Monstrosity,ToB3 13
353,Hard,2,Werehyena,Humanoid,CC 259
354,Hard,6,Bilge Gremlin,Fey,ToB3 219
355,Hard,4,Pescavitus,Celestial,ToB3 315
356,Hard,2,Duffel Crab,Monstrosity,ToB3 97
357,Hard,6,Boot Grabber,Aberration,CC 56
358,Hard,4,Ghoul,Undead,MM 148
359,Hard,2,Ooze' Shadow,Ooze,CC 287
360,Hard,6,Brain Hood,Aberration,ToB2 50
361,Deadly,6,Chernomoi,Fey,ToB 55
362,Deadly,8,Haladron,Celestial,ToB3 23
363,Deadly,2,Dragon Chosen,Humanoid,FToD 189
364,Deadly,3,Roggenwolf,Monstrosity,CC 320
365,Deadly,16,Pony,Beast,MM 335
366,Deadly,1,Drow Elite Warrior,Humanoid,MM 128
367,Deadly,6,Catterball,Fey,ToB3 76
368,Deadly,8,Flesh Reaver,Undead,CC 160
369,Deadly,2,Flail Snail,Elemental,VGM 144
370,Deadly,3,Guardian Archaeopteryx,Beast,ToB3 126
371,Deadly,16,Tribal Warrior,Humanoid,MM 350
372,Deadly,1,Ratatosk Warlord,Celestial,CC 314
373,Deadly,6,Hybrid Shocker,Humanoid,GGR 218
374,Deadly,8,Lantern Dragonette,Dragon,ToB 270
375,Deadly,2,Bloodsapper,Aberration,ToB2 44
376,Deadly,3,Drake' Forest,Dragon,CC 128
377,Deadly,16,Fennec Fox,Beast,ToB2 390
378,Deadly,1,Barbed Devil,Fiend,MM 70
379,Deadly,6,Plague Monk,Humanoid,Skaven 8
380,Deadly,8,Crocodile,Beast,MM 320
381,Deadly,2,Hag' Snow,Fey,CC 214
382,Deadly,3,Swarm of Ice Borers,Elemental,ToB3 362
383,Deadly,16,Cultist,Humanoid,MM 345
384,Deadly,1,Gorgon,Monstrosity,MM 171
385,Deadly,6,Choker,Aberration,MTF 123
386,Deadly,8,Clockwork Beetle,Construct,ToB 60
387,Deadly,2,Precognitive Mage,Humanoid,GGR 228
388,Deadly,3,Skyjek Roc,Monstrosity,GGR 219
389,Deadly,16,Cikavak,Beast,ToB 58
390,Deadly,1,Kikimora,Fey,ToB 260
391,Insanity,3,Blistercoil Weird,Elemental,GGR 207
392,Insanity,16,Male Steeder,Monstrosity,MTF 238
393,Insanity,5,Swarm of Ice Borers,Elemental,ToB3 362
394,Insanity,2,Phase Giant,Giant,ToB2 172
395,Insanity,4,Yeti,Monstrosity,MM 305
396,Insanity,1,Vampire' Priestess,Undead,CC 367
397,Insanity,8,Bronze Scout,Construct,MTF 125
398,Insanity,3,Tusked Skyfish,Aberration,ToB 391
399,Insanity,16,Otterfolk,Humanoid,ToB2 288
400,Insanity,5,Silver Dragon Wyrmling,Dragon,MM 118
401,Medium,2,Amphiptere,Beast,ToB 16
402,Medium,8,Reef Shark,Beast,MM 336
403,Medium,16,Pixie's Umbrella,Plant,ToB2 158
404,Medium,1,Sacred Hippopotamus,Celestial,ToB3 234
405,Medium,6,Quaggoth Spore Servant,Plant,MM 230
406,Medium,3,Rakdos Lampooner,Humanoid,GGR 248
407,Medium,2,Elvish Veteran Archer,Humanoid,ToB 422
408,Medium,8,Blood Imp,Fiend,ToB2 103
409,Medium,16,Flumph,Aberration,MM 135
410,Medium,1,Giant Shark,Beast,MM 328
411,Medium,6,Giant Eagle,Beast,MM 324
412,Medium,3,Swarm of Fleas,Beast,ToB3 197
413,Medium,2,Mindrot Thrall,Plant,ToB 290
414,Medium,8,Swarm of Insects,Beast,MM 338
415,Medium,16,Climbing Vine,Plant,ToB3 85
416,Medium,1,Darakhul Spy,Undead,ToB2 168
417,Medium,6,Xvart Warlock of Raxivort,Humanoid,VGM 200
418,Medium,3,Spined Devil,Fiend,MM 78
419,Medium,2,Hippopotamus,Beast,ToB3 233
420,Medium,8,Darkmantle,Monstrosity,MM 46
421,Medium,16,Young Kruthik,Monstrosity,MTF 211
422,Medium,1,Razorleaf,Plant,CC 317
423,Medium,6,Dinosaur' Nodosaurus,Beast,CC 109
424,Medium,3,Dragonnel,Dragon,FToD 190
425,Medium,2,Ooze' Shadow,Ooze,CC 287
426,Medium,8,Ape,Beast,MM 317
427,Medium,16,Monodrone,Construct,MM 224
428,Medium,1,Minotaur' Labyrinth,Monstrosity,CC 267
429,Medium,6,Slavedriver,Humanoid,Skaven 4
430,Medium,3,Orc Claw of Luthic,Humanoid,VGM 183
431,Hard,3,Haakjir,Monstrosity,ToB3 224
432,Hard,6,Khamaseen,Elemental,ToB3 250
433,Hard,1,Permafrost Elemental,Elemental,ToB3 167
434,Hard,24,Tribal Warrior,Humanoid,MM 350
435,Hard,4,Cobbleswarm,Monstrosity,ToB 68
436,Hard,2,Bandit Lord,Humanoid,ToB 418
437,Hard,3,Cactid,Plant,ToB 50
438,Hard,6,Nihilethic Zombie,Undead,ToB 9
439,Hard,1,Wardu,Aberration,ToB2 365
440,Hard,24,Giant Rat,Beast,MM 327
441,Hard,4,Rageipede,Beast,CC 310
442,Hard,2,Sap Demon,Ooze,ToB 335
443,Hard,3,Golem' Keg,Construct,CC 199
444,Hard,6,Maw Demon,Fiend,VGM 137
445,Hard,1,Mamura,Aberration,ToB 284
446,Hard,24,Expeditious Messenger,Construct,Ebb 293
447,Hard,4,Lesser Lunarchidna,Aberration,ToB2 242
448,Hard,2,Niya-Atha Sorcerer,Fey,ToB3 290
449,Hard,3,Thursir Giant,Giant,ToB 227
450,Hard,6,Clockwork Pugalist,Construct,ToB3 88
451,Hard,1,Elf' Servant of the Vine,Humanoid,CC 144
452,Hard,24,Wicked Skull,Monstrosity,ToB2 368
453,Hard,4,Hobgoblin Iron Shadow,Humanoid,VGM 162
454,Hard,2,Firebird,Celestial,ToB 201
455,Hard,3,Hag' Snow,Fey,CC 214
456,Hard,6,Dragonborn Lgt Cavalry,Humanoid,CC 124
457,Hard,1,Gauth,Aberration,VGM 125
458,Hard,24,Hoard Scarab,Monstrosity,FToD 205
459,Hard,4,Cave Bear,Beast,MM 334
460,Hard,2,Greater Lunarchidna,Aberration,ToB2 242
461,Deadly,3,Elemental' Venom,Elemental,CC 140
462,Deadly,17,Needle Blight,Plant,MM 32
463,Deadly,5,Hobgoblin Iron Shadow,Humanoid,VGM 162
464,Deadly,2,Faux-Garou,Construct,ToB3 174
465,Deadly,8,Inciter,Fiend,ToB3 108
466,Deadly,1,Huecambra,Monstrosity,ToB2 203
467,Deadly,4,Displacer Beast,Monstrosity,MM 81
468,Deadly,3,Merrow Shallowpriest,Monstrosity,EGtW 294
469,Deadly,17,Swarm of Ravens,Beast,MM 339
470,Deadly,5,Leech Swarm,Beast,ToB2 396
471,Deadly,2,Drow Elite Warrior,Humanoid,MM 128
472,Deadly,8,Inciter,Fiend,ToB3 108
473,Deadly,1,Golem' Manastorm,Construct,CC 203
474,Deadly,4,Drake' Skull,Dragon,CC 132
475,Deadly,3,Mead Archon,Celestial,ToB2 18
476,Deadly,17,Sprite,Fey,MM 283
477,Deadly,5,Gargoyle,Elemental,MM 140
478,Deadly,2,Vorthropod,Monstrosity,ToB3 387
479,Deadly,8,Quaggoth Spore Servant,Plant,MM 230
480,Deadly,1,Wanyudo,Fiend,ToB2 364
481,Deadly,4,Monolith Footman,Construct,ToB 295
482,Deadly,3,Ghoul' Tar,Undead,CC 176
483,Deadly,17,Giant Lizard,Beast,MM 326
484,Deadly,5,Ogre,Giant,MM 237
485,Deadly,2,Gorgon,Monstrosity,MM 171
486,Deadly,8,Indentured Spirit,Undead,GGR 206
487,Deadly,1,Minotaur' Lost,Undead,CC 268
488,Deadly,4,Frost Mole,Beast,ToB2 390
489,Deadly,3,Tusked Skyfish,Aberration,ToB 391
490,Deadly,17,Drow,Humanoid,MM 128
491,Insanity,9,Minotaur Skeleton,Undead,MM 273
492,Insanity,6,Swarm of Scarabs,Beast,VRgtR 247
493,Insanity,2,Ley Wanderer,Aberration,ToB3 260
494,Insanity,17,Simian' Kapi,Humanoid,CC 336
495,Insanity,4,Megaloceros,Beast,ToB2 396
496,Insanity,3,Air Elemental,Elemental,MM 124
497,Insanity,1,Leech Demon,Fiend,ToB3 110
498,Insanity,9,Tortle Druid,Humanoid,MTF 242
499,Insanity,6,Ghast of Leng,Aberration,CC 168
500,Insanity,2,Water Elemental Myrmidon,Elemental,MTF 203
501,Medium,3,Giant Pufferfish,Beast,ToB3 200
502,Medium,2,Dust Grazer,Aberration,ToB3 163
503,Medium,8,Puffinfolk,Humanoid,ToB3 322
504,Medium,19,Flumph,Aberration,MM 135
505,Medium,1,Nehekhara Tomb Guard,Undead,TombKings 2
506,Medium,6,Sunset Raptor,Monstrosity,CC 351
507,Medium,3,Deep One,Humanoid,ToB 73
508,Medium,2,Bone Naga,Undead,MM 233
509,Medium,8,Gazer,Aberration,VGM 126
510,Medium,19,Giant Crab,Beast,MM 324
511,Medium,1,Rat King,Monstrosity,ToB 318
512,Medium,6,Offal Walker,Undead,ToB3 296
513,Medium,3,Duergar Xarrorn,Humanoid,MTF 193
514,Medium,2,Returned Palamnite,Undead,MOoT 241
515,Medium,8,Orc Nurtured One of Yurtrus,Humanoid,VGM 184
516,Medium,19,Slaad Tadpole,Aberration,MM 276
517,Medium,1,Vampire Spawn,Undead,MM 298
518,Medium,6,Quickling,Fey,VGM 187
519,Medium,3,Orc Eye of Gruumsh,Humanoid,MM 247
520,Medium,2,Unhatched,Undead,CC 363
521,Medium,8,Cackler,Fiend,GGR 195
522,Medium,19,Valenar Hawk,Fey,Ebb 312
523,Medium,1,Centaur Chieftain,Monstrosity,CC 60
524,Medium,6,Moss Lurker,Humanoid,ToB 298
525,Medium,3,Ratfolk Mercenary,Humanoid,CC 315
526,Medium,2,Orc Blade of Ilneval,Humanoid,VGM 183
527,Medium,8,Orc' Green Abyss,Humanoid,CC 291
528,Medium,19,Pixie's Umbrella,Plant,ToB2 158
529,Medium,1,Spawn of Akyishigal,Fiend,ToB 83
530,Medium,6,Alabroza,Monstrosity,ToB3 13
531,Hard,2,Drake' Moon,Dragon,CC 129
532,Hard,4,Nehekhara Liche Acolyte,Undead,TombKings 6
533,Hard,3,Kobold Drake Rider,Humanoid,ToB3 252
534,Hard,1,Ulnorya,Aberration,ToB2 354
535,Hard,28,Giant Weasel,Beast,MM 329
536,Hard,2,Spawn of Parzelon,Fiend,CC 102
537,Hard,4,Quaggoth,Humanoid,MM 256
538,Hard,3,Dragon' Wasteland Wyrmling,Dragon,CC 118
539,Hard,1,Woe Strider,Aberration,MOoT 247
540,Hard,28,Sniffer Beetle,Beast,ToB2 40
541,Hard,2,Gladiator,Humanoid,MM 346
542,Hard,4,Guardian Archaeopteryx,Beast,ToB3 126
543,Hard,3,Nightmare,Fiend,MM 235
544,Hard,1,Maurezhi,Fiend,MTF 133
545,Hard,28,Cikavak,Beast,ToB 58
546,Hard,2,Temple Dog,Celestial,ToB 378
547,Hard,4,Yann-An-Oed,Aberration,CC 391
548,Hard,3,Demon' Plaresh,Fiend,CC 89
549,Hard,1,Demon' Vellso,Fiend,CC 92
550,Hard,28,Climbing Vine,Plant,ToB3 85
551,Hard,2,Derro' Witch Queen,Humanoid,CC 97
552,Hard,4,Skyjek Roc,Monstrosity,GGR 219
553,Hard,3,Brownie Beastrider,Fey,ToB3 69
554,Hard,1,Ursa Polaris,Monstrosity,CC 364
555,Hard,28,Tribal Warrior,Humanoid,MM 350
556,Hard,2,Voidpool,Ooze,ToB2 362
557,Hard,4,Pegasus,Celestial,MM 250
558,Hard,3,Jaculus,Dragon,ToB 258
559,Hard,1,Graveyard Dragon,Undead,ToB2 183
560,Hard,28,Boggle,Fey,VGM 128
561,Deadly,1,Demon' Malakbel,Fiend,ToB 78
562,Deadly,6,Balbazu,Fiend,ToB3 107
563,Deadly,4,Werebat,Humanoid,CC 258
564,Deadly,22,Tuberkith,Plant,ToB3 379
565,Deadly,10,Sea Spawn,Humanoid,VGM 189
566,Deadly,3,Mindshard,Aberration,ToB3 271
567,Deadly,2,Tlincalli,Monstrosity,VGM 193
568,Deadly,1,Bukavac,Monstrosity,ToB 47
569,Deadly,6,Ratfolk Mercenary,Humanoid,CC 315
570,Deadly,4,Gnoll Havoc Runner,Humanoid,ToB 230
571,Deadly,22,Gray Orc,Humanoid,ToB2 284
572,Deadly,10,Harpy,Monstrosity,MM 181
573,Deadly,3,Lizard King/Queen,Humanoid,MM 205
574,Deadly,2,Demon' Spree,Fiend,CC 91
575,Deadly,1,Psychophant,Humanoid,ToB3 405
576,Deadly,6,Kallikantzaros,Fey,CC 233
577,Deadly,4,Elvish Veteran Archer,Humanoid,ToB 422
578,Deadly,22,Dust Goblin,Humanoid,ToB 232
579,Deadly,10,Alseid,Fey,MOoT 235
580,Deadly,3,Giant Water Scorpion,Beast,ToB2 393
581,Deadly,2,Dogmole Juggernaut,Monstrosity,ToB 121
582,Deadly,1,Drake' Deep,Dragon,ToB 152
583,Deadly,6,Giant Elk,Beast,MM 325
584,Deadly,4,Owlbear,Monstrosity,MM 249
585,Deadly,22,Rothe,Beast,VGM 207
586,Deadly,10,Conniption Bug,Beast,ToB3 93
587,Deadly,3,Manabane Scarab Swarm,Beast,ToB 374
588,Deadly,2,Jack of Strings,Fey,ToB2 218
589,Deadly,1,Pine Doom,Plant,ToB2 295
590,Deadly,6,Orc' Black Sun,Humanoid,CC 289
591,Insanity,3,Annis Hag,Fey,VGM 159
592,Insanity,2,Inquisitor of the Tome,Humanoid,VRgtR 249
593,Insanity,22,Rum Gremlin,Fey,ToB 239
594,Insanity,8,Flame Eater Swarm,Beast,CC 158
595,Insanity,6,Sluagh Swarm,Fey,ToB 376
596,Insanity,1,Virtuoso Lich,Undead,ToB2 238
597,Insanity,4,Windy Wailer,Undead,ToB2 370
598,Insanity,3,Rusalka,Undead,ToB 331
599,Insanity,2,Drake' Rust,Dragon,ToB 155
600,Insanity,22,Gnoll Hunter,Humanoid,VGM 154
601,Medium,2,Quickserpent,Beast,ToB2 303
602,Medium,3,Yuan-ti Malison,Monstrosity,MM 309
603,Medium,1,Underworld Cerberus,Monstrosity,MOoT 215
604,Medium,6,Clockwork Pugalist,Construct,ToB3 88
605,Medium,24,Cikavak,Beast,ToB 58
606,Medium,4,Yann-An-Oed,Aberration,CC 391
607,Medium,2,Oculo Swarm,Monstrosity,ToB 309
608,Medium,3,Mummy' Venomous,Undead,ToB 299
609,Medium,1,Akhlut,Beast,ToB2 12
610,Medium,6,Boloti,Fey,ToB 38
611,Medium,24,Manes,Fiend,MM 60
612,Medium,4,Baleful Miasma,Elemental,ToB3 50
613,Medium,2,Yuan-ti Mind Whisperer,Monstrosity,VGM 204
614,Medium,3,Wight,Undead,MM 300
615,Medium,1,Werynax,Monstrosity,ToB2 367
616,Medium,6,Heggarna,Aberration,ToB2 196
617,Medium,24,Xvart,Humanoid,VGM 200
618,Medium,4,Duergar Stone Guard,Humanoid,MTF 191
619,Medium,2,Animated Quartet,Construct,ToB3 35
620,Medium,3,Dragonborn Edjet,Humanoid,CC 121
621,Medium,1,Silent Crier,Fiend,ToB3 344
622,Medium,6,Wampus Cat,Monstrosity,ToB 405
623,Medium,24,Bandit,Humanoid,MM 343
624,Medium,4,Akanka,Fey,ToB3 10
625,Medium,2,Couatl,Celestial,MM 43
626,Medium,3,Knight,Humanoid,MM 347
627,Medium,1,Spawn of Alquam,Fiend,ToB2 95
628,Medium,6,Moss Lurker,Humanoid,ToB 298
629,Medium,24,Ice Bogie,Fey,ToB2 209
630,Medium,4,Razorback Crab,Beast,ToB3 98
631,Hard,2,Spawn of Arbeyach,Fiend,ToB 97
632,Hard,3,Servant of the Unsated God,Undead,ToB2 321
633,Hard,1,Mandriano' Ancient,Plant,CC 261
634,Hard,4,Bulezau,Fiend,MTF 131
635,Hard,5,Adult Faerie Dragon,Dragon,MM 133
636,Hard,17,Diving Gell,Ooze,ToB3 136
637,Hard,8,Tiger,Beast,MM 339
638,Hard,2,Brontosaurus,Beast,VGM 139
639,Hard,3,Ogre Battering Ram,Giant,MTF 220
640,Hard,1,Magma Octopus,Elemental,ToB2 251
641,Hard,4,Nergaliid,Fiend,EGtW 296
642,Hard,5,Drake' Forest,Dragon,CC 128
643,Hard,17,Axe Beak,Beast,MM 317
644,Hard,8,Young Faerie Dragon,Dragon,MM 133
645,Hard,2,Far Dorocha,Fey,ToB2 142
646,Hard,3,Drake' Ash,Dragon,ToB 149
647,Hard,1,Drake' Rust,Dragon,ToB 155
648,Hard,4,Firecracker Dwarf,Humanoid,ToB3 165
649,Hard,5,Tortle Druid,Humanoid,MTF 242
650,Hard,17,Tortle,Humanoid,MTF 242
651,Hard,8,Iceworm,Monstrosity,ToB3 241
652,Hard,2,Dread Walker Excavator,Construct,ToB2 129
653,Hard,3,Manabane Scarab Swarm,Beast,ToB 374
654,Hard,1,Deathlock Mastermind,Undead,MTF 129
655,Hard,4,Bulezau,Fiend,MTF 131
656,Hard,5,Behtu,Humanoid,ToB 34
657,Hard,17,Skull Lantern,Undead,CC 343
658,Hard,8,Young Myrmex,Elemental,ToB3 284
659,Hard,2,Therizinosaurus,Beast,ToB3 128
660,Hard,3,Edimmu,Undead,ToB 165
661,Deadly,27,Grimlock,Humanoid,MM 175
662,Deadly,5,Ghoul' Darakhul,Undead,ToB 216
663,Deadly,1,Drudge Pitcher,Plant,ToB3 161
664,Deadly,4,Kraul Death Priest,Humanoid,GGR 214
665,Deadly,2,Gauth,Aberration,VGM 125
666,Deadly,6,Ahu-Nixta Mechanon,Construct,ToB3 9
667,Deadly,12,Carbuncle,Monstrosity,CC 57
668,Deadly,3,Dread Walker Excavator,Construct,ToB2 129
669,Deadly,27,Ramag,Humanoid,ToB 317
670,Deadly,5,Lazavik,Fey,ToB2 236
671,Deadly,1,Bimancer,Humanoid,GGR 256
672,Deadly,4,Cats of Ulthar,Beast,CC 58
673,Deadly,2,Hobgoblin Warlord,Humanoid,MM 187
674,Deadly,6,Quaggoth,Humanoid,MM 256
675,Deadly,12,Erina Defender,Humanoid,ToB 178
676,Deadly,3,Clockwork Abomination,Construct,ToB 59
677,Deadly,27,Giant Owl,Beast,MM 327
678,Deadly,5,Mush Marcher,Plant,ToB3 192
679,Deadly,1,Gearkeeper Construct,Construct,EGtW 290
680,Deadly,4,Gnoll Fang of Yeenoghu,Fiend,MM 163
681,Deadly,2,Malphas,Fey,ToB 283
682,Deadly,6,Tortle Druid,Humanoid,MTF 242
683,Deadly,12,Hippogriff,Monstrosity,MM 184
684,Deadly,3,Scribe Devil,Fiend,ToB2 105
685,Deadly,27,Giant Bombardier Beetle,Beast,ToB2 39
686,Deadly,5,Draconian Infiltrator,Monstrosity,FToD 178
687,Deadly,1,Conjoined Queen,Monstrosity,ToB2 70
688,Deadly,4,Dust Grazer,Aberration,ToB3 163
689,Deadly,2,Zombie Clot,Undead,VRgtR 255
690,Deadly,6,Griffon,Monstrosity,MM 174
691,Insanity,6,Cavelight Moss,Plant,ToB 53
692,Insanity,3,Breakwater Troll,Giant,ToB3 372
693,Insanity,2,Khargi,Fiend,ToB3 251
694,Insanity,1,Zmey,Dragon,ToB 416
695,Insanity,9,Void Fungus,Plant,ToB3 193
696,Insanity,4,Far Dorocha,Fey,ToB2 142
697,Insanity,27,Rochade,Fey,ToB3 332
698,Insanity,6,Psychopomp,Celestial,ToB3 28
699,Insanity,3,Dwarven Ringmage,Humanoid,ToB 420
700,Insanity,2,Rot Troll,Giant,MTF 244
701,Medium,28,Shroud,Undead,ToB 348
702,Medium,2,Ogre' Tusked Crimson,Giant,CC 279
703,Medium,4,Swarm of Maggots,Beast,VRgtR 247
704,Medium,1,A-Mi-Kuk,Aberration,ToB2 15
705,Medium,3,Catscratch,Aberration,ToB2 58
706,Medium,28,Xvart,Humanoid,VGM 200
707,Medium,2,Water Elemental,Elemental,MM 125
708,Medium,4,Swarm of Poisonous Snakes,Beast,MM 338
709,Medium,1,Chuhaister,Giant,CC 62
710,Medium,3,Drake' Skull,Dragon,CC 132
711,Medium,28,Poisonous Snake,Beast,MM 334
712,Medium,2,Unicorn,Celestial,MM 294
713,Medium,4,Dragonborn Hvy Cavalry,Humanoid,CC 123
714,Medium,1,Wyvern' War,Dragon,CC 386
715,Medium,3,Kobold Drake Rider,Humanoid,ToB3 252
716,Medium,28,Wicked Skull,Monstrosity,ToB2 368
717,Medium,2,Drake' Moon,Dragon,CC 129
718,Medium,4,Rhinoceros,Beast,MM 336
719,Medium,1,Vallowex,Aberration,ToB2 356
720,Medium,3,Imy-Ut Ushabti,Monstrosity,ToB 256
721,Medium,28,Ice Bogie,Fey,ToB2 209
722,Medium,2,Dvarapala,Giant,CC 137
723,Medium,4,Swarm of Maggots,Beast,VRgtR 247
724,Medium,1,Golem' Bone,Construct,CC 195
725,Medium,3,Kobold Drake Rider,Humanoid,ToB3 252
726,Medium,28,Noble,Humanoid,MM 348
727,Medium,2,Kruthik Hive Lord,Monstrosity,MTF 212
728,Medium,4,Prismatic Dragon Wyrmling,Dragon,ToB3 143
729,Medium,1,Tveirherjar,Undead,CC 359
730,Medium,3,Dragonborn Edjet,Humanoid,CC 121
731,Hard,1,Nycaloth,Fiend,MM 314
732,Hard,10,Lamia' Serpentine,Monstrosity,CC 248
733,Hard,4,Carrion Stalker,Monstrosity,VRgtR 230
734,Hard,22,Ox,Beast,VGM 207
735,Hard,3,Dorreq,Aberration,ToB 124
736,Hard,2,Asanbosam,Aberration,ToB 27
737,Hard,6,Kallikantzaros,Fey,CC 233
738,Hard,1,Skeleton' Vine Troll,Plant,ToB 351
739,Hard,10,Category 1 Krasis,Monstrosity,GGR 210
740,Hard,4,Akroan Hoplite,Humanoid,MOoT 228
741,Hard,22,Grimlock,Humanoid,MM 175
742,Hard,3,Wereboar,Humanoid,MM 209
743,Hard,2,Giant Crocodile,Beast,MM 324
744,Hard,6,Mad Piper,Construct,ToB2 250
745,Hard,1,Hellfire Giant,Giant,ToB3 203
746,Hard,10,Giant Moth' Shockwing,Beast,CC 179
747,Hard,4,Catscratch,Aberration,ToB2 58
748,Hard,22,Biting Gnat Swarm,Beast,ToB3 360
749,Hard,3,Setessan Hoplite,Humanoid,MOoT 299
750,Hard,2,Aniwye,Monstrosity,ToB2 25
751,Hard,6,Cave Bear,Beast,MM 334
752,Hard,1,Shadow River Lord,Undead,CC 327
753,Hard,10,Hybrid Shocker,Humanoid,GGR 218
754,Hard,4,Myrmidon Rakshasa,Fiend,ToB3 328
755,Hard,22,Ox,Beast,VGM 207
756,Hard,3,Cosmotronic Blastseeker,Humanoid,GGR 242
757,Hard,2,Allip,Undead,MTF 116
758,Hard,6,Skeleton' Shadow,Undead,CC 342
759,Hard,1,Gloom Weaver,Humanoid,MTF 224
760,Hard,10,Death Dog,Monstrosity,MM 321
761,Deadly,6,Knight,Humanoid,MM 347
762,Deadly,2,Puca,Fey,ToB3 321
763,Deadly,16,Lizardfolk,Humanoid,MM 204
764,Deadly,1,Yagnoloth,Fiend,MTF 252
765,Deadly,4,Tosculi' Jeweled Drone,Humanoid,CC 355
766,Deadly,3,Kamaitachi,Monstrosity,ToB2 220
767,Deadly,6,Giff,Humanoid,MTF 204
768,Deadly,2,Necrichor,Undead,VRgtR 238
769,Deadly,16,Warhorse,Beast,MM 340
770,Deadly,1,Soul Monger,Humanoid,MTF 226
771,Deadly,4,Incubus,Fiend,MM 285
772,Deadly,3,Felidar,Celestial,GGR 199
773,Deadly,6,Alpine Creeper,Plant,ToB3 19
774,Deadly,2,Angel' Sammael,Celestial,CC 19
775,Deadly,16,Greed Swarm,Construct,ToB2 184
776,Deadly,1,Dracohydra,Monstrosity,FToD 176
777,Deadly,4,Strigoi,Monstrosity,VRgtR 246
778,Deadly,3,Sahuagin Baron,Humanoid,MM 264
779,Deadly,6,Yeti,Monstrosity,MM 305
780,Deadly,2,Avalanche Screamer,Aberration,ToB2 35
781,Deadly,16,Nupperibo,Fiend,MTF 168
782,Deadly,1,Black Shuck,Fiend,ToB3 59
783,Deadly,4,Merrow Shallowpriest,Monstrosity,EGtW 294
784,Deadly,3,Sliepnir,Monstrosity,CC 344
785,Deadly,6,Chill Haunt,Undead,ToB2 62
786,Deadly,2,Drake' Elder Shadow,Dragon,ToB 153
787,Deadly,16,Alkonost,Monstrosity,CC 12
788,Deadly,1,Roc,Monstrosity,MM 260
789,Deadly,4,Faceless Wanderer,Aberration,ToB2 139
790,Deadly,3,Swarm of Cranium Rats,Beast,VGM 133
791,Insanity,3,Greater Ghast of Leng,Aberration,ToB2 164
792,Insanity,1,Cosmic Symphony,Celestial,ToB3 96
793,Insanity,4,Lawmage,Humanoid,GGR 228
794,Insanity,2,Leviathan Hunter Kobold,Humanoid,ToB3 255
795,Insanity,16,Dryad,Fey,MM 121
796,Insanity,6,Merrow Shallowpriest,Monstrosity,EGtW 294
797,Insanity,5,Dwarf' Cleric of the Brew,Humanoid,CC 399
798,Insanity,8,Ravening Minotaur,Monstrosity,ToB3 272
799,Insanity,3,Devil' Lunar,Fiend,ToB 110
800,Insanity,1,Purple Worm,Monstrosity,MM 255
801,Medium,3,Ooze' Ink Guardian,Ooze,CC 285
802,Medium,5,Duergar Hammerer,Construct,MTF 188
803,Medium,2,Dwarf' Cleric of the Brew,Humanoid,CC 399
804,Medium,17,Servitor Thrull,Construct,GGR 221
805,Medium,4,War Chaplain,Humanoid,CC 410
806,Medium,1,Young Moonstone Dragon,Dragon,FToD 213
807,Medium,8,Wampus Cat,Monstrosity,ToB 405
808,Medium,3,Incubus,Fiend,MM 285
809,Medium,5,Skeleton' Clacking,Undead,CC 340
810,Medium,2,Nehekhara Liche Priest,Undead,TombKings 4
811,Medium,17,Giant Armadillo,Beast,ToB2 392
812,Medium,4,Flame Dragon Wyrmling,Dragon,ToB 131
813,Medium,1,Hongaek,Elemental,ToB2 201
814,Medium,8,Giant Strider,Monstrosity,VGM 143
815,Medium,3,Strigoi,Monstrosity,VRgtR 246
816,Medium,5,Yali,Construct,ToB3 398
817,Medium,2,Aural Hunter,Aberration,ToB3 47
818,Medium,17,Violet Fungus,Plant,MM 138
819,Medium,4,Fleecemane Lion,Monstrosity,MOoT 223
820,Medium,1,Chain Devil,Fiend,MM 72
821,Medium,8,Inciter,Fiend,ToB3 108
822,Medium,3,The Flesh,Aberration,ToB3 367
823,Medium,5,Giant Pufferfish,Beast,ToB3 200
824,Medium,2,Vapor Lynx,Monstrosity,ToB 398
825,Medium,17,Giant Frog,Beast,MM 325
826,Medium,4,Gloomflower,Plant,CC 188
827,Medium,1,Pal-Rai-Yuk,Monstrosity,ToB2 291
828,Medium,8,Dragonborn Lgt Cavalry,Humanoid,CC 124
829,Medium,3,Bandit Lord,Humanoid,ToB 418
830,Medium,5,Carrion Crawler,Monstrosity,MM 37
831,Hard,5,Golem' Keg,Construct,CC 199
832,Hard,1,Slayer Rakshasa,Fiend,ToB3 330
833,Hard,2,Stormboar,Monstrosity,ToB2 341
834,Hard,12,Pestilence Swarm,Beast,ToB2 294
835,Hard,6,Swarm of Fleas,Beast,ToB3 197
836,Hard,4,Rum Lord,Fey,ToB2 185
837,Hard,25,Axe Beak,Beast,MM 317
838,Hard,3,Brownie Mystic,Fey,ToB3 69
839,Hard,5,Blue Dragon Wyrmling,Dragon,MM 91
840,Hard,1,Drake' Deep,Dragon,ToB 152
841,Hard,2,Rime Worm' Adult,Elemental,ToB 327
842,Hard,12,Yuan-ti Pureblood,Humanoid,MM 310
843,Hard,6,Vegepygmy Chief,Plant,VGM 197
844,Hard,4,Zombie Plague Spreader,Undead,VRgtR 255
845,Hard,25,Deep Rothe,Beast,VGM 207
846,Hard,3,Old Salt,Undead,ToB3 304
847,Hard,5,Bat' Giant Albino,Monstrosity,CC 50
848,Hard,1,Golem' Lotus,Construct,CC 202
849,Hard,2,Ghost Knight,Humanoid,ToB 423
850,Hard,12,Alabroza,Monstrosity,ToB3 13
851,Hard,6,Guardian Archaeopteryx,Beast,ToB3 126
852,Hard,4,Gnyan,Elemental,ToB3 210
853,Hard,25,Swarm of Bats,Beast,MM 337
854,Hard,3,Dwarf' Cleric of the Brew,Humanoid,CC 399
855,Hard,5,Bloody Bones,Monstrosity,CC 54
856,Hard,1,Aurora Horribilis,Aberration,ToB2 34
857,Hard,2,Gulon,Monstrosity,CC 212
858,Hard,12,Stone Cursed,Construct,MTF 240
859,Hard,6,Dragon' Light' Wyrmling,Dragon,CC 113
860,Hard,4,Orc Blade of Ilneval,Humanoid,VGM 183
861,Deadly,8,Crystal Dragon Wyrmling,Dragon,FToD 172
862,Deadly,1,Behir,Monstrosity,MM 25
863,Deadly,3,Gearmass,Ooze,ToB3 195
864,Deadly,19,Cadaver Sprite,Undead,ToB2 55
865,Deadly,2,Wanyudo,Fiend,ToB2 364
866,Deadly,5,Flab Giant,Giant,ToB 223
867,Deadly,6,Giant Scorpion,Beast,MM 327
868,Deadly,8,Uraeus,Celestial,ToB 392
869,Deadly,1,Horned Devil,Fiend,MM 74
870,Deadly,3,Yuan-ti Pit Master,Monstrosity,VGM 206
871,Deadly,19,Porcellina,Beast,ToB3 317
872,Deadly,2,Shabti,Construct,ToB 343
873,Deadly,5,Babau,Fiend,VGM 136
874,Deadly,6,Woe Siphon,Fey,ToB2 373
875,Deadly,8,Arcamag,Monstrosity,CC 41
876,Deadly,1,Vesiculosa,Plant,ToB 399
877,Deadly,3,Kikimora,Fey,ToB 260
878,Deadly,19,Rust Monster,Monstrosity,MM 262
879,Deadly,2,Xhkarsh,Aberration,ToB 412
880,Deadly,5,Azeban,Fey,CC 44
881,Deadly,6,Ravenfolk Warrior (Kenku),Humanoid,ToB 322
882,Deadly,8,Qiqirn,Monstrosity,ToB2 301
883,Deadly,1,Yagnoloth,Fiend,MTF 252
884,Deadly,3,Ice Elemental,Elemental,ToB2 133
885,Deadly,19,Boot Grabber,Aberration,CC 56
886,Deadly,2,Giant' Blood,Giant,CC 180
887,Deadly,5,Ghoul' Imperial,Undead,ToB 220
888,Deadly,6,Wrackwraith,Undead,ToB3 395
889,Deadly,8,Bilge Gremlin Bosun,Fey,ToB3 219
890,Deadly,1,Grim Jester,Undead,ToB 240
891,Insanity,4,Stormboar,Monstrosity,ToB2 341
892,Insanity,2,Balhannoth,Aberration,MTF 118
893,Insanity,1,Storm Giant Quintessent,Giant,VGM 151
894,Insanity,3,Young Cave Dragon,Dragon,ToB 127
895,Insanity,6,Adult Oblex,Ooze,MTF 218
896,Insanity,19,Chamrosh,Celestial,ToB2 59
897,Insanity,10,Drake' Bathhouse,Dragon,CC 126
898,Insanity,4,Spawn of Alquam,Fiend,ToB2 95
899,Insanity,2,Dracohydra,Monstrosity,FToD 176
900,Insanity,1,Vent Linnorm,Dragon,ToB2 239
901,Medium,3,Megaloceros,Beast,ToB2 396
902,Medium,8,Child of the Briar,Plant,ToB 56
903,Medium,1,Vines of Nemthyr,Plant,CC 371
904,Medium,19,Panther,Beast,MM 333
905,Medium,4,Ghost Boar,Monstrosity,CC 169
906,Medium,2,Phase Giant,Giant,ToB2 172
907,Medium,6,Peryton,Monstrosity,MM 251
908,Medium,3,Gutter Troll,Giant,ToB3 373
909,Medium,8,Warforged Soldier,Humanoid,Ebb 320
910,Medium,1,Hound of Tindalos,Aberration,CC 221
911,Medium,19,Wolf,Beast,MM 341
912,Medium,4,Wolf Reaver Dwarf,Humanoid,ToB 426
913,Medium,2,Sacred Hippopotamus,Celestial,ToB3 234
914,Medium,6,Gnoll Pack Lord,Humanoid,MM 163
915,Medium,3,Servant of Yig,Aberration,CC 325
916,Medium,8,Garlicle,Plant,ToB2 162
917,Medium,1,Wanyudo,Fiend,ToB2 364
918,Medium,19,Wretched Sorrowsworn,Monstrosity,MTF 233
919,Medium,4,Astral Snapper,Aberration,CC 43
920,Medium,2,Temple Dog,Celestial,ToB 378
921,Medium,6,Spider' Crypt,Beast,CC 348
922,Medium,3,Domovoi,Fey,ToB 122
923,Medium,8,Alp,Fey,CC 14
924,Medium,1,Drow Priestess of Lolth,Humanoid,MM 129
925,Medium,19,Giant Centipede,Beast,MM 323
926,Medium,4,Ooze' Shadow,Ooze,CC 287
927,Medium,2,Peat Mummy,Undead,ToB3 280
928,Medium,6,Duergar Stone Guard,Humanoid,MTF 191
929,Medium,3,Trollkin Shaman,Humanoid,CC 357
930,Medium,8,Ice Urchin,Monstrosity,ToB3 239
931,Hard,4,Dark Father,Undead,CC 71
932,Hard,2,Ophio Fungus,Plant,ToB2 157
933,Hard,15,Lizardfolk,Humanoid,MM 204
934,Hard,3,Leonin Iconoclast,Humanoid,MOoT 232
935,Hard,1,Drudge Pitcher,Plant,ToB3 161
936,Hard,6,Ravening Minotaur,Monstrosity,ToB3 272
937,Hard,4,Dybbuk,Fiend,MTF 132
938,Hard,2,Elf' Enchanter,Humanoid,CC 143
939,Hard,15,Valkruung,Monstrosity,ToB2 355
940,Hard,3,Nehekhara Tomb Warden,Undead,TombKings 1
941,Hard,1,Underworld Sentinel,Undead,ToB3 381
942,Hard,6,Kobold' Swolbold,Humanoid,CC 240
943,Hard,4,Giant' Laestrigonian,Giant,CC 184
944,Hard,2,Tsucora Quori,Aberration,Ebb 307
945,Hard,15,Giant Wasp,Beast,MM 329
946,Hard,3,Floe Hag,Fey,ToB3 226
947,Hard,1,Autumn Eladrin,Fey,MTF 195
948,Hard,6,Drake' Peluda,Dragon,CC 131
949,Hard,4,Animated Quartet,Construct,ToB3 35
950,Hard,2,Vampiric Vanguard,Undead,ToB3 383
951,Hard,15,Winged Thrull,Construct,GGR 221
952,Hard,3,Ravenfolk Doom Croaker (Kenku),Humanoid,ToB 322
953,Hard,1,Froghemoth,Monstrosity,VGM 145
954,Hard,6,Mineral Ooze,Ooze,ToB2 280
955,Hard,4,Alchemical Skunk,Monstrosity,ToB2 13
956,Hard,2,Chelicerae,Aberration,ToB 54
957,Hard,15,Jackalwere,Humanoid,MM 193
958,Hard,3,Sand Hag,Fey,ToB 245
959,Hard,1,Death Kiss,Aberration,VGM 124
960,Hard,6,Flail Snail,Elemental,VGM 144
961,Deadly,1,Chronomatic Enhancer,Construct,ToB2 64
962,Deadly,22,Shovel Dragonette,Dragon,ToB3 150
963,Deadly,2,Shire Giant,Giant,ToB3 205
964,Deadly,3,Lawmage,Humanoid,GGR 228
965,Deadly,4,Dwarf' Cleric of the Brew,Humanoid,CC 399
966,Deadly,8,Rutterkin,Fiend,MTF 136
967,Deadly,6,Night Scorpion,Beast,ToB 340
968,Deadly,1,Sire of Insanity,Fiend,GGR 197
969,Deadly,22,Hybrid Spy,Humanoid,GGR 218
970,Deadly,2,Young Green Dragon,Dragon,MM 94
971,Deadly,3,Gauth,Aberration,VGM 125
972,Deadly,4,Kikimora,Fey,ToB 260
973,Deadly,8,Initiate of the Elder Elementals,Humanoid,ToB2 216
974,Deadly,6,Gaunt One,Aberration,ToB2 163
975,Deadly,1,Herald of Blood,Fiend,ToB 248
976,Deadly,22,Satyr,Fey,MM 267
977,Deadly,2,Cloaker,Aberration,MM 41
978,Deadly,3,Gbahali,Beast,ToB 209
979,Deadly,4,Waterkledde,Fiend,ToB3 390
980,Deadly,8,Balbazu,Fiend,ToB3 107
981,Deadly,6,Crocotta,Monstrosity,ToB2 75
982,Deadly,1,Scintillating Ooze,Ooze,ToB3 307
983,Deadly,22,Moldering Devil,Fiend,ToB3 123
984,Deadly,2,Drake' Rust,Dragon,ToB 155
985,Deadly,3,Necromancer,Humanoid,CC 404
986,Deadly,4,Snow Giant,Giant,ToB2 174
987,Deadly,8,Swarm of Poisonous Snakes,Beast,MM 338
988,Deadly,6,Spider' Jâ€™ba Fofi,Beast,ToB 362
989,Deadly,1,Archlighth Phoenix,Elemental,GGR 193
990,Deadly,22,Weirding Scroll,Construct,CC 376
991,Insanity,8,Wereboar,Humanoid,MM 209
992,Insanity,3,Anzu,Monstrosity,ToB2 26
993,Insanity,5,Stormboar,Monstrosity,ToB2 341
994,Insanity,12,Sahuagin Warlock of Uk'otoa,Humanoid,EGtW 297
995,Insanity,6,Death Shroud Golem,Construct,ToB2 179
996,Insanity,2,Pelagic Deva,Celestial,ToB3 27
997,Insanity,1,Androsphinx,Monstrosity,MM 281
998,Insanity,22,Warforged Soldier,Humanoid,Ebb 320
999,Insanity,4,Soul Eater,Fiend,ToB 356
1000,Insanity,8,Ghoul' Imperial,Undead,ToB 220
1001,Medium,6,Githzerai Monk,Humanoid,MM 161
1002,Medium,12,Snake' Zanskaran Viper,Beast,ToB 354
1003,Medium,5,Golem' Wood,Construct,CC 201
1004,Medium,4,Flab Giant,Giant,ToB 223
1005,Medium,1,Nehekhara Tomb Prince,Undead,TombKings 9
1006,Medium,2,Fext,Undead,ToB 183
1007,Medium,3,Egg Hunter Adult,Monstrosity,FToD 193
1008,Medium,25,Riding Horse,Beast,MM 336
1009,Medium,6,Hybrid Flyer,Humanoid,GGR 217
1010,Medium,12,Clockwork Pugalist,Construct,ToB3 88
1011,Medium,5,Leucrotta,Monstrosity,VGM 169
1012,Medium,4,Brachyura Shambler,Monstrosity,ToB2 49
1013,Medium,1,Bone Devil,Fiend,MM 71
1014,Medium,2,Nichny,Fey,ToB 303
1015,Medium,3,Dream Wraith,Undead,CC 135
1016,Medium,25,Sprite,Fey,MM 283
1017,Medium,6,Guard Drake,Dragon,VGM 158
1018,Medium,12,Serpentfolk of Yig,Humanoid,CC 324
1019,Medium,5,Far Wanderer,Aberration,CC 151
1020,Medium,4,Nkosi Pridelord,Humanoid,ToB 306
1021,Medium,1,Golem' Lotus,Construct,CC 202
1022,Medium,2,Bloom Hydra,Plant,ToB2 207
1023,Medium,3,Chemosit,Fiend,ToB3 82
1024,Medium,25,Dust Goblin,Humanoid,ToB 232
1025,Medium,6,Mad Piper,Construct,ToB2 250
1026,Medium,12,Swarm of Bees,Beast,ToB2 400
1027,Medium,5,Fragrant One,Fey,ToB2 156
1028,Medium,4,Lemurfolk Greyfur,Humanoid,ToB 271
1029,Medium,1,Pelagic Blush Worm,Monstrosity,ToB3 313
1030,Medium,2,Devil' Crystalline,Fiend,ToB 105
1031,Hard,2,Ice Golem,Construct,ToB3 216
1032,Hard,19,Crocodile,Beast,MM 320
1033,Hard,5,Deep Troll,Giant,ToB2 352
1034,Hard,3,Manggus,Giant,ToB2 256
1035,Hard,8,Drake' Paper,Dragon,ToB 154
1036,Hard,6,Flail Snail,Elemental,VGM 144
1037,Hard,1,Grim Jester,Undead,ToB 240
1038,Hard,2,Deathlock Mastermind,Undead,MTF 129
1039,Hard,19,Orc Nurtured One of Yurtrus,Humanoid,VGM 184
1040,Hard,5,Pesta Hag,Fey,ToB3 227
1041,Hard,3,Cambion,Fiend,MM 36
1042,Hard,8,Silver Dragon Wyrmling Skeleton,Undead,ToB2 331
1043,Hard,6,Far Wanderer,Aberration,CC 151
1044,Hard,1,Doomwake Giant,Giant,MOoT 224
1045,Hard,2,Ikuchi,Elemental,ToB2 210
1046,Hard,19,Firenewt Warrior,Humanoid,VGM 142
1047,Hard,5,Lemurfolk Greyfur,Humanoid,ToB 271
1048,Hard,3,Sasquatch,Beast,ToB2 314
1049,Hard,8,Yumerai,Fey,ToB2 381
1050,Hard,6,Karrnathi Undead Soldier,Undead,Ebb 295
1051,Hard,1,Giant' Void,Giant,CC 187
1052,Hard,2,Necrotech Thunderer,Undead,ToB3 289
1053,Hard,19,Magmin,Elemental,MM 212
1054,Hard,5,Nian,Monstrosity,CC 276
1055,Hard,3,Hulking Whelp,Fey,ToB 252
1056,Hard,8,Void Dragon Wyrmling,Dragon,ToB 140
1057,Hard,6,Viiret,Plant,ToB2 361
1058,Hard,1,Young Imperial Dragon,Dragon,ToB2 117
1059,Hard,2,Chain Devil,Fiend,MM 72
1060,Hard,19,War Ostrich,Beast,ToB 307
1061,Deadly,3,Possessed Pillar,Construct,ToB 314
1062,Deadly,12,Orphan of the Black,Fey,ToB2 286
1063,Deadly,28,Aviere,Celestial,ToB2 36
1064,Deadly,2,Treant,Plant,MM 289
1065,Deadly,4,Derro Shadow Antipaladin,Humanoid,ToB 93
1066,Deadly,6,Cactus Drake,Dragon,ToB3 152
1067,Deadly,8,Wolf Reaver Dwarf,Humanoid,ToB 426
1068,Deadly,1,Cambium,Fiend,ToB 51
1069,Deadly,3,Void Speaker,Humanoid,CC 408
1070,Deadly,12,Cauldronborn,Construct,CC 59
1071,Deadly,28,Wintergrim,Fey,ToB2 372
1072,Deadly,2,Clay Golem,Construct,MM 168
1073,Deadly,4,Vampiric Mind Flayer,Undead,VRgtR 252
1074,Deadly,6,Falsifier Fog,Undead,ToB2 140
1075,Deadly,8,Yeti,Monstrosity,MM 305
1076,Deadly,1,Devkarin Lich,Undead,GGR 198
1077,Deadly,3,Dhergoloth,Fiend,MTF 248
1078,Deadly,12,Akanka,Fey,ToB3 10
1079,Deadly,28,Tosculi Drone,Monstrosity,ToB 386
1080,Deadly,2,Golem' Alchemical,Construct,CC 192
1081,Deadly,4,Owl Harpy,Monstrosity,ToB 246
1082,Deadly,6,Cats of Ulthar,Beast,CC 58
1083,Deadly,8,Bloody Bones,Monstrosity,CC 54
1084,Deadly,1,Smaragdine Golem,Construct,ToB 236
1085,Deadly,3,Living Cloudkill,Construct,Ebb 299
1086,Deadly,12,Merrow,Monstrosity,MM 219
1087,Deadly,28,Vine Blight,Plant,MM 32
1088,Deadly,2,Jinmenju,Plant,CC 232
1089,Deadly,4,Faux-Garou,Construct,ToB3 174
1090,Deadly,6,Giant Water Scorpion,Beast,ToB2 393
1091,Insanity,5,Liondrake,Monstrosity,FToD 207
1092,Insanity,28,Kuo-toa Whip,Humanoid,MM 200
1093,Insanity,2,Nautiloid,Elemental,ToB3 286
1094,Insanity,4,Chain Devil,Fiend,MM 72
1095,Insanity,1,Demon Lord' Chemosh,Fiend,CC 75
1096,Insanity,10,Deathlock,Undead,MTF 128
1097,Insanity,3,Field Commander,Humanoid,ToB3 406
1098,Insanity,6,The Heavy Weapon Rat,Humanoid,Skaven 2
1099,Insanity,5,Stone Giant,Giant,MM 156
1100,Insanity,28,Giant Strider,Monstrosity,VGM 143
1101,Medium,2,Herald of Darkness,Fiend,ToB 249
1102,Medium,6,Cave Drake,Dragon,ToB2 119
1103,Medium,3,Aniwye,Monstrosity,ToB2 25
1104,Medium,4,Amethyst Dragon Wyrmling,Dragon,FToD 162
1105,Medium,1,Cloud Giant Smiling One,Giant,VGM 146
1106,Medium,16,Winged Thrull,Construct,GGR 221
1107,Medium,2,Vallowex,Aberration,ToB2 356
1108,Medium,6,Brimstone Locusthound,Monstrosity,ToB2 51
1109,Medium,3,Barlgura,Fiend,MM 56
1110,Medium,4,Ghoul' Imperial,Undead,ToB 220
1111,Medium,1,Drow Shadowblade,Humanoid,MTF 187
1112,Medium,16,Juniper Sheriff,Fey,ToB3 248
1113,Medium,2,Blood Witch,Humanoid,GGR 248
1114,Medium,6,Quaggoth Thonot,Humanoid,MM 256
1115,Medium,3,Dream Eater,Fiend,ToB 158
1116,Medium,4,Animated Quartet,Construct,ToB3 35
1117,Medium,1,Thundercall Hadrosaur,Monstrosity,ToB3 129
1118,Medium,16,Nehekhara Archer,Undead,TombKings 7
1119,Medium,2,Demon' Vellso,Fiend,CC 92
1120,Medium,6,Radiant Spark Swarm,Elemental,ToB2 305
1121,Medium,3,Darakhul Spy,Undead,ToB2 168
1122,Medium,4,Ortifex,Undead,ToB2 287
1123,Medium,1,Remorhaz,Monstrosity,MM 258
1124,Medium,16,Orc' Green Abyss,Humanoid,CC 291
1125,Medium,2,Fluxcharger,Elemental,GGR 208
1126,Medium,6,Stormvermin,Humanoid,Skaven 3
1127,Medium,3,Living Lightning Bolt,Construct,Ebb 299
1128,Medium,4,Sulsha,Humanoid,ToB2 329
1129,Medium,1,Morkoth,Aberration,VGM 178
1130,Medium,16,Hippocamp,Monstrosity,MOoT 227
1131,Hard,3,Rotsam Swarm,Ooze,ToB2 309
1132,Hard,6,Winged Bull,Celestial,MOoT 214
1133,Hard,4,Elves' Shadow Fey' Forest Hunter,Humanoid,ToB 173
1134,Hard,10,Tendril Puppet,Plant,ToB 403
1135,Hard,24,Tosculi Drone,Monstrosity,ToB 386
1136,Hard,2,Ankou Soul Seeker,Dragon,CC 38
1137,Hard,1,Haugbui,Undead,ToB 247
1138,Hard,3,Naizu-Ha,Fey,ToB2 223
1139,Hard,6,Demon' Rattok,Fiend,CC 90
1140,Hard,4,Gorgon,Monstrosity,MM 171
1141,Hard,10,Black Dragon Wyrmling,Dragon,MM 88
1142,Hard,24,Keyhole Dragonette,Dragon,ToB2 118
1143,Hard,2,Deep One Archimandrite,Humanoid,ToB 74
1144,Hard,1,Bone Colossus,Undead,ToB2 267
1145,Hard,3,Kobold' King,Humanoid,CC 239
1146,Hard,6,Sap Demon,Ooze,ToB 335
1147,Hard,4,Nullicorn,Aberration,ToB3 292
1148,Hard,10,Polar Bear,Beast,MM 334
1149,Hard,24,Shifter,Humanoid,Ebb 319
1150,Hard,2,Thief Lord,Humanoid,CC 406
1151,Hard,1,Bonespitter,Monstrosity,ToB2 47
1152,Hard,3,Likho,Monstrosity,ToB 275
1153,Hard,6,Lizard King/Queen,Humanoid,MM 205
1154,Hard,4,Lymarien Swarm,Fey,ToB2 248
1155,Hard,10,Desolation Nymph,Beast,ToB3 105
1156,Hard,24,Foxin,Fey,CC 163
1157,Hard,2,Liosalfar,Elemental,ToB 277
1158,Hard,1,Dire Troll,Giant,MTF 243
1159,Hard,3,Crimson Mist,Undead,CC 67
1160,Hard,6,Thursir Hearth Priestess,Giant,ToB3 207
1161,Deadly,2,Aphasian Abomination,Construct,ToB3 39
1162,Deadly,3,Snow Terror,Fiend,ToB2 334
1163,Deadly,18,Meazel,Humanoid,MTF 214
1164,Deadly,4,Ice Maiden,Fey,ToB 254
1165,Deadly,6,Gold-Forged Sentinel,Construct,MOoT 211
1166,Deadly,1,Adult Sea Dragon,Dragon,ToB 135
1167,Deadly,10,Firecracker Dwarf,Humanoid,ToB3 165
1168,Deadly,2,Young Blue Dragon Zombie,Undead,ToB2 385
1169,Deadly,3,Young Emerald Dragon,Dragon,FToD 197
1170,Deadly,18,Indentured Spirit,Undead,GGR 206
1171,Deadly,4,Spawn of Rhopalocerex,Fiend,ToB2 92
1172,Deadly,6,Zakya Rakshasa,Fiend,Ebb 309
1173,Deadly,1,Planetar,Celestial,MM 17
1174,Deadly,10,Hag' Snow,Fey,CC 214
1175,Deadly,2,Nightveil Specter,Undead,GGR 215
1176,Deadly,3,Drake' Rust,Dragon,ToB 155
1177,Deadly,18,Gerridae,Fey,ToB 212
1178,Deadly,4,Xecha,Fiend,ToB3 397
1179,Deadly,6,Wood Woad,Plant,VGM 198
1180,Deadly,1,Adult Cave Dragon,Dragon,ToB 125
1181,Deadly,10,Fragrant One,Fey,ToB2 156
1182,Deadly,2,Elder Oblex,Ooze,MTF 219
1183,Deadly,3,Hoard Drake,Dragon,ToB2 122
1184,Deadly,18,Iron Defender,Construct,Ebb 293
1185,Deadly,4,Rotsam Swarm,Ooze,ToB2 309
1186,Deadly,6,Hill Giant,Giant,MM 155
1187,Deadly,1,Adult Flame Dragon,Dragon,ToB 129
1188,Deadly,10,Golem' Paper Swarm,Construct,CC 204
1189,Deadly,2,Devil' Automata,Fiend,ToB 102
1190,Deadly,3,Young Green Dragon,Dragon,MM 94
1191,Insanity,5,Sword Wraith Commander,Undead,MTF 241
1192,Insanity,4,Bukavac,Monstrosity,ToB 47
1193,Insanity,16,Swarm of Hoard Scarab,Monstrosity,FToD 205
1194,Insanity,8,Karakura,Fiend,CC 235
1195,Insanity,1,Astral Dreadnought,Monstrosity,MTF 117
1196,Insanity,2,Queen of Birds,Fey,CC 31
1197,Insanity,3,Young Imperial Dragon,Dragon,ToB2 117
1198,Insanity,6,Fate Eater,Aberration,ToB 180
1199,Insanity,12,Sinkhole Ooze,Ooze,ToB3 309
1200,Insanity,5,Tyrannosaurus Rex,Beast,MM 80
1201,Medium,6,Cactid,Plant,ToB 50
1202,Medium,9,Rum Story Keeper,Fey,ToB3 220
1203,Medium,1,Clockwork Tactician,Construct,ToB3 90
1204,Medium,2,Possessed Pillar,Construct,ToB 314
1205,Medium,17,Winged Thrull,Construct,GGR 221
1206,Medium,3,Gnomish Knife Cultist,Humanoid,CC 402
1207,Medium,4,Incubus,Fiend,MM 285
1208,Medium,6,Killer Whale,Beast,MM 331
1209,Medium,9,Kobold' Junk Shaman,Humanoid,CC 238
1210,Medium,1,Xing Tian,Giant,ToB2 376
1211,Medium,2,Dragon' Light' Young,Dragon,CC 114
1212,Medium,17,Clockwork Watchman,Construct,ToB 65
1213,Medium,3,Beholder Zombie,Undead,MM 316
1214,Medium,4,Tulpa,Undead,CC 358
1215,Medium,6,Manticore,Monstrosity,MM 213
1216,Medium,9,Saber-toothed Tiger,Beast,MM 336
1217,Medium,1,Dullahan,Fey,ToB 161
1218,Medium,2,Sarsaok,Monstrosity,ToB2 313
1219,Medium,17,Vine Blight,Plant,MM 32
1220,Medium,3,Drowned Maiden,Undead,ToB 159
1221,Medium,4,Rum Lord,Fey,ToB2 185
1222,Medium,6,Stormvermin,Humanoid,Skaven 3
1223,Medium,9,Ghast,Undead,MM 148
1224,Medium,1,Balhannoth,Aberration,MTF 118
1225,Medium,2,Dragon' Light' Young,Dragon,CC 114
1226,Medium,17,Tosculi Drone,Monstrosity,ToB 386
1227,Medium,3,Vorthropod,Monstrosity,ToB3 387
1228,Medium,4,Trollkin Shaman,Humanoid,CC 357
1229,Medium,6,Dragonborn Edjet,Humanoid,CC 121
1230,Medium,9,Roachling Lord,Humanoid,ToB 329
1231,Hard,6,Yuan-ti Mind Whisperer,Monstrosity,VGM 204
1232,Hard,2,Treant,Plant,MM 289
1233,Hard,1,Sphinx' Gypsosphinx,Monstrosity,ToB 359
1234,Hard,4,Wormhearted Suffragan,Undead,ToB 410
1235,Hard,9,Myrmidon Rakshasa,Fiend,ToB3 328
1236,Hard,3,Shadow Beast,Fey,ToB 345
1237,Hard,27,Skin Bat,Fiend,ToB 87
1238,Hard,6,Skitterhaunt,Ooze,ToB 352
1239,Hard,2,Pine Doom,Plant,ToB2 295
1240,Hard,1,Archon of the Trimvirate,Celestial,GGR 192
1241,Hard,4,Cambion,Fiend,MM 36
1242,Hard,9,Fleecemane Lion,Monstrosity,MOoT 223
1243,Hard,3,Mei Jiao Shou,Beast,ToB2 259
1244,Hard,27,Bilge Gremlin,Fey,ToB3 219
1245,Hard,6,Psychopomp,Celestial,ToB3 28
1246,Hard,2,Young Sapphire Dragon,Dragon,FToD 216
1247,Hard,1,Githyanki Supreme Commander,Humanoid,MTF 206
1248,Hard,4,Wraith,Undead,MM 302
1249,Hard,9,Smokeplume Zombie,Undead,ToB3 400
1250,Hard,3,Sentinel in Darkness,Construct,CC 323
1251,Hard,27,Ahu-Nixta Drudge,Aberration,ToB2 10
1252,Hard,6,Ortifex,Undead,ToB2 287
1253,Hard,2,Star-Nosed Diopsid,Aberration,ToB3 355
1254,Hard,1,Ice Devil,Fiend,MM 75
1255,Hard,4,Flesh Golem,Construct,MM 169
1256,Hard,9,Mush Marcher,Plant,ToB3 192
1257,Hard,3,Vampiric Vanguard,Undead,ToB3 383
1258,Hard,27,Dust Mephit,Elemental,MM 215
1259,Hard,6,Ant Queen' Giant,Beast,ToB 23
1260,Hard,2,Darakhul High Priestess,Undead,CC 172
1261,Deadly,6,Ravenala,Plant,ToB 321
1262,Deadly,1,Barong,Celestial,CC 49
1263,Deadly,2,Ychen Bannog,Beast,ToB 413
1264,Deadly,4,Demon' Psoglav,Fiend,ToB 79
1265,Deadly,5,Githzerai Zerth,Humanoid,MM 161
1266,Deadly,10,Void Constructor,Construct,ToB3 385
1267,Deadly,3,Tzepharion,Fiend,ToB2 106
1268,Deadly,20,Carbuncle,Monstrosity,CC 57
1269,Deadly,6,Sasquatch,Beast,ToB2 314
1270,Deadly,1,Sinstar,Plant,ToB3 345
1271,Deadly,2,Horned Devil,Fiend,MM 74
1272,Deadly,4,Blood Witch,Humanoid,GGR 248
1273,Deadly,5,Naga' Moonchild,Monstrosity,CC 273
1274,Deadly,10,Swarm of Scarabs,Beast,VRgtR 247
1275,Deadly,3,Idolic Deity,Construct,ToB 255
1276,Deadly,20,Kobold' Elite,Humanoid,CC 237
1277,Deadly,6,Arachnocrat,Fiend,ToB2 102
1278,Deadly,1,Lazav,Monstrosity,GGR 232
1279,Deadly,2,Marid,Elemental,MM 146
1280,Deadly,4,Splinter Matron,Fey,ToB3 352
1281,Deadly,5,Mulcher,Plant,ToB3 191
1282,Deadly,10,Mineral Ooze,Ooze,ToB2 280
1283,Deadly,3,Nosferatu,Undead,VRgtR 239
1284,Deadly,20,Nyx-Fleece Ram,Monstrosity,MOoT 233
1285,Deadly,6,Alke,Monstrosity,ToB3 16
1286,Deadly,1,Goristro,Fiend,MM 59
1287,Deadly,2,Shadow Fey Poisoner,Humanoid,CC 148
1288,Deadly,4,Water Elemental Myrmidon,Elemental,MTF 203
1289,Deadly,5,Devil Bough,Fiend,CC 302
1290,Deadly,10,Phase Spider,Monstrosity,MM 334
1291,Insanity,6,Shield Guardian,Construct,MM 271
1292,Insanity,4,Chaos Creeper,Plant,ToB3 80
1293,Insanity,8,Diminution Drake,Dragon,ToB2 121
1294,Insanity,1,Ancient Black Dragon,Dragon,MM 87
1295,Insanity,2,Yaojing,Celestial,ToB2 377
1296,Insanity,18,Vampire' Thrall,Humanoid,CC 368
1297,Insanity,3,Herald of Fire,Dragon,CC 215
1298,Insanity,6,Dire Wildebeest,Beast,ToB3 134
1299,Insanity,4,Abominable Yeti,Monstrosity,MM 306
1300,Insanity,8,Gnomish Knife Cultist,Humanoid,CC 402
1301,Medium,8,Star Thrall,Plant,ToB3 346
1302,Medium,3,Shoth' Oth,Aberration,CC 334
1303,Medium,1,Duergar Despot,Humanoid,MTF 188
1304,Medium,6,Wolf Reaver Dwarf,Humanoid,ToB 426
1305,Medium,5,Deathspeaker,Undead,ToB2 82
1306,Medium,2,Ahu-Nixta Cataphract,Aberration,ToB2 9
1307,Medium,20,Nehekhara Spearman,Undead,TombKings 3
1308,Medium,8,Rotsam,Ooze,ToB2 309
1309,Medium,3,Dread Walker Excavator,Construct,ToB2 129
1310,Medium,1,Skein Witch,Celestial,ToB 349
1311,Medium,6,Chill Haunt,Undead,ToB2 62
1312,Medium,5,Demon' Rattok,Fiend,CC 90
1313,Medium,2,Drake' Rust,Dragon,ToB 155
1314,Medium,20,Corpse Thief,Humanoid,CC 66
1315,Medium,8,Dire Rat Cavalry,Humanoid,Skaven 14
1316,Medium,3,Sand Hag,Fey,ToB 245
1317,Medium,1,Githyanki Kith'rak,Humanoid,MTF 205
1318,Medium,6,Bearfolk,Humanoid,ToB 33
1319,Medium,5,Frostveil,Plant,ToB 207
1320,Medium,2,Spirit Naga,Monstrosity,MM 234
1321,Medium,20,Warhorse,Beast,MM 340
1322,Medium,8,Shellycoat,Fey,ToB 346
1323,Medium,3,Aphemia,Monstrosity,MOoT 226
1324,Medium,1,Ironscale Hydra,Monstrosity,MOoT 231
1325,Medium,6,Wrackwraith,Undead,ToB3 395
1326,Medium,5,Tripwire Patch,Plant,ToB3 371
1327,Medium,2,Venom Drake,Dragon,ToB3 158
1328,Medium,20,Clockwork Beetle,Construct,ToB 60
1329,Medium,8,Lizardfolk Shaman,Humanoid,MM 205
1330,Medium,3,Ogre' Tusked Crimson,Giant,CC 279
1331,Hard,12,Berserker,Humanoid,MM 344
1332,Hard,6,Azeban,Fey,CC 44
1333,Hard,15,Manure Ooze,Ooze,ToB3 306
1334,Hard,8,Hungry Ghost' Preta,Undead,CC 223
1335,Hard,3,Vampire' Umbral,Fiend,ToB 397
1336,Hard,4,Blood Hunter,Humanoid,EGtW 284
1337,Hard,2,Coastline Reaper,Monstrosity,ToB3 92
1338,Hard,1,Baliri Demon,Fiend,ToB2 93
1339,Hard,12,Shadow Fey Dancer,Humanoid,CC 147
1340,Hard,6,Lamia,Monstrosity,MM 201
1341,Hard,15,Iron Defender,Construct,Ebb 293
1342,Hard,8,Mahoru,Monstrosity,ToB 281
1343,Hard,3,Mei Jiao Shou,Beast,ToB2 259
1344,Hard,4,Dread Walker Excavator,Construct,ToB2 129
1345,Hard,2,Coastline Reaper,Monstrosity,ToB3 92
1346,Hard,1,Baliri Demon,Fiend,ToB2 93
1347,Hard,12,Dire Rat Cavalry,Humanoid,Skaven 14
1348,Hard,6,Merregon,Fiend,MTF 166
1349,Hard,15,Deinonychus,Beast,VGM 139
1350,Hard,8,Knight,Humanoid,MM 347
1351,Hard,3,Dragon' Light' Young,Dragon,CC 114
1352,Hard,4,Gnomish Knife Cultist,Humanoid,CC 402
1353,Hard,2,Lich' Hierophant,Undead,CC 252
1354,Hard,1,Adult Emerald Dragon,Dragon,FToD 196
1355,Hard,12,Tosculi Warrior,Monstrosity,ToB 386
1356,Hard,6,Lizard King/Queen,Humanoid,MM 205
1357,Hard,15,Moorbounder,Beast,EGtW 295
1358,Hard,8,Hell Hound,Fiend,MM 182
1359,Hard,3,Yathon,Humanoid,ToB2 378
1360,Hard,4,Fleshdreg,Plant,ToB2 152
1361,Deadly,6,Manggus,Giant,ToB2 256
1362,Deadly,2,Herald of Undeath,Undead,CC 219
1363,Deadly,1,Nagpa,Humanoid,MTF 215
1364,Deadly,4,Fey Revenant,Fey,ToB2 150
1365,Deadly,22,Giant Toad,Beast,MM 329
1366,Deadly,12,Duergar Screamer,Construct,MTF 190
1367,Deadly,3,Horakh,Monstrosity,ToB 250
1368,Deadly,8,Accursed Defiler,Undead,ToB 12
1369,Deadly,5,Gearforged Templar,Humanoid,ToB 210
1370,Deadly,6,Death Shroud Golem,Construct,ToB2 179
1371,Deadly,2,Herald of the Void,Fiend,ToB2 199
1372,Deadly,1,Adult Red Dragon,Dragon,MM 98
1373,Deadly,4,Lambent Witchfyre,Aberration,ToB2 234
1374,Deadly,22,Swarm of Bees,Beast,ToB2 400
1375,Deadly,12,Demon' Pishacha,Fiend,CC 88
1376,Deadly,3,Oozasis,Ooze,ToB 310
1377,Deadly,8,Ghoul' Tar,Undead,CC 176
1378,Deadly,5,Vrock,Fiend,MM 64
1379,Deadly,6,Corpselight Moth,Beast,ToB3 95
1380,Deadly,2,Dao,Elemental,MM 143
1381,Deadly,1,Adult Wind Dragon,Dragon,ToB 143
1382,Deadly,4,Giant Ape,Beast,MM 323
1383,Deadly,22,Ooze' Suppurating,Ooze,CC 288
1384,Deadly,12,Hippopotamus,Beast,ToB3 233
1385,Deadly,3,Coastline Reaper,Monstrosity,ToB3 92
1386,Deadly,8,Wharfling Swarm,Beast,ToB 407
1387,Deadly,5,Scroll Mummy,Undead,ToB2 262
1388,Deadly,6,Wood Woad,Plant,VGM 198
1389,Deadly,2,Thorned Sulfurlord,Fiend,CC 306
1390,Deadly,1,Goristro,Fiend,MM 59
1391,Insanity,20,Hirudine Stalker,Monstrosity,ToB3 235
1392,Insanity,2,Steel Predator,Construct,MTF 239
1393,Insanity,9,Bloated Ghoul,Undead,ToB2 166
1394,Insanity,5,Huli Jing,Fey,ToB2 204
1395,Insanity,10,Sahuagin Baron,Humanoid,MM 264
1396,Insanity,6,Golem' Armory,Construct,CC 194
1397,Insanity,1,Zaratan,Elemental,MTF 201
1398,Insanity,4,Summer Eladrin,Fey,MTF 196
1399,Insanity,3,Lord of Vultures,Fey,CC 26
1400,Insanity,20,Kobold' Junk Shaman,Humanoid,CC 238
1401,Medium,4,Ratatosk Warlord,Celestial,CC 314
1402,Medium,6,Angel' Kinnara,Celestial,CC 17
1403,Medium,8,Gnoll Pack Lord,Humanoid,MM 163
1404,Medium,22,Sunflower Sprite,Fey,ToB3 358
1405,Medium,3,Chimera,Monstrosity,MM 39
1406,Medium,1,Sea Fury,Fey,EGtW 299
1407,Medium,2,Mandriano' Ancient,Plant,CC 261
1408,Medium,4,Lymarien Swarm,Fey,ToB2 248
1409,Medium,6,Fragrant One,Fey,ToB2 156
1410,Medium,8,Wakwak,Beast,ToB3 388
1411,Medium,22,Clockwork Watchman,Construct,ToB 65
1412,Medium,3,Vexxeh,Fiend,ToB2 360
1413,Medium,1,Flutterflesh,Undead,ToB 203
1414,Medium,2,Oliphaunt,Beast,CC 280
1415,Medium,4,Ooze' Corrupting,Ooze,ToB 311
1416,Medium,6,Carrier Mosquito,Beast,ToB2 389
1417,Medium,8,Griffon,Monstrosity,MM 174
1418,Medium,22,Library Automaton,Construct,ToB 273
1419,Medium,3,Mulcher,Plant,ToB3 191
1420,Medium,1,Archon of Falling Stars,Celestial,MOoT 212
1421,Medium,2,Hebi-Doku,Fey,ToB2 222
1422,Medium,4,Wyvern Knight,Humanoid,CC 385
1423,Medium,6,Obeleric,Aberration,ToB3 294
1424,Medium,8,Desolation Nymph,Beast,ToB3 105
1425,Medium,22,Nkosi,Humanoid,ToB 306
1426,Medium,3,Hverhuldra,Fey,ToB2 206
1427,Medium,1,Mavka,Undead,ToB 286
1428,Medium,2,Huecambra,Monstrosity,ToB2 203
1429,Medium,4,Allip,Undead,MTF 116
1430,Medium,6,Ravenfolk Warrior (Kenku),Humanoid,ToB 322
1431,Hard,17,Broodiken,Construct,ToB 45
1432,Hard,1,Mummy Lord,Undead,MM 229
1433,Hard,6,Ant Queen' Giant,Beast,ToB 23
1434,Hard,5,Dinosaur' Young Spinosaurus,Beast,ToB 117
1435,Hard,3,Inquisitor of the Tome,Humanoid,VRgtR 249
1436,Hard,4,Mountain Nymph,Fey,ToB2 272
1437,Hard,2,Oaken Sentinel,Plant,ToB3 293
1438,Hard,8,Giant Scorpion,Beast,MM 327
1439,Hard,17,Choker,Aberration,MTF 123
1440,Hard,1,Skull Lord,Undead,MTF 230
1441,Hard,6,Amethyst Dragon Wyrmling,Dragon,FToD 162
1442,Hard,5,Drakon,Beast,ToB 157
1443,Hard,3,Horizonback Tortoise,Monstrosity,EGtW 292
1444,Hard,4,Eshin Decapitator,Humanoid,Skaven 11
1445,Hard,2,Peat Mammoth,Plant,ToB2 293
1446,Hard,8,Werewolf,Humanoid,MM 211
1447,Hard,17,Giant Octopus,Beast,MM 326
1448,Hard,1,Queen of Cats,Fey,CC 33
1449,Hard,6,Dau,Fey,ToB 70
1450,Hard,5,Aural Hunter,Aberration,ToB3 47
1451,Hard,3,Copperkill Slime,Ooze,ToB3 94
1452,Hard,4,Moonweb,Aberration,ToB3 276
1453,Hard,2,Hundun,Celestial,ToB 253
1454,Hard,8,Ghast of Leng,Aberration,CC 168
1455,Hard,17,Manure Ooze,Ooze,ToB3 306
1456,Hard,1,Timingila,Monstrosity,ToB2 349
1457,Hard,6,Quagga,Monstrosity,ToB3 325
1458,Hard,5,Iron Sphere,Construct,CC 228
1459,Hard,3,Parzz'Val,Aberration,ToB2 292
1460,Hard,4,Elf' Servant of the Vine,Humanoid,CC 144
1461,Deadly,2,Venom Maw Hydra,Monstrosity,CC 370
1462,Deadly,8,Servant of the Unsated God,Undead,ToB2 321
1463,Deadly,25,Word Archon,Celestial,ToB3 44
1464,Deadly,6,Revenant,Undead,MM 259
1465,Deadly,1,Lava Keeper,Elemental,ToB2 235
1466,Deadly,4,Ziphius,Aberration,CC 392
1467,Deadly,5,Golem' Bone,Construct,CC 195
1468,Deadly,3,Slayer Rakshasa,Fiend,ToB3 330
1469,Deadly,2,Son of Fenris,Monstrosity,ToB 355
1470,Deadly,8,Crystallite,Giant,ToB3 100
1471,Deadly,25,Nilbog,Humanoid,VGM 182
1472,Deadly,6,Nehekhara Tomb Warden,Undead,TombKings 1
1473,Deadly,1,Demilich,Undead,MM 48
1474,Deadly,4,War Priest,Humanoid,CC 411
1475,Deadly,5,Ethereal Drake,Dragon,ToB3 153
1476,Deadly,3,Phylaskia,Undead,MOoT 239
1477,Deadly,2,Boneshard Wraith,Undead,ToB2 46
1478,Deadly,8,Cats of Ulthar,Beast,CC 58
1479,Deadly,25,Capybear,Monstrosity,ToB3 72
1480,Deadly,6,Ravenala,Plant,ToB 321
1481,Deadly,1,Queen of Mammoths,Fey,ToB3 32
1482,Deadly,4,Guardian Giant,Giant,GGR 201
1483,Deadly,5,Necrichor,Undead,VRgtR 238
1484,Deadly,3,Nharyth,Aberration,ToB2 269
1485,Deadly,2,Scintillating Ooze,Ooze,ToB3 307
1486,Deadly,8,Leavesrot Ooze,Ooze,ToB3 305
1487,Deadly,25,Ice Urchin,Monstrosity,ToB3 239
1488,Deadly,6,Wormhearted Suffragan,Undead,ToB 410
1489,Deadly,1,Demilich,Undead,MM 48
1490,Deadly,4,Qwyllion,Aberration,ToB 316
1491,Insanity,2,Adult Red Dragon,Dragon,MM 98
1492,Insanity,10,Shadow Fey Knight,Humanoid,CC 146
1493,Insanity,3,Bat King,Fey,CC 22
1494,Insanity,6,Ushabti,Construct,TombKings 11
1495,Insanity,5,Young Gold Dragon,Dragon,MM 115
1496,Insanity,8,Naizu-Ha,Fey,ToB2 223
1497,Insanity,22,Leech Swarm,Beast,ToB2 396
1498,Insanity,4,Giant' Void,Giant,CC 187
1499,Insanity,1,Elder Brain Dragon,Aberration,FToD 194
1500,Insanity,2,Adult Gold Dragon,Dragon,MM 114
1501,Medium,10,Hobgoblin Iron Shadow,Humanoid,VGM 162
1502,Medium,2,Aurora Horribilis,Aberration,ToB2 34
1503,Medium,6,Orc War Chief,Humanoid,MM 246
1504,Medium,4,Revenant,Undead,MM 259
1505,Medium,3,Moonweb,Aberration,ToB3 276
1506,Medium,25,Mandrake,Plant,CC 260
1507,Medium,1,Life Broker,Fey,ToB3 261
1508,Medium,10,Crinaea,Fey,ToB2 74
1509,Medium,2,Arcane Scavenger,Construct,ToB3 41
1510,Medium,6,Domovoi,Fey,ToB 122
1511,Medium,4,Undine,Fey,CC 362
1512,Medium,3,Giant' Cacus,Giant,CC 181
1513,Medium,25,Hobgoblin,Humanoid,MM 186
1514,Medium,1,Pustulent Shambler,Ooze,ToB2 299
1515,Medium,10,Black Dragon Wyrmling,Dragon,MM 88
1516,Medium,2,Kobold War Machine,Construct,ToB2 233
1517,Medium,6,Amethyst Dragon Wyrmling,Dragon,FToD 162
1518,Medium,4,Black Knight Commander,Humanoid,ToB 418
1519,Medium,3,Wolf Spirit Swarm,Undead,ToB 377
1520,Medium,25,Kobold Speelclerk,Humanoid,ToB2 232
1521,Medium,1,Incarnate Gloom,Undead,ToB2 213
1522,Medium,10,Beli,Fey,ToB 35
1523,Medium,2,Coastline Reaper,Monstrosity,ToB3 92
1524,Medium,6,Red Dragon Wyrmling,Dragon,MM 98
1525,Medium,4,Giant Mantis Shrimp,Beast,ToB3 198
1526,Medium,3,Plague Harpy,Monstrosity,ToB3 229
1527,Medium,25,Anvilwrought Raptor,Construct,MOoT 209
1528,Medium,1,Stuhac,Fiend,ToB 370
1529,Medium,10,Swarm of Maggots,Beast,VRgtR 247
1530,Medium,2,Spider' Ghostwalk,Monstrosity,ToB 361
1531,Hard,10,Warlock Engineer,Humanoid,Skaven 1
1532,Hard,2,Montain Dryad,Fey,ToB2 130
1533,Hard,19,Brown Bear,Beast,MM 319
1534,Hard,3,Horizonback Tortoise,Monstrosity,EGtW 292
1535,Hard,6,Pike Guard Captain,Humanoid,ToB3 166
1536,Hard,1,Ashen Rider,Celestial,MOoT 213
1537,Hard,4,Young Brass Dragon,Dragon,MM 105
1538,Hard,10,Quaggoth Thonot,Humanoid,MM 256
1539,Hard,2,Black Crier,Undead,ToB2 42
1540,Hard,19,Firenewt Warlock of Imix,Humanoid,VGM 143
1541,Hard,3,Inquisitor of the Sword,Humanoid,VRgtR 249
1542,Hard,6,Quoreq,Aberration,ToB2 304
1543,Hard,1,Brother Ox,Fey,CC 25
1544,Hard,4,Wyvern,Dragon,MM 303
1545,Hard,10,Carrier Mosquito,Beast,ToB2 389
1546,Hard,2,Herald of Undeath,Undead,CC 219
1547,Hard,19,Young Myrmex,Elemental,ToB3 284
1548,Hard,3,Ooze' Shark Bowl,Ooze,CC 284
1549,Hard,6,Aatxe,Celestial,CC 7
1550,Hard,1,Adult Cave Dragon,Dragon,ToB 125
1551,Hard,4,Gauth,Aberration,VGM 125
1552,Hard,10,Mummy' Venomous,Undead,ToB 299
1553,Hard,2,Alkilith,Fiend,MTF 130
1554,Hard,19,Alp,Fey,CC 14
1555,Hard,3,Hantu Penanggal,Fiend,ToB2 192
1556,Hard,6,Demon' Cipactli,Fiend,CC 83
1557,Hard,1,Primordail Surge,Elemental,ToB3 320
1558,Hard,4,Swamp Naga,Monstrosity,ToB2 265
1559,Hard,10,Ravening Minotaur,Monstrosity,ToB3 272
1560,Hard,2,Alkilith,Fiend,MTF 130
1561,Deadly,6,Aatxe,Celestial,CC 7
1562,Deadly,5,Drake' Coral,Dragon,ToB 150
1563,Deadly,28,Grindylow,Aberration,CC 210
1564,Deadly,4,Thief Lord,Humanoid,CC 406
1565,Deadly,1,Living Star,Celestial,CC 256
1566,Deadly,3,Luck Leech,Fey,ToB2 241
1567,Deadly,2,Life Broker,Fey,ToB3 261
1568,Deadly,10,Dire Padagolin,Beast,ToB3 133
1569,Deadly,6,Old Salt,Undead,ToB3 304
1570,Deadly,5,Goliath Longlegs,Monstrosity,CC 206
1571,Deadly,28,Kobold Trapsmith,Humanoid,ToB 264
1572,Deadly,4,Assassin,Humanoid,MM 343
1573,Deadly,1,Polukranos,Monstrosity,MOoT 231
1574,Deadly,3,Winter Eladrin,Fey,MTF 197
1575,Deadly,2,Shrouded Angel,Celestial,ToB3 29
1576,Deadly,10,Weretiger,Humanoid,MM 210
1577,Deadly,6,Brontosaurus,Beast,VGM 139
1578,Deadly,5,Caldera Kite,Monstrosity,ToB3 71
1579,Deadly,28,Dinosaur' Nodosaurus,Beast,CC 109
1580,Deadly,4,Ikuchi,Elemental,ToB2 210
1581,Deadly,1,Poena Duke of Retribution,Fiend,ToB2 99
1582,Deadly,3,Fear Smith,Fey,ToB 181
1583,Deadly,2,Drow Arachnomancer,Humanoid,MTF 182
1584,Deadly,10,Winged Lion,Celestial,MOoT 214
1585,Deadly,6,Air Elemental,Elemental,MM 124
1586,Deadly,5,Swamp Lily,Plant,ToB2 342
1587,Deadly,28,Sema,Aberration,ToB2 320
1588,Deadly,4,Dragonborn of Bahamut,Humanoid,FToD 184
1589,Deadly,1,Living Star,Celestial,CC 256
1590,Deadly,3,Death Kiss,Aberration,VGM 124
1591,Insanity,6,Horizonback Tortoise,Monstrosity,EGtW 292
1592,Insanity,16,Thread-Bound Snake,Construct,CC 353
1593,Insanity,5,Guardian Naga,Monstrosity,MM 234
1594,Insanity,9,Blood Witch,Humanoid,GGR 248
1595,Insanity,12,Aphemia,Monstrosity,MOoT 226
1596,Insanity,2,Fey Queen of Witches,Fey,ToB 194
1597,Insanity,3,Smaragdine Golem,Construct,ToB 236
1598,Insanity,10,Doom Creeper,Plant,ToB3 138
1599,Insanity,25,Crinaea,Fey,ToB2 74
1600,Insanity,4,Devil' Koralk (Harvester Devil),Fiend,ToB 108
1601,Medium,4,Thursir Armorer,Giant,ToB3 206
1602,Medium,5,Sacred Hippopotamus,Celestial,ToB3 234
1603,Medium,12,Yann-An-Oed,Aberration,CC 391
1604,Medium,8,Thread-Bound Snake,Construct,CC 353
1605,Medium,2,Conclave Dryad,Fey,GGR 194
1606,Medium,1,Shadow Giant,Giant,ToB2 173
1607,Medium,3,Earth Elemental Myrmidon,Elemental,MTF 202
1608,Medium,6,Cats of Ulthar,Beast,CC 58
1609,Medium,4,Rusalka,Undead,ToB 331
1610,Medium,5,Otyugh,Aberration,MM 248
1611,Medium,12,Fear Liath,Undead,CC 152
1612,Medium,8,Stygian Fat-Tailed Scorpion,Beast,ToB 340
1613,Medium,2,Wraith Bear,Undead,ToB2 375
1614,Medium,1,Malmbjorn,Monstrosity,ToB3 267
1615,Medium,3,Fire Dancer Swarm,Elemental,ToB 373
1616,Medium,6,Orc Blade of Ilneval,Humanoid,VGM 183
1617,Medium,4,Demon' Echo,Fiend,CC 84
1618,Medium,5,Mudmutt,Monstrosity,ToB3 279
1619,Medium,12,Eel Hound,Fey,ToB 166
1620,Medium,8,Werebat,Humanoid,CC 258
1621,Medium,2,Ushabti,Construct,ToB 394
1622,Medium,1,Skittering Horror,Aberration,GGR 205
1623,Medium,3,Zalikum,Construct,ToB2 382
1624,Medium,6,Shoreline Scrapper,Beast,CC 330
1625,Medium,4,Witchalder,Plant,ToB3 394
1626,Medium,5,Demon' Cipactli,Fiend,CC 83
1627,Medium,12,Griffon,Monstrosity,MM 174
1628,Medium,8,Doppelganger,Monstrosity,MM 82
1629,Medium,2,Nharyth,Aberration,ToB2 269
1630,Medium,1,Drake' Star,Dragon,ToB 156
1631,Hard,23,Bugbear,Humanoid,MM 33
1632,Hard,6,Sand Hag,Fey,ToB 245
1633,Hard,4,Demon' Vellso,Fiend,CC 92
1634,Hard,2,Hoard Golem,Construct,ToB 234
1635,Hard,3,Incandescent One,Celestial,ToB3 244
1636,Hard,12,Drake' Bathhouse,Dragon,CC 126
1637,Hard,8,Kezai,Monstrosity,ToB2 228
1638,Hard,1,Fey Lord' Moonlit King,Fey,ToB 190
1639,Hard,23,Clockwork Pugalist,Construct,ToB3 88
1640,Hard,6,Lindwurm,Dragon,ToB 276
1641,Hard,4,Jaanavar Jal,Monstrosity,CC 229
1642,Hard,2,Culicoid,Fiend,ToB2 94
1643,Hard,3,Genie' Al-Aeshma,Elemental,ToB 211
1644,Hard,12,Spider' Jâ€™ba Fofi,Beast,ToB 362
1645,Hard,8,Ortifex,Undead,ToB2 287
1646,Hard,1,Fey Queen of Witches,Fey,ToB 194
1647,Hard,23,Alseid,Fey,MOoT 235
1648,Hard,6,Beholder Zombie,Undead,MM 316
1649,Hard,4,Elf' Enchanter,Humanoid,CC 143
1650,Hard,2,Boneclaw,Undead,MTF 121
1651,Hard,3,Young Silver Dragon,Dragon,MM 118
1652,Hard,12,Carrion Stalker,Monstrosity,VRgtR 230
1653,Hard,8,Ogre Battering Ram,Giant,MTF 220
1654,Hard,1,Koschei,Fiend,ToB 266
1655,Hard,23,Hippogriff,Monstrosity,MM 184
1656,Hard,6,Galvanic Blastseeker,Humanoid,GGR 243
1657,Hard,4,Armanite,Fiend,MTF 131
1658,Hard,2,Ghoul' Bonepowder,Undead,ToB 214
1659,Hard,3,Golem' Lotus,Construct,CC 202
1660,Hard,12,Giant Scorpion,Beast,MM 327
1661,Deadly,5,Shire Giant,Giant,ToB3 205
1662,Deadly,4,Nehekhara Tomb Prince,Undead,TombKings 9
1663,Deadly,2,Wurm,Monstrosity,GGR 225
1664,Deadly,1,Shoth' Avatar of,Aberration,CC 332
1665,Deadly,3,Black Crier,Undead,ToB2 42
1666,Deadly,9,Far Dorocha,Fey,ToB2 142
1667,Deadly,6,Naizu-Ha,Fey,ToB2 223
1668,Deadly,12,Trollkin Shaman,Humanoid,CC 357
1669,Deadly,5,Vetala,Fiend,ToB3 112
1670,Deadly,4,Demon' Alnaar,Fiend,CC 82
1671,Deadly,2,Howler of the Abyss,Aberration,ToB3 236
1672,Deadly,1,Greater Star Spawn Emissary,Aberration,VRgtR 245
1673,Deadly,3,Valkyrie,Celestial,ToB 396
1674,Deadly,9,Far Dorocha,Fey,ToB2 142
1675,Deadly,6,Abysswalker Derro,Humanoid,ToB3 113
1676,Deadly,12,Pillar of Lost Magocracy,Construct,CC 299
1677,Deadly,5,Blemmyes,Monstrosity,ToB 37
1678,Deadly,4,Anzu,Monstrosity,ToB2 26
1679,Deadly,2,Wurm,Monstrosity,GGR 225
1680,Deadly,1,Demon Lord of Night Alquam,Fiend,ToB 84
1681,Deadly,3,Mother Moth,Fey,ToB3 180
1682,Deadly,9,Shantak,Monstrosity,CC 328
1683,Deadly,6,Troll' Desert,Giant,CC 356
1684,Deadly,12,Giant' Laestrigonian,Giant,CC 184
1685,Deadly,5,Blestsessebe,Celestial,ToB3 61
1686,Deadly,4,Lich' Hierophant,Undead,CC 252
1687,Deadly,2,Adult Copper Dragon,Dragon,MM 111
1688,Deadly,1,Demon Lord of Night Alquam,Fiend,ToB 84
1689,Deadly,3,Broodmother of Leng,Aberration,ToB2 52
1690,Deadly,9,Deathweaver,Monstrosity,ToB2 83
1691,Insanity,8,Yathon,Humanoid,ToB2 378
1692,Insanity,1,Ancient Boreal Dragon,Dragon,ToB2 110
1693,Insanity,20,Killer Whale,Beast,MM 331
1694,Insanity,4,Son of Fenris,Monstrosity,ToB 355
1695,Insanity,6,Young Flame Dragon,Dragon,ToB 130
1696,Insanity,5,Herald of Slaughter,Fiend,ToB2 198
1697,Insanity,3,Core Spawn Worm,Aberration,EGtW 287
1698,Insanity,2,Polukranos,Monstrosity,MOoT 231
1699,Insanity,8,Shadow Dancer,Humanoid,MTF 225
1700,Insanity,1,Ancient Boreal Dragon,Dragon,ToB2 110
1701,Medium,5,Iron Sphere,Construct,CC 228
1702,Medium,8,Viiret,Plant,ToB2 361
1703,Medium,1,Hvalfiskr,Giant,ToB3 237
1704,Medium,16,Giant Eagle,Beast,MM 324
1705,Medium,2,Star Spawn Hulk,Aberration,MTF 234
1706,Medium,6,Yuan-ti Mind Whisperer,Monstrosity,VGM 204
1707,Medium,4,Mountain Nymph,Fey,ToB2 272
1708,Medium,3,Necrotech Thunderer,Undead,ToB3 289
1709,Medium,5,Dire Owlbear,Monstrosity,ToB3 132
1710,Medium,8,Flitterstep Eidolon,Undead,MOoT 222
1711,Medium,1,Devil' Iaâ€™Affrat,Fiend,ToB 98
1712,Medium,16,Boneless,Undead,VRgtR 228
1713,Medium,2,Salt Golem,Construct,ToB 235
1714,Medium,6,Hobgoblin Devastator,Humanoid,VGM 161
1715,Medium,4,Ooze' Ruby,Ooze,CC 286
1716,Medium,3,Obzedat Ghost,Undead,GGR 245
1717,Medium,5,Tlincalli,Monstrosity,VGM 193
1718,Medium,8,Bloodsapper,Aberration,ToB2 44
1719,Medium,1,Adult Moonstone Dragon,Dragon,FToD 212
1720,Medium,16,Stone Creeper,Plant,ToB2 339
1721,Medium,2,Incinis,Elemental,CC 226
1722,Medium,6,Elves' Shadow Fey' Guardian,Humanoid,ToB 174
1723,Medium,4,Wolf Spirit Swarm,Undead,ToB 377
1724,Medium,3,Ooze' Shark Bowl,Ooze,CC 284
1725,Medium,5,Triceratops,Beast,MM 80
1726,Medium,8,Millitaur,Monstrosity,ToB 288
1727,Medium,1,Lich' Pact,Undead,CC 254
1728,Medium,16,Bilwis,Elemental,CC 53
1729,Medium,2,Planes Hunter Kobold,Humanoid,ToB3 256
1730,Medium,6,Metallic Peacekeeper,Construct,FToD 210
1731,Hard,1,Ancient Mithral Dragon,Dragon,ToB 132
1732,Hard,3,Kobold War Machine,Construct,ToB2 233
1733,Hard,2,Venom Maw Hydra,Monstrosity,CC 370
1734,Hard,25,Carrionette,Construct,VRgtR 231
1735,Hard,8,Kraul Death Priest,Humanoid,GGR 214
1736,Hard,6,Faux-Garou,Construct,ToB3 174
1737,Hard,5,Chatterlome,Fiend,ToB2 60
1738,Hard,4,Unspeakable Horror,Monstrosity,VRgtR 250
1739,Hard,1,Ancient Mithral Dragon,Dragon,ToB 132
1740,Hard,3,Flind,Humanoid,VGM 153
1741,Hard,2,Gray Render,Monstrosity,MTF 209
1742,Hard,25,Mandrake' Great,Plant,CC 260
1743,Hard,8,Strobing Fungus,Plant,ToB2 160
1744,Hard,6,Owl Harpy,Monstrosity,ToB 246
1745,Hard,5,Young Topaz Dragon,Dragon,FToD 223
1746,Hard,4,Tophet,Construct,ToB 383
1747,Hard,1,Kogukhpak,Fiend,ToB3 109
1748,Hard,3,Jiangshi,Undead,VRgtR 236
1749,Hard,2,Virtuoso Lich,Undead,ToB2 238
1750,Hard,25,Scorchrunner Jackal,Monstrosity,ToB3 340
1751,Hard,8,Barghest,Fiend,VGM 123
1752,Hard,6,Shadow Fey Knight,Humanoid,CC 146
1753,Hard,5,Aalpamac,Monstrosity,ToB2 8
1754,Hard,4,Magma Octopus,Elemental,ToB2 251
1755,Hard,1,Hierotitan,Construct,TombKings 5
1756,Hard,3,Desert Giant,Giant,ToB 222
1757,Hard,2,Death Barque,Undead,ToB2 268
1758,Hard,25,Catterball,Fey,ToB3 76
1759,Hard,8,Death Butterfly Swarm,Beast,ToB 71
1760,Hard,6,Dragon Blessed,Humanoid,FToD 188
1761,Deadly,5,Parzz'Val,Aberration,ToB2 292
1762,Deadly,12,Dire Padagolin,Beast,ToB3 133
1763,Deadly,16,Gelatinous Cube,Ooze,MM 242
1764,Deadly,1,Demon Lord of Night Alquam,Fiend,ToB 84
1765,Deadly,4,Ash Phoenix,Undead,ToB2 28
1766,Deadly,8,Dinosaur' Ngobou,Beast,ToB 115
1767,Deadly,2,Purple Worm,Monstrosity,MM 255
1768,Deadly,6,Mei Jiao Shou,Beast,ToB2 259
1769,Deadly,3,Young Imperial Dragon,Dragon,ToB2 117
1770,Deadly,5,Nosferatu,Undead,VRgtR 239
1771,Deadly,12,Stegosaurus,Beast,VGM 140
1772,Deadly,16,Kuunganisha,Fiend,CC 245
1773,Deadly,1,Ankou Soul Herald,Dragon,CC 37
1774,Deadly,4,Slayer Rakshasa,Fiend,ToB3 330
1775,Deadly,8,Kamaitachi,Monstrosity,ToB2 220
1776,Deadly,2,Forest Emperor,Aberration,ToB2 155
1777,Deadly,6,Cueyatl Warchief,Humanoid,ToB3 101
1778,Deadly,3,Ghost Dragon,Undead,CC 170
1779,Deadly,5,Dragonborn of Bahamut,Humanoid,FToD 184
1780,Deadly,12,Lemurfolk Greyfur,Humanoid,ToB 271
1781,Deadly,16,Ettercap,Monstrosity,MM 131
1782,Deadly,1,Ancient Copper Dragon,Dragon,MM 110
1783,Deadly,4,Bone Devil,Fiend,MM 71
1784,Deadly,8,Sarcophagus Slime,Undead,ToB 336
1785,Deadly,2,Vampire (spellcaster),Undead,MM 297
1786,Deadly,6,Swavain Basilisk,Monstrosity,EGtW 300
1787,Deadly,3,Mother Moth,Fey,ToB3 180
1788,Deadly,5,Shadow Fey Executioner,Humanoid,ToB3 169
1789,Deadly,12,Moonless Hunter,Fey,ToB3 275
1790,Deadly,16,Vampire' Thrall,Humanoid,CC 368
1791,Insanity,5,Maelstrom Devil,Fiend,ToB3 122
1792,Insanity,21,Mummy' Venomous,Undead,ToB 299
1793,Insanity,2,Baba Yaga,Fey,CC 46
1794,Insanity,10,Aalpamac,Monstrosity,ToB2 8
1795,Insanity,3,Illhveli Nauthveli,Monstrosity,ToB2 212
1796,Insanity,12,Eater of Hope,Fiend,MOoT 220
1797,Insanity,4,Devourer,Fiend,VGM 138
1798,Insanity,1,Rakdos,Fiend,GGR 247
1799,Insanity,6,Golem' Lotus,Construct,CC 202
1800,Insanity,9,Venom Drake,Dragon,ToB3 158
1801,Medium,3,Abaasy,Giant,ToB3 8
1802,Medium,19,Ooze' Suppurating,Ooze,CC 288
1803,Medium,10,Imperial Dragon Wyrmling,Dragon,ToB2 117
1804,Medium,4,Underworld Cerberus,Monstrosity,MOoT 215
1805,Medium,6,Fleshdreg,Plant,ToB2 152
1806,Medium,2,Broodmother of Leng,Aberration,ToB2 52
1807,Medium,1,Fey Lady' Berchta,Fey,CC 154
1808,Medium,3,Giant' Blood,Giant,CC 180
1809,Medium,19,Alseid,Fey,MOoT 235
1810,Medium,10,Winter Wolf,Monstrosity,MM 340
1811,Medium,4,Sanddrift Drake,Dragon,ToB2 127
1812,Medium,6,Mandriano,Plant,CC 261
1813,Medium,2,Leech Demon,Fiend,ToB3 110
1814,Medium,1,Fey Snow Queen,Fey,ToB 198
1815,Medium,3,Blemmyes,Monstrosity,ToB 37
1816,Medium,19,Dogmole,Beast,ToB 120
1817,Medium,10,Zombie' Mold,Undead,CC 395
1818,Medium,4,Rotsam Swarm,Ooze,ToB2 309
1819,Medium,6,Giant Crocodile,Beast,MM 324
1820,Medium,2,Marid,Elemental,MM 146
1821,Medium,1,Adult Cave Dragon,Dragon,ToB 125
1822,Medium,3,Young Sea Serpent,Dragon,FToD 219
1823,Medium,19,Female Steeder,Monstrosity,MTF 238
1824,Medium,10,Fang of the Great Wolf,Monstrosity,CC 384
1825,Medium,4,Bearfolk Chieftain,Humanoid,CC 51
1826,Medium,6,Air Elemental,Elemental,MM 124
1827,Medium,2,Eye Golem,Construct,ToB 233
1828,Medium,1,Marilith,Fiend,MM 61
1829,Medium,3,Nivix Cyclops,Giant,GGR 216
1830,Medium,19,Alseid,Fey,MOoT 235
1831,Hard,3,Stone Golem,Construct,MM 170
1832,Hard,10,City Watch Captain,Humanoid,ToB 419
1833,Hard,1,Polukranos,Monstrosity,MOoT 231
1834,Hard,4,Avulzor,Aberration,ToB2 37
1835,Hard,2,Dire Troll,Giant,MTF 243
1836,Hard,6,Hellforged Derro,Humanoid,ToB3 114
1837,Hard,3,Sunder Shaman,Giant,GGR 202
1838,Hard,10,Accursed Defiler,Undead,ToB 12
1839,Hard,1,Felid Dragon,Dragon,ToB2 143
1840,Hard,4,Hantu Penanggal,Fiend,ToB2 192
1841,Hard,2,Malaabit,Fiend,ToB3 186
1842,Hard,6,Zeitgeist,Humanoid,ToB2 383
1843,Hard,3,Demon' Rubezahl,Fiend,ToB 80
1844,Hard,10,Winged Bull,Celestial,MOoT 214
1845,Hard,1,Lesser Star Spawn Emissary,Aberration,VRgtR 245
1846,Hard,4,Unspeakable Horror,Monstrosity,VRgtR 250
1847,Hard,2,Malaabit,Fiend,ToB3 186
1848,Hard,6,Yavalnoi,Aberration,ToB2 379
1849,Hard,3,Toad King,Fey,ToB2 22
1850,Hard,10,Arcanaphage,Monstrosity,CC 42
1851,Hard,1,Demon Lord' Chemosh,Fiend,CC 75
1852,Hard,4,Tetomatli,Construct,ToB2 345
1853,Hard,2,Shrouded Angel,Celestial,ToB3 29
1854,Hard,6,Werynax,Monstrosity,ToB2 367
1855,Hard,3,Luck Leech,Fey,ToB2 241
1856,Hard,10,Myconid' Deathcap,Plant,ToB 300
1857,Hard,1,Kalaraq Quori,Aberration,Ebb 306
1858,Hard,4,Vines of Nemthyr,Plant,CC 371
1859,Hard,2,Stuhac,Fiend,ToB 370
1860,Hard,6,Sapphire Jelly,Ooze,ToB2 312
1861,Deadly,2,Zegana,Humanoid,GGR 255
1862,Deadly,5,Hashalaq Quori,Aberration,Ebb 305
1863,Deadly,6,Troll' Lake,Giant,ToB 389
1864,Deadly,3,Herald of Blood,Fiend,ToB 248
1865,Deadly,19,Duergar Stone Guard,Humanoid,MTF 191
1866,Deadly,4,Theullai,Elemental,ToB 379
1867,Deadly,1,Solar,Celestial,MM 18
1868,Deadly,9,Plague Harpy,Monstrosity,ToB3 229
1869,Deadly,8,Elemental' Blood,Elemental,CC 138
1870,Deadly,2,Arcane Leviathan,Construct,ToB3 40
1871,Deadly,5,Arcane Scavenger,Construct,ToB3 41
1872,Deadly,6,Cave Mimic,Monstrosity,ToB3 77
1873,Deadly,3,Lantern Giant,Giant,ToB3 204
1874,Deadly,19,Spined Devil,Fiend,MM 78
1875,Deadly,4,Salt Golem,Construct,ToB 235
1876,Deadly,1,Dread Examiner,Aberration,ToB3 160
1877,Deadly,9,Fleshpod Hornet,Beast,CC 161
1878,Deadly,8,Mind Mage,Humanoid,GGR 233
1879,Deadly,2,Category 3 Krasis,Monstrosity,GGR 212
1880,Deadly,5,Lich' Hierophant,Undead,CC 252
1881,Deadly,6,Fey Revenant,Fey,ToB2 150
1882,Deadly,3,Archmage,Humanoid,MM 342
1883,Deadly,19,Burnished Hart,Construct,MOoT 211
1884,Deadly,4,Golem' Doom,Construct,CC 197
1885,Deadly,1,Rainforest King,Fey,ToB3 182
1886,Deadly,9,Merchant Captain,Humanoid,ToB3 410
1887,Deadly,8,Ophidiotaur,Monstrosity,ToB2 282
1888,Deadly,2,Hellfire Engine,Construct,MTF 165
1889,Deadly,5,Truant Devourer,Undead,ToB3 378
1890,Deadly,6,Fey Revenant,Fey,ToB2 150
1891,Insanity,4,Graknork,Monstrosity,ToB2 182
1892,Insanity,8,Snow Terror,Fiend,ToB2 334
1893,Insanity,5,Noth-Norren,Elemental,ToB2 270
1894,Insanity,24,Spectator,Aberration,MM 30
1895,Insanity,2,Primordial Matriarch,Elemental,ToB3 318
1896,Insanity,3,Adult Gold Dragon,Dragon,MM 114
1897,Insanity,1,Devil' Mammon,Fiend,ToB 99
1898,Insanity,6,Wandering Haze,Ooze,ToB3 389
1899,Insanity,4,Deathpact Angel,Celestial,GGR 191
1900,Insanity,8,Young Moonstone Dragon,Dragon,FToD 213
1901,Medium,1,Androsphinx,Monstrosity,MM 281
1902,Medium,3,Sinoper Ooze,Ooze,ToB3 310
1903,Medium,4,Lost Sorrowsworn,Monstrosity,MTF 233
1904,Medium,8,Black Pudding,Ooze,MM 241
1905,Medium,5,Plague Harpy,Monstrosity,ToB3 229
1906,Medium,22,Moorbounder,Beast,EGtW 295
1907,Medium,12,Golem' Bronze,Construct,CC 195
1908,Medium,6,Eldritch Ooze,Ooze,ToB2 278
1909,Medium,2,Doomwake Giant,Giant,MOoT 224
1910,Medium,1,Adult Boreal Dragon,Dragon,ToB2 111
1911,Medium,3,Oasis Keeper,Monstrosity,ToB2 273
1912,Medium,4,Ophio Fungus,Plant,ToB2 157
1913,Medium,8,Elophar,Undead,CC 149
1914,Medium,5,Rockwood,Elemental,ToB3 334
1915,Medium,22,Swarm of Quippers,Beast,MM 338
1916,Medium,12,Cave Fisher,Monstrosity,VGM 130
1917,Medium,6,Swarm of Cranium Rats,Beast,VGM 133
1918,Medium,2,Voidling,Aberration,ToB 404
1919,Medium,1,Adult Blue Dracolich,Undead,MM 84
1920,Medium,3,Ursan Archon,Celestial,ToB3 43
1921,Medium,4,Swavain Basilisk,Monstrosity,EGtW 300
1922,Medium,8,Jubjub Bird,Beast,ToB3 247
1923,Medium,5,Dire Lionfish,Beast,ToB3 131
1924,Medium,22,Alabroza,Monstrosity,ToB3 13
1925,Medium,12,Veteran,Humanoid,MM 350
1926,Medium,6,Corpselight Moth,Beast,ToB3 95
1927,Medium,2,Buraq,Celestial,ToB 48
1928,Medium,1,Koschei,Fiend,ToB 266
1929,Medium,3,Brine Hag,Fey,ToB3 225
1930,Medium,4,Spirit Lamp,Undead,CC 349
1931,Hard,3,Doomwake Giant,Giant,MOoT 224
1932,Hard,5,Sazakan,Elemental,ToB3 336
1933,Hard,9,Allip,Undead,MTF 116
1934,Hard,12,Ortifex,Undead,ToB2 287
1935,Hard,2,Baliri Demon,Fiend,ToB2 93
1936,Hard,4,Bone Devil,Fiend,MM 71
1937,Hard,6,Demon' Echo,Fiend,CC 84
1938,Hard,1,Molydeus,Fiend,MTF 134
1939,Hard,15,Megantereon,Beast,ToB3 269
1940,Hard,3,Leech Demon,Fiend,ToB3 110
1941,Hard,5,Vines of Nemthyr,Plant,CC 371
1942,Hard,9,Nullicorn,Aberration,ToB3 292
1943,Hard,12,Helmed Horror,Construct,MM 183
1944,Hard,2,Shetani,Fiend,ToB3 343
1945,Hard,4,Aurora Horribilis,Aberration,ToB2 34
1946,Hard,6,Fext,Undead,ToB 183
1947,Hard,1,Greater Star Spawn Emissary,Aberration,VRgtR 245
1948,Hard,15,Niya-Atha Warrior,Fey,ToB3 290
1949,Hard,3,Shadow Fey Poisoner,Humanoid,CC 148
1950,Hard,5,Tarkun the Desiccated,Fey,ToB2 148
1951,Hard,9,Kikimora,Fey,ToB 260
1952,Hard,12,Monkey's Bane Vine,Plant,ToB3 273
1953,Hard,2,Adult Mithral Dragon,Dragon,ToB 133
1954,Hard,4,Drake' Spider,Dragon,CC 133
1955,Hard,6,Yavalnoi,Aberration,ToB2 379
1956,Hard,1,Primordial Matriarch,Elemental,ToB3 318
1957,Hard,15,Scrofin,Fey,ToB2 319
1958,Hard,3,Marid,Elemental,MM 146
1959,Hard,5,Obzedat Ghost,Undead,GGR 245
1960,Hard,9,Div,Elemental,ToB3 135
1961,Deadly,22,Shellycoat,Fey,ToB 346
1962,Deadly,4,Herald of Undeath,Undead,CC 219
1963,Deadly,5,Demon' Rubezahl,Fiend,ToB 80
1964,Deadly,6,Rockslide Elemental,Elemental,ToB3 168
1965,Deadly,1,Lady Illmarrow,Undead,Ebb 297
1966,Deadly,10,Gorgon,Monstrosity,MM 171
1967,Deadly,3,Devilflame Juggler,Fiend,ToB3 119
1968,Deadly,2,Death Knight,Undead,MM 47
1969,Deadly,8,Mamura,Aberration,ToB 284
1970,Deadly,22,Rug of Smothering,Construct,MM 20
1971,Deadly,4,Naina (in humanoid form),Fey,ToB 302
1972,Deadly,5,Grave Behemoth,Undead,CC 208
1973,Deadly,6,War Priest,Humanoid,CC 411
1974,Deadly,1,Mind Flayer Lich,Undead,VGM 172
1975,Deadly,10,Shimmer Seal,Beast,ToB2 324
1976,Deadly,3,Storm Giant,Giant,MM 156
1977,Deadly,2,Sinstar,Plant,ToB3 345
1978,Deadly,8,Derro Shadowseeker,Humanoid,ToB2 98
1979,Deadly,22,Swarm of Hoard Scarab,Monstrosity,FToD 205
1980,Deadly,4,Devil' Koralk (Harvester Devil),Fiend,ToB 108
1981,Deadly,5,Catonoctrix,Aberration,ToB3 75
1982,Deadly,6,Ahu-Nixta Cataphract,Aberration,ToB2 9
1983,Deadly,1,Dragon' Light' Ancient,Dragon,CC 116
1984,Deadly,10,Trollkin Ironmonger,Humanoid,ToB3 376
1985,Deadly,3,Young Red Shadow Dragon,Dragon,MM 85
1986,Deadly,2,Goristro,Fiend,MM 59
1987,Deadly,8,Magnetic Elemental,Elemental,ToB2 134
1988,Deadly,22,Orphan of the Black,Fey,ToB2 286
1989,Deadly,4,Xing Tian,Giant,ToB2 376
1990,Deadly,5,Empyrean Kobold,Celestial,ToB3 253
1991,Insanity,5,Devil' Orobas,Fiend,ToB 111
1992,Insanity,4,Lich' Pact,Undead,CC 254
1993,Insanity,6,Ychen Bannog,Beast,ToB 413
1994,Insanity,10,Giant' Blood,Giant,CC 180
1995,Insanity,18,Giant Walking Stick,Beast,ToB3 201
1996,Insanity,8,Slayer Rakshasa,Fiend,ToB3 330
1997,Insanity,2,Monkey King,Celestial,CC 337
1998,Insanity,1,Tromokratis,Monstrosity,MOoT 254
1999,Insanity,3,Queen of Mammoths,Fey,ToB3 32
2000,Insanity,5,Adult Copper Dragon,Dragon,MM 111
