1,Medium,5,1/4,Dipsa,Ooze,ToB 118
2,Medium,3,1/2,Lizardfolk,Humanoid,MM 204
3,Medium,12,0,Giant Fire Beetle,Beast,MM 325
4,Medium,2,1,Chamrosh,Celestial,ToB2 59
5,Medium,1,2,Green Dragon Wyrmling,Dragon,MM 95
6,Medium,6,1/8,Manes,Fiend,MM 60
7,Medium,5,1/4,Gray Orc,Humanoid,ToB2 284
8,Medium,3,1/2,Alkonost,Monstrosity,CC 12
9,Medium,12,0,Lizard,Beast,MM 332
10,Medium,2,1,Slavedriver,Humanoid,Skaven 4
11,Medium,1,2,Dire Rat Cavalry,Humanoid,Skaven 14
12,Medium,6,1/8,Manes,Fiend,MM 60
13,Medium,5,1/4,Garroter Crab,Beast,ToB 208
14,Medium,3,1/2,Amphisbaena,Monstrosity,MOoT 208
15,Medium,12,0,Bilby,Beast,ToB2 388
16,Medium,2,1,Dark Servant,Humanoid,CC 72
17,Medium,1,2,Ember Glider,Monstrosity,ToB3 170
18,Medium,6,1/8,Noble,Humanoid,MM 348
19,Medium,5,1/4,Orniraptor,Monstrosity,ToB2 285
20,Medium,3,1/2,Dolgrim,Aberration,Ebb 291
21,Medium,12,0,Lizard,Beast,MM 332
22,Medium,2,1,Animated Armor,Construct,MM 19
23,Medium,1,2,Putrid Haunt,Undead,ToB 315
24,Medium,6,1/8,Edjet Initiate,Humanoid,ToB2 131
25,Medium,5,1/4,Fastieth,Beast,Ebb 289
26,Medium,3,1/2,Shadow,Undead,MM 269
27,Medium,12,0,Awakened Shrub,Plant,MM 317
28,Medium,2,1,Death Dog,Monstrosity,MM 321
29,Medium,1,2,Shellycoat,Fey,ToB 346
30,Medium,6,1/8,Hoard Scarab,Monstrosity,FToD 205
31,Hard,6,1/4,Panther,Beast,MM 333
32,Hard,9,1/8,Pixie's Umbrella,Plant,ToB2 158
33,Hard,3,1,Balloon Spider,Beast,ToB2 387
34,Hard,1,3,Vine Golem,Construct,ToB2 181
35,Hard,4,1/2,Ape,Beast,MM 317
36,Hard,6,1/4,Zombie,Undead,MM 316
37,Hard,9,1/8,Young Kruthik,Monstrosity,MTF 211
38,Hard,3,1,Kobold Scale Sorcerer,Humanoid,VGM 167
39,Hard,1,3,Giant Mole Lizard,Beast,ToB3 199
40,Hard,4,1/2,Amphisbaena,Monstrosity,MOoT 208
41,Hard,6,1/4,Fastieth,Beast,Ebb 289
42,Hard,9,1/8,Bookkeeper,Construct,CC 55
43,Hard,3,1,Quasit,Fiend,MM 63
44,Hard,1,3,Mindrot Thrall,Plant,ToB 290
45,Hard,4,1/2,Hybrid Spy,Humanoid,GGR 218
46,Hard,6,1/4,Gnoll Witherling,Undead,VGM 155
47,Hard,9,1/8,Bandit,Humanoid,MM 343
48,Hard,3,1,Living Burning Hands,Construct,Ebb 298
49,Hard,1,3,Bar Brawl,Humanoid,CC 48
50,Hard,4,1/2,Rochade,Fey,ToB3 332
51,Hard,6,1/4,Rothe,Beast,VGM 207
52,Hard,9,1/8,Gorao-Ka,Fey,ToB2 221
53,Hard,3,1,Clockwork Leech,Construct,ToB2 66
54,Hard,1,3,Golem' Wood,Construct,CC 201
55,Hard,4,1/2,Bilge Gremlin,Fey,ToB3 219
56,Hard,6,1/4,Goblin,Humanoid,MM 166
57,Hard,9,1/8,Stirge,Beast,MM 284
58,Hard,3,1,Bilwis,Elemental,CC 53
59,Hard,1,3,Owlbear,Monstrosity,MM 249
60,Hard,4,1/2,Nehekhara Archer,Undead,TombKings 7
61,Deadly,3,1,Cueyatl Warrior,Humanoid,CC 69
62,Deadly,5,1/2,Cockatrice,Monstrosity,MM 42
63,Deadly,1,4,Oracle,Humanoid,MOoT 238
64,Deadly,6,1/4,Suturefly,Beast,ToB 372
65,Deadly,2,2,Kallikantzaros,Fey,CC 233
66,Deadly,3,1,Harpy,Monstrosity,MM 181
67,Deadly,5,1/2,Scorchbringer Guard,Humanoid,GGR 243
68,Deadly,1,4,Azeban,Fey,CC 44
69,Deadly,6,1/4,Exploding Toad,Monstrosity,CC 150
70,Deadly,2,2,Gray Thirster,Undead,ToB 238
71,Deadly,3,1,Herd Skulker,Monstrosity,ToB3 231
72,Deadly,5,1/2,Kobold Speelclerk,Humanoid,ToB2 232
73,Deadly,1,4,Black Pudding,Ooze,MM 241
74,Deadly,6,1/4,Harefolk,Humanoid,ToB2 194
75,Deadly,2,2,Dragonborn Hvy Cavalry,Humanoid,CC 123
76,Deadly,3,1,Chamrosh,Celestial,ToB2 59
77,Deadly,5,1/2,Clockwork Watchman,Construct,ToB 65
78,Deadly,1,4,Setessan Hoplite,Humanoid,MOoT 299
79,Deadly,6,1/4,Goblin,Humanoid,MM 166
80,Deadly,2,2,Golem' Lesser' Glass,Construct,CC 200
81,Deadly,3,1,Specter,Undead,MM 279
82,Deadly,5,1/2,Simian' Kapi,Humanoid,CC 336
83,Deadly,1,4,Ogre Battering Ram,Giant,MTF 220
84,Deadly,6,1/4,Snake' Swamp Adder,Beast,ToB 354
85,Deadly,2,2,Ophinix,Monstrosity,ToB2 283
86,Deadly,3,1,Boneless,Undead,VRgtR 228
87,Deadly,5,1/2,Nehekhara Archer,Undead,TombKings 7
88,Deadly,1,4,Winterghast,Undead,ToB2 371
89,Deadly,6,1/4,Holler Spider,Beast,ToB2 395
90,Deadly,2,2,Plesiosaurus,Beast,MM 80
91,Insanity,2,3,Haakjir,Monstrosity,ToB3 224
92,Insanity,6,1/2,Boomer,Plant,ToB2 157
93,Insanity,1,5,Sliepnir,Monstrosity,CC 344
94,Insanity,3,2,Deep One,Humanoid,ToB 73
95,Insanity,5,1,Quasit,Fiend,MM 63
96,Insanity,24,0,Lantern Beetle,Beast,ToB2 40
97,Insanity,2,3,Hobgoblin Captain,Humanoid,MM 186
98,Insanity,6,1/2,Derro Guard,Humanoid,ToB2 97
99,Insanity,1,5,Chemosit,Fiend,ToB3 82
100,Insanity,3,2,Meenlock,Fey,VGM 170
101,Medium,1,4,Dwarf' Graveslayer,Humanoid,CC 400
102,Medium,2,2,Flame Eater Swarm,Beast,CC 158
103,Medium,5,1/2,Eshin Arbalester,Humanoid,Skaven 13
104,Medium,6,1/4,Giant Owl,Beast,MM 327
105,Medium,3,1,Pestilence Swarm,Beast,ToB2 294
106,Medium,1,4,Ghoul' Imperial,Undead,ToB 220
107,Medium,2,2,Flame Eater Swarm,Beast,CC 158
108,Medium,5,1/2,Kobold Speelclerk,Humanoid,ToB2 232
109,Medium,6,1/4,Resinous Frog,Beast,ToB2 397
110,Medium,3,1,Bronze Scout,Construct,MTF 125
111,Medium,1,4,Edimmu,Undead,ToB 165
112,Medium,2,2,Gelatinous Cube,Ooze,MM 242
113,Medium,5,1/2,Svirfneblin,Humanoid,MM 164
114,Medium,6,1/4,Oblex Spawn,Ooze,MTF 217
115,Medium,3,1,Horncaller,Humanoid,GGR 253
116,Medium,1,4,Moonless Hunter,Fey,ToB3 275
117,Medium,2,2,Boreal Dragon Wyrmling,Dragon,ToB2 113
118,Medium,5,1/2,Shoth' Sooze,Aberration,CC 334
119,Medium,6,1/4,Axe Beak,Beast,MM 317
120,Medium,3,1,Wind Dragon Wyrmling,Dragon,ToB 145
121,Medium,1,4,Zombie Plague Spreader,Undead,VRgtR 255
122,Medium,2,2,Yann-An-Oed,Aberration,CC 391
123,Medium,5,1/2,Ape,Beast,MM 317
124,Medium,6,1/4,Blood Barnacle,Beast,ToB3 62
125,Medium,3,1,Deep Dragon Wyrmling,Dragon,FToD 175
126,Medium,1,4,Slithy Tove,Monstrosity,ToB3 347
127,Medium,2,2,Ember Glider,Monstrosity,ToB3 170
128,Medium,5,1/2,Worg,Monstrosity,MM 341
129,Medium,6,1/4,Kalke,Fiend,ToB 289
130,Medium,3,1,Vargouille,Fiend,VGM 195
131,Hard,14,1/8,Flying Snake,Beast,MM 322
132,Hard,2,3,Rat Ogre,Monstrosity,Skaven 6
133,Hard,18,0,Hyena,Beast,MM 331
134,Hard,9,1/4,Roachling Skirmisher,Humanoid,ToB 329
135,Hard,4,1,Boloti,Fey,ToB 38
136,Hard,6,1/2,Ice Mephit,Elemental,MM 215
137,Hard,14,1/8,Wharfling,Beast,ToB 407
138,Hard,2,3,Flitterstep Eidolon,Undead,MOoT 222
139,Hard,18,0,Crab,Beast,MM 320
140,Hard,9,1/4,Living Wick,Construct,ToB 278
141,Hard,4,1,Imp,Fiend,MM 76
142,Hard,6,1/2,Shoth' Sooze,Aberration,CC 334
143,Hard,14,1/8,Clockwork Servant,Construct,CC 65
144,Hard,2,3,Warlock Engineer,Humanoid,Skaven 1
145,Hard,18,0,Eagle,Beast,MM 322
146,Hard,9,1/4,Biting Gnat Swarm,Beast,ToB3 360
147,Hard,4,1,Gumienniki,Fiend,CC 213
148,Hard,6,1/2,Flesh Reaver,Undead,CC 160
149,Hard,14,1/8,Giant Weasel,Beast,MM 329
150,Hard,2,3,Draconian Infiltrator,Monstrosity,FToD 178
151,Hard,18,0,Lantern Beetle,Beast,ToB2 40
152,Hard,9,1/4,Tortle,Humanoid,MTF 242
153,Hard,4,1,Chamrosh,Celestial,ToB2 59
154,Hard,6,1/2,Giant Goat,Beast,MM 326
155,Hard,14,1/8,Merfolk,Humanoid,MM 218
156,Hard,2,3,Alpine Creeper,Plant,ToB3 19
157,Hard,18,0,Myconid Sprout,Plant,MM 230
158,Hard,9,1/4,Giant Lizard,Beast,MM 326
159,Hard,4,1,Offal Walker,Undead,ToB3 296
160,Hard,6,1/2,Corpse Thief,Humanoid,CC 66
161,Deadly,2,3,Ravenfolk Warrior (Kenku),Humanoid,ToB 322
162,Deadly,6,1/2,Nehekhara Archer,Undead,TombKings 7
163,Deadly,3,2,Berbalang,Aberration,MTF 120
164,Deadly,5,1,Golem' Lesser' Mud,Construct,CC 201
165,Deadly,1,5,Ooze' Corrupting,Ooze,ToB 311
166,Deadly,24,0,Myconid Sprout,Plant,MM 230
167,Deadly,2,3,Bearded Devil,Fiend,MM 70
168,Deadly,6,1/2,Phoenixborn,Humanoid,ToB3 316
169,Deadly,3,2,Pentadrone,Construct,MM 226
170,Deadly,5,1,Inciter,Fiend,ToB3 108
171,Deadly,1,5,Kruthik Hive Lord,Monstrosity,MTF 212
172,Deadly,24,0,Lantern Beetle,Beast,ToB2 40
173,Deadly,2,3,Ghoulsteed,Undead,CC 177
174,Deadly,6,1/2,Lizardfolk,Humanoid,MM 204
175,Deadly,3,2,Shadow Mastiff,Monstrosity,VGM 190
176,Deadly,5,1,Ooze' Suppurating,Ooze,CC 288
177,Deadly,1,5,Giant Shark,Beast,MM 328
178,Deadly,24,0,Scorpion,Beast,MM 337
179,Deadly,2,3,Drake' Skull,Dragon,CC 132
180,Deadly,6,1/2,Ravenfolk Scout (Kenku),Humanoid,ToB 322
181,Deadly,3,2,Demon' Wind,Fiend,CC 93
182,Deadly,5,1,Giant Vulture,Beast,MM 329
183,Deadly,1,5,Brontosaurus,Beast,VGM 139
184,Deadly,24,0,Eagle,Beast,MM 322
185,Deadly,2,3,Wrackwraith,Undead,ToB3 395
186,Deadly,6,1/2,Corrupted Pixie,Fiend,ToB2 72
187,Deadly,3,2,Initiate of the Elder Elementals,Humanoid,ToB2 216
188,Deadly,5,1,Swarm of Zombie Limbs,Undead,VRgtR 254
189,Deadly,1,5,Kongamato,Beast,ToB 265
190,Deadly,24,0,Meerkat,Beast,ToB3 268
191,Insanity,3,3,Alpha Fish,Beast,ToB2 14
192,Insanity,4,2,Kobold' Junk Shaman,Humanoid,CC 238
193,Insanity,1,8,Assassin,Humanoid,MM 343
194,Insanity,6,1,Anophiloi,Monstrosity,CC 39
195,Insanity,2,5,Sliepnir,Monstrosity,CC 344
196,Insanity,19,1/8,Neogi Hatchling,Aberration,VGM 179
197,Insanity,3,3,Nergaliid,Fiend,EGtW 296
198,Insanity,4,2,Will-o-wisp,Undead,MM 301
199,Insanity,1,8,Hongaek,Elemental,ToB2 201
200,Insanity,6,1,Husk Zombie,Undead,EGtW 293
201,Medium,18,0,Lantern Beetle,Beast,ToB2 40
202,Medium,6,1/2,Scorchbringer Guard,Humanoid,GGR 243
203,Medium,4,1,Quadrone,Construct,MM 226
204,Medium,2,3,Shadow Boxer,Fey,ToB2 322
205,Medium,14,1/8,Skavenslave,Humanoid,Skaven 5
206,Medium,9,1/4,Wolpertinger,Monstrosity,CC 382
207,Medium,18,0,Hyena,Beast,MM 331
208,Medium,6,1/2,Giant Sea Horse,Beast,MM 328
209,Medium,4,1,Child of the Briar,Plant,ToB 56
210,Medium,2,3,Leashed Lesion,Aberration,ToB3 259
211,Medium,14,1/8,Monodrone,Construct,MM 224
212,Medium,9,1/4,Pseudodragon,Dragon,MM 254
213,Medium,18,0,Badger,Beast,MM 318
214,Medium,6,1/2,Juniper Sheriff,Fey,ToB3 248
215,Medium,4,1,Giant Moth' Shockwing,Beast,CC 179
216,Medium,2,3,Green Hag,Fey,MM 177
217,Medium,14,1/8,Neogi Hatchling,Aberration,VGM 179
218,Medium,9,1/4,Abyssal Wretch,Fiend,MTF 136
219,Medium,18,0,Octopus,Beast,MM 333
220,Medium,6,1/2,Amphisbaena,Monstrosity,MOoT 208
221,Medium,4,1,Duergar Soulblade,Humanoid,MTF 190
222,Medium,2,3,Viiret,Plant,ToB2 361
223,Medium,14,1/8,Flying Snake,Beast,MM 322
224,Medium,9,1/4,Giant Wolf Spider,Beast,MM 330
225,Medium,18,0,Lemure,Fiend,MM 76
226,Medium,6,1/2,Harvest Horse,Construct,ToB3 230
227,Medium,4,1,Female Steeder,Monstrosity,MTF 238
228,Medium,2,3,Megapede,Monstrosity,CC 266
229,Medium,14,1/8,Mastiff,Beast,MM 332
230,Medium,9,1/4,Metallic Warbler,Construct,FToD 210
231,Hard,1,6,Gryllus Swarm,Construct,ToB3 361
232,Hard,5,1,Hybrid Poisoner,Humanoid,GGR 217
233,Hard,8,1/2,Firenewt Warrior,Humanoid,VGM 142
234,Hard,3,2,Scrofin,Fey,ToB2 319
235,Hard,27,0,Hyena,Beast,MM 331
236,Hard,2,4,Demon' Rattok,Fiend,CC 90
237,Hard,10,1/4,Pseudodragon,Dragon,MM 254
238,Hard,1,6,Elf' Deathsworn,Humanoid,CC 142
239,Hard,5,1,Grimmlet,Monstrosity,ToB2 186
240,Hard,8,1/2,Darkmantle,Monstrosity,MM 46
241,Hard,3,2,Vile Barber,Fey,ToB 401
242,Hard,27,0,Quipper,Beast,MM 335
243,Hard,2,4,Deep One Hybrid Priest,Humanoid,ToB 73
244,Hard,10,1/4,Living Shade,Fey,CC 255
245,Hard,1,6,Kaveph,Aberration,ToB2 225
246,Hard,5,1,Bronze Scout,Construct,MTF 125
247,Hard,8,1/2,Narshark,Monstrosity,ToB2 266
248,Hard,3,2,Hoarfrost Drake,Dragon,ToB2 123
249,Hard,27,0,Magewright,Humanoid,Ebb 318
250,Hard,2,4,Quagga,Monstrosity,ToB3 325
251,Hard,10,1/4,Rothe,Beast,VGM 207
252,Hard,1,6,Kobold' King,Humanoid,CC 239
253,Hard,5,1,Quaggoth Spore Servant,Plant,MM 230
254,Hard,8,1/2,Devil' Fire Imp,Fiend,CC 103
255,Hard,3,2,Hybrid Brute,Humanoid,GGR 217
256,Hard,27,0,Owl,Beast,MM 333
257,Hard,2,4,Ortifex,Undead,ToB2 287
258,Hard,10,1/4,Lemurfolk,Humanoid,ToB 271
259,Hard,1,6,Ghost Dwarf,Undead,CC 171
260,Hard,5,1,Bilwis,Elemental,CC 53
261,Deadly,4,2,Polar Bear,Beast,MM 334
262,Deadly,1,8,Monolith Champion,Construct,ToB 294
263,Deadly,19,1/8,Ice Bogie,Fey,ToB2 209
264,Deadly,3,3,Gnoll Havoc Runner,Humanoid,ToB 230
265,Deadly,2,5,Lakescourge Lotus,Undead,ToB3 258
266,Deadly,6,1,Drake' Crimson,Dragon,ToB 151
267,Deadly,4,2,Ant' Giant,Beast,ToB 23
268,Deadly,1,8,Hound of Tindalos,Aberration,CC 221
269,Deadly,19,1/8,Guard,Humanoid,MM 347
270,Deadly,3,3,Flying Horror,Aberration,GGR 203
271,Deadly,2,5,Wind Acolyte,Humanoid,ToB3 412
272,Deadly,6,1,Swarm of Quippers,Beast,MM 338
273,Deadly,4,2,Swarm of Gremishkas,Monstrosity,VRgtR 235
274,Deadly,1,8,Hantu Penanggal,Fiend,ToB2 192
275,Deadly,19,1/8,Wicked Skull,Monstrosity,ToB2 368
276,Deadly,3,3,Yeti,Monstrosity,MM 305
277,Deadly,2,5,Corpselight Moth,Beast,ToB3 95
278,Deadly,6,1,Sea Spawn,Humanoid,VGM 189
279,Deadly,4,2,Giant Boar,Beast,MM 323
280,Deadly,1,8,Rockslide Elemental,Elemental,ToB3 168
281,Deadly,19,1/8,Mule,Beast,MM 333
282,Deadly,3,3,Bar Brawl,Humanoid,CC 48
283,Deadly,2,5,Allip,Undead,MTF 116
284,Deadly,6,1,Mountain Strider,Monstrosity,ToB2 261
285,Deadly,4,2,Kot Bayun,Monstrosity,ToB 268
286,Deadly,1,8,Mandriano' Ancient,Plant,CC 261
287,Deadly,19,1/8,Noble,Humanoid,MM 348
288,Deadly,3,3,Veteran Swordbreaker Skeleton,Undead,ToB2 332
289,Deadly,2,5,Flayed Wraith,Undead,ToB2 151
290,Deadly,6,1,Sea Spawn,Humanoid,VGM 189
291,Insanity,3,5,Gnomish Knife Cultist,Humanoid,CC 402
292,Insanity,5,3,Werecrocodile,Humanoid,ToB3 265
293,Insanity,4,4,Tosculi' Jeweled Drone,Humanoid,CC 355
294,Insanity,2,7,Origami Golem,Construct,ToB3 217
295,Insanity,19,1/4,Xanka,Construct,ToB 411
296,Insanity,1,11,Naina,Dragon,ToB 302
297,Insanity,6,2,Hunter Shark,Beast,MM 330
298,Insanity,3,5,Derro' Witch Queen,Humanoid,CC 97
299,Insanity,5,3,Jaculus,Dragon,ToB 258
300,Insanity,4,4,Frostveil,Plant,ToB 207
301,Medium,3,2,Derro Explorer,Humanoid,ToB2 97
302,Medium,1,6,Chimera,Monstrosity,MM 39
303,Medium,12,1/4,Harefolk,Humanoid,ToB2 194
304,Medium,5,1,Sea Spawn,Humanoid,VGM 189
305,Medium,2,4,Giant Walking Stick,Beast,ToB3 201
306,Medium,3,2,Peryton,Monstrosity,MM 251
307,Medium,1,6,Werynax,Monstrosity,ToB2 367
308,Medium,12,1/4,Violet Fungus,Plant,MM 138
309,Medium,5,1,Ooze' Alchemical App,Ooze,CC 281
310,Medium,2,4,Hobgoblin Devastator,Humanoid,VGM 161
311,Medium,3,2,Priest,Humanoid,MM 348
312,Medium,1,6,Giant' Cacus,Giant,CC 181
313,Medium,12,1/4,Goblin,Humanoid,MM 166
314,Medium,5,1,Grimmlet,Monstrosity,ToB2 186
315,Medium,2,4,Dwarf' Graveslayer,Humanoid,CC 400
316,Medium,3,2,Nehekhara Liche Acolyte,Undead,TombKings 6
317,Medium,1,6,Ibexian,Fiend,ToB3 238
318,Medium,12,1/4,Giant Leech,Beast,ToB2 393
319,Medium,5,1,Inciter,Fiend,ToB3 108
320,Medium,2,4,Yuan-ti Nightmare Speaker,Monstrosity,VGM 205
321,Medium,3,2,Shadow Mastiff,Monstrosity,VGM 190
322,Medium,1,6,Clockwork Myrmidon,Construct,ToB 64
323,Medium,12,1/4,Shiftshroom,Plant,ToB2 159
324,Medium,5,1,Deinonychus,Beast,VGM 139
325,Medium,2,4,Devil' Wind’s Harp,Fiend,CC 105
326,Medium,3,2,Baba Yaga’s Iron Teeth,Fey,CC 47
327,Medium,1,6,Ouroboros,Dragon,CC 293
328,Medium,12,1/4,Fastieth,Beast,Ebb 289
329,Medium,5,1,Warforged Soldier,Humanoid,Ebb 320
330,Medium,2,4,Weretiger,Humanoid,MM 210
331,Hard,4,2,Tosculi Warrior,Monstrosity,ToB 386
332,Hard,1,8,Howler,Fiend,MTF 210
333,Hard,3,3,Warlock Engineer,Humanoid,Skaven 1
334,Hard,6,1,Deep Dragon Wyrmling,Dragon,FToD 175
335,Hard,2,5,Revenant,Undead,MM 259
336,Hard,18,1/8,Guard,Humanoid,MM 347
337,Hard,4,2,Topaz Dragon Wyrmling,Dragon,FToD 223
338,Hard,1,8,Ice Golem,Construct,ToB3 216
339,Hard,3,3,Displacer Beast,Monstrosity,MM 81
340,Hard,6,1,Hybrid Poisoner,Humanoid,GGR 217
341,Hard,2,5,Nullicorn,Aberration,ToB3 292
342,Hard,18,1/8,Monodrone,Construct,MM 224
343,Hard,4,2,Demon' Wind,Fiend,CC 93
344,Hard,1,8,Ala,Fey,ToB 13
345,Hard,3,3,Alpine Creeper,Plant,ToB3 19
346,Hard,6,1,Mantik’s Barbed,Humanoid,CC 263
347,Hard,2,5,Dark Voice,Humanoid,CC 73
348,Hard,18,1/8,Boggle,Fey,VGM 128
349,Hard,4,2,Razorfeather Raptor,Monstrosity,ToB3 127
350,Hard,1,8,Tzepharion,Fiend,ToB2 106
351,Hard,3,3,Far Darrig,Fey,ToB 179
352,Hard,6,1,Dire Wolf,Beast,MM 321
353,Hard,2,5,Vila,Fey,ToB 400
354,Hard,18,1/8,Wicked Skull,Monstrosity,ToB2 368
355,Hard,4,2,Bandit Captain,Humanoid,MM 344
356,Hard,1,8,Nivix Cyclops,Giant,GGR 216
357,Hard,3,3,Minotaur,Monstrosity,MM 223
358,Hard,6,1,Minor Malleable,Aberration,ToB2 252
359,Hard,2,5,Kobold' Wizard,Humanoid,CC 241
360,Hard,18,1/8,Leonino,Beast,CC 250
361,Deadly,24,1/8,Manes,Fiend,MM 60
362,Deadly,1,9,Darakhul Captain,Undead,ToB2 167
363,Deadly,4,3,Spectator,Aberration,MM 30
364,Deadly,12,1/2,Valkruung,Monstrosity,ToB2 355
365,Deadly,2,5,Corpselight Moth,Beast,ToB3 95
366,Deadly,5,2,White Dragon Wyrmling,Dragon,MM 102
367,Deadly,3,4,Battle Mage,Humanoid,CC 397
368,Deadly,24,1/8,Stirge,Beast,MM 284
369,Deadly,1,9,Young Void Dragon,Dragon,ToB 140
370,Deadly,4,3,Killer Whale,Beast,MM 331
371,Deadly,12,1/2,Flesh Reaver,Undead,CC 160
372,Deadly,2,5,Lakescourge Lotus,Undead,ToB3 258
373,Deadly,5,2,Hybrid Flyer,Humanoid,GGR 217
374,Deadly,3,4,Elemental' Venom,Elemental,CC 140
375,Deadly,24,1/8,Wicked Skull,Monstrosity,ToB2 368
376,Deadly,1,9,Stargazer,Monstrosity,ToB3 354
377,Deadly,4,3,Brownie Beastrider,Fey,ToB3 69
378,Deadly,12,1/2,Firenewt Warrior,Humanoid,VGM 142
379,Deadly,2,5,Bulette,Monstrosity,MM 34
380,Deadly,5,2,Green Dragon Wyrmling,Dragon,MM 95
381,Deadly,3,4,Vaettir,Undead,ToB 395
382,Deadly,24,1/8,Bookkeeper,Construct,CC 55
383,Deadly,1,9,Jinmenju,Plant,CC 232
384,Deadly,4,3,Vampiric Mist,Undead,MTF 246
385,Deadly,12,1/2,Myconid Adult,Plant,MM 232
386,Deadly,2,5,Amphibolt,Monstrosity,ToB3 21
387,Deadly,5,2,Folk of Leng,Humanoid,ToB 204
388,Deadly,3,4,Merregon,Fiend,MTF 166
389,Deadly,24,1/8,Bandit,Humanoid,MM 343
390,Deadly,1,9,Lonely Sorrowsworn,Monstrosity,MTF 232
391,Insanity,1,13,Siege Archon,Celestial,ToB3 42
392,Insanity,12,1,Giant Octopus,Beast,MM 326
393,Insanity,8,2,Rapscallion,Plant,ToB3 18
394,Insanity,3,5,Nehekhara Liche Priest,Undead,TombKings 4
395,Insanity,5,3,Fragrant One,Fey,ToB2 156
396,Insanity,2,8,Sword Wraith Commander,Undead,MTF 241
397,Insanity,24,1/4,Anarch,Humanoid,GGR 239
398,Insanity,4,4,Kobold Chieftain,Humanoid,ToB 263
399,Insanity,1,13,Gigantura,Monstrosity,ToB3 208
400,Insanity,12,1,Swarm of Quippers,Beast,MM 338
401,Medium,4,3,Demon' Plaresh,Fiend,CC 89
402,Medium,2,5,Red Slaad,Aberration,MM 276
403,Medium,3,4,Bone Naga,Undead,MM 233
404,Medium,1,9,Coastline Reaper,Monstrosity,ToB3 92
405,Medium,5,2,Sampgas Bubble,Ooze,ToB2 343
406,Medium,12,1/2,Nupperibo,Fiend,MTF 168
407,Medium,24,1/8,Neogi Hatchling,Aberration,VGM 179
408,Medium,4,3,Flail Snail,Elemental,VGM 144
409,Medium,2,5,Earth Elemental,Elemental,MM 124
410,Medium,3,4,Wharfling Swarm,Beast,ToB 407
411,Medium,1,9,Pine Doom,Plant,ToB2 295
412,Medium,5,2,Qiqirn,Monstrosity,ToB2 301
413,Medium,12,1/2,Bucca,Fey,ToB 46
414,Medium,24,1/8,Lymarien,Fey,ToB2 248
415,Medium,4,3,Lampad,Fey,MOoT 235
416,Medium,2,5,Brain Coral,Aberration,ToB3 67
417,Medium,3,4,Forest Marauder,Giant,ToB 205
418,Medium,1,9,Desert Giant,Giant,ToB 222
419,Medium,5,2,Anubian,Elemental,ToB 24
420,Medium,12,1/2,Shoth' Sooze,Aberration,CC 334
421,Medium,24,1/8,Blood Hawk,Beast,MM 319
422,Medium,4,3,Deep Scion,Humanoid,VGM 135
423,Medium,2,5,Banderhobb,Monstrosity,VGM 122
424,Medium,3,4,Devil' Wind’s Harp,Fiend,CC 105
425,Medium,1,9,Demon' Yek Alpha,Fiend,CC 95
426,Medium,5,2,Bandit Captain,Humanoid,MM 344
427,Medium,12,1/2,Clockwork Watchman,Construct,ToB 65
428,Medium,24,1/8,Cikavak,Beast,ToB 58
429,Medium,4,3,Drake' Peluda,Dragon,CC 131
430,Medium,2,5,Young Crystal Dragon,Dragon,FToD 172
431,Hard,3,5,Brain Coral,Aberration,ToB3 67
432,Hard,2,7,Chatterlome,Fiend,ToB2 60
433,Hard,5,3,Bearfolk,Humanoid,ToB 33
434,Hard,18,1/4,Plague Acolyte,Humanoid,Skaven 9
435,Hard,1,11,Ghost Hunter Kobold,Humanoid,ToB3 254
436,Hard,4,4,Crystallite,Giant,ToB3 100
437,Hard,6,2,Griffon,Monstrosity,MM 174
438,Hard,3,5,Kryt,Humanoid,CC 243
439,Hard,2,7,Demon' Vellso,Fiend,CC 92
440,Hard,5,3,Obeleric,Aberration,ToB3 294
441,Hard,18,1/4,Swarm of Bats,Beast,MM 337
442,Hard,1,11,Grim Jester,Undead,ToB 240
443,Hard,4,4,Falsifier Fog,Undead,ToB2 140
444,Hard,6,2,Druid,Humanoid,MM 346
445,Hard,3,5,Dream Wraith,Undead,CC 135
446,Hard,2,7,Giant Ape,Beast,MM 323
447,Hard,5,3,Dragonflesh Grafter,Monstrosity,FToD 186
448,Hard,18,1/4,Treacle,Ooze,ToB 387
449,Hard,1,11,Montain Dryad,Fey,ToB2 130
450,Hard,4,4,Relentless Hound,Undead,ToB3 331
451,Hard,6,2,Naiad,Fey,MOoT 236
452,Hard,3,5,Ogre' Tusked Crimson,Giant,CC 279
453,Hard,2,7,Fire Elemental Myrmidon,Elemental,MTF 203
454,Hard,5,3,Cactid,Plant,ToB 50
455,Hard,18,1/4,Golem' Paper,Construct,CC 204
456,Hard,1,11,Soul Monger,Humanoid,MTF 226
457,Hard,4,4,Merregon,Fiend,MTF 166
458,Hard,6,2,Kobold Alchemist,Humanoid,ToB 261
459,Hard,3,5,Cueyatl Moon Priest,Humanoid,CC 68
460,Hard,2,7,Fey Revenant,Fey,ToB2 150
461,Deadly,2,8,Shabti,Construct,ToB 343
462,Deadly,3,6,Tatzelwurm,Dragon,ToB3 366
463,Deadly,6,3,Imperial Dragon Wyrmling,Dragon,ToB2 117
464,Deadly,4,5,Myrmex,Elemental,ToB3 283
465,Deadly,1,13,Incarnate Gloom,Undead,ToB2 213
466,Deadly,5,4,Orc Blade of Ilneval,Humanoid,VGM 183
467,Deadly,26,1/4,Bull,Beast,ToB2 388
468,Deadly,12,1,Kobold Scale Sorcerer,Humanoid,VGM 167
469,Deadly,8,2,Vampire' Thrall,Humanoid,CC 368
470,Deadly,2,8,Dragon' Clockwork 1-Head,Construct,CC 111
471,Deadly,3,6,Giant' Cacus,Giant,CC 181
472,Deadly,6,3,Bloodsapper,Aberration,ToB2 44
473,Deadly,4,5,Blood Hunter,Humanoid,EGtW 284
474,Deadly,1,13,Malaabit,Fiend,ToB3 186
475,Deadly,5,4,Guiguai,Undead,ToB2 188
476,Deadly,26,1/4,Dretch,Fiend,MM 57
477,Deadly,12,1,Chernomoi,Fey,ToB 55
478,Deadly,8,2,Sea Hag,Fey,MM 179
479,Deadly,2,8,Astri,Celestial,ToB2 31
480,Deadly,3,6,Orzhov Giant,Giant,GGR 202
481,Deadly,6,3,Displacer Beast,Monstrosity,MM 81
482,Deadly,4,5,Wraith,Undead,MM 302
483,Deadly,1,13,Star Spawn Seer,Aberration,MTF 236
484,Deadly,5,4,Pillar of Lost Magocracy,Construct,CC 299
485,Deadly,26,1/4,Snake' Swamp Adder,Beast,ToB 354
486,Deadly,12,1,Copper Dragon Wyrmling,Dragon,MM 112
487,Deadly,8,2,Hirudine Stalker,Monstrosity,ToB3 235
488,Deadly,2,8,Hongaek,Elemental,ToB2 201
489,Deadly,3,6,Giant' Cacus,Giant,CC 181
490,Deadly,6,3,Golem' Wood,Construct,CC 201
491,Insanity,1,18,The Lord of Blades,Humanoid,Ebb 300
492,Insanity,4,6,Gbahali,Beast,ToB 209
493,Insanity,10,2,Lady in White,Undead,CC 246
494,Insanity,6,4,Yuan-ti Mind Whisperer,Monstrosity,VGM 204
495,Insanity,5,5,Fierstjerren,Undead,CC 157
496,Insanity,9,3,Leashed Lesion,Aberration,ToB3 259
497,Insanity,26,1/2,Piercer,Monstrosity,MM 252
498,Insanity,3,8,Liosalfar,Elemental,ToB 277
499,Insanity,2,11,Marid,Elemental,MM 146
500,Insanity,1,18,Kogukhpak,Fiend,ToB3 109
501,Medium,2,6,Witchalder,Plant,ToB3 394
502,Medium,9,1,Gnoll Flesh Gnawer,Humanoid,VGM 154
503,Medium,4,3,Gloomflower,Plant,CC 188
504,Medium,14,1/2,Clanrat,Humanoid,Skaven 16
505,Medium,1,10,Salt Golem,Construct,ToB 235
506,Medium,5,2,Cave Bear,Beast,MM 334
507,Medium,28,1/8,Lymarien,Fey,ToB2 248
508,Medium,3,4,Moonless Hunter,Fey,ToB3 275
509,Medium,2,6,Hverhuldra,Fey,ToB2 206
510,Medium,9,1,Anophiloi,Monstrosity,CC 39
511,Medium,4,3,Doppelganger,Monstrosity,MM 82
512,Medium,14,1/2,Moon Weaver,Beast,ToB3 274
513,Medium,1,10,Peat Mammoth,Plant,ToB2 293
514,Medium,5,2,Umbral Shambler,Aberration,ToB3 380
515,Medium,28,1/8,Gorao-Ka,Fey,ToB2 221
516,Medium,3,4,Slithy Tove,Monstrosity,ToB3 347
517,Medium,2,6,Void Blessed Ogre,Giant,ToB3 303
518,Medium,9,1,Glass Gator,Beast,ToB 228
519,Medium,4,3,Swarm of Clacker Beetles,Beast,ToB3 54
520,Medium,14,1/2,Foxin,Fey,CC 163
521,Medium,1,10,Hundun,Celestial,ToB 253
522,Medium,5,2,Chimeric Phantom,Undead,ToB2 63
523,Medium,28,1/8,Skavenslave,Humanoid,Skaven 5
524,Medium,3,4,Rum Lord,Fey,ToB2 185
525,Medium,2,6,Bearfolk Thunderstomper,Humanoid,ToB3 53
526,Medium,9,1,Dogmole,Beast,ToB 120
527,Medium,4,3,Xenabsorber,Aberration,CC 387
528,Medium,14,1/2,Cockatrice,Monstrosity,MM 42
529,Medium,1,10,Devil' Automata,Fiend,ToB 102
530,Medium,5,2,Gelatinous Cube,Ooze,MM 242
531,Hard,21,1/4,Riding Horse,Beast,MM 336
532,Hard,3,5,Kruthik Hive Lord,Monstrosity,MTF 212
533,Hard,2,7,Avalanche Screamer,Aberration,ToB2 35
534,Hard,1,12,Undead Phoenix,Undead,CC 361
535,Hard,5,3,Brimstone Locusthound,Monstrosity,ToB2 51
536,Hard,6,2,Swarm of Gremishkas,Monstrosity,VRgtR 235
537,Hard,10,1,Wampus Cat,Monstrosity,ToB 405
538,Hard,4,4,Slithy Tove,Monstrosity,ToB3 347
539,Hard,21,1/4,Goreling,Undead,CC 207
540,Hard,3,5,Demon' Cipactli,Fiend,CC 83
541,Hard,2,7,Fire-Infused Water Elemental,Elemental,ToB2 132
542,Hard,1,12,Skein Witch,Celestial,ToB 349
543,Hard,5,3,Vine Golem,Construct,ToB2 181
544,Hard,6,2,Wereotter,Humanoid,ToB3 266
545,Hard,10,1,Yuan-ti Pureblood,Humanoid,MM 310
546,Hard,4,4,Hobgoblin Devastator,Humanoid,VGM 161
547,Hard,21,1/4,Mud Mephit,Elemental,MM 216
548,Hard,3,5,Gorgon,Monstrosity,MM 171
549,Hard,2,7,Black Paw,Humanoid,Skaven 17
550,Hard,1,12,Son of Fenris,Monstrosity,ToB 355
551,Hard,5,3,Abbanith Giant,Giant,ToB2 170
552,Hard,6,2,Yann-An-Oed,Aberration,CC 391
553,Hard,10,1,Horncaller,Humanoid,GGR 253
554,Hard,4,4,Orc Blade of Ilneval,Humanoid,VGM 183
555,Hard,21,1/4,Riding Horse,Beast,MM 336
556,Hard,3,5,Otyugh,Aberration,MM 248
557,Hard,2,7,Eonic Savant,Humanoid,ToB2 137
558,Hard,1,12,Lantern Giant,Giant,ToB3 204
559,Hard,5,3,Kobold' Swolbold,Humanoid,CC 240
560,Hard,6,2,Darkling Elder,Fey,VGM 134
561,Deadly,2,9,Demon' Fulad-Zereh,Fiend,CC 85
562,Deadly,5,4,Drake' Ash,Dragon,ToB 149
563,Deadly,6,3,Kobold Drake Rider,Humanoid,ToB3 252
564,Deadly,3,7,Young Copper Dragon,Dragon,MM 111
565,Deadly,4,5,Dwarf' Cleric of the Brew,Humanoid,CC 399
566,Deadly,1,15,Nabassu,Fiend,MTF 135
567,Deadly,9,2,Void Dragon Wyrmling,Dragon,ToB 140
568,Deadly,2,9,Flind,Humanoid,VGM 153
569,Deadly,5,4,Incubus,Fiend,MM 285
570,Deadly,6,3,Corpse Worm,Monstrosity,ToB2 71
571,Deadly,3,7,Dire Wildebeest,Beast,ToB3 134
572,Deadly,4,5,Bulette,Monstrosity,MM 34
573,Deadly,1,15,Adult Sapphire Dragon,Dragon,FToD 215
574,Deadly,9,2,Behtu,Humanoid,ToB 34
575,Deadly,2,9,Gloom Weaver,Humanoid,MTF 224
576,Deadly,5,4,Skitterhaunt,Ooze,ToB 352
577,Deadly,6,3,Sapphire Dragon Wyrmling,Dragon,FToD 216
578,Deadly,3,7,Tar Golem,Construct,ToB3 218
579,Deadly,4,5,Young Deep Dragon,Dragon,FToD 175
580,Deadly,1,15,Star-Spawn of Cthulhu,Fiend,ToB 368
581,Deadly,9,2,Ochre Jelly,Ooze,MM 243
582,Deadly,2,9,Shadow Horror,Aberration,GGR 205
583,Deadly,5,4,Chuul,Aberration,MM 40
584,Deadly,6,3,Hippopotamus,Beast,ToB3 233
585,Deadly,3,7,Grick Alpha,Monstrosity,MM 173
586,Deadly,4,5,Black Knight Commander,Humanoid,ToB 418
587,Deadly,1,15,Lich' Pact,Undead,CC 254
588,Deadly,9,2,Green Dragon Wyrmling,Dragon,MM 95
589,Deadly,2,9,Murgrik,Aberration,ToB2 263
590,Deadly,5,4,Weretiger,Humanoid,MM 210
591,Insanity,6,5,Living Lightning Bolt,Construct,Ebb 299
592,Insanity,2,13,Bone Colossus,Undead,ToB2 267
593,Insanity,14,2,Birgemon Seal,Aberration,ToB3 57
594,Insanity,1,21,Ancient Black Dragon,Dragon,MM 87
595,Insanity,9,4,Infernal Centaur,Fiend,ToB2 214
596,Insanity,5,6,Elf' Deathsworn,Humanoid,CC 142
597,Insanity,3,9,Lich' Hierophant,Undead,CC 252
598,Insanity,4,7,Firefist,Humanoid,GGR 231
599,Insanity,6,5,Cueyatl Moon Priest,Humanoid,CC 68
600,Insanity,2,13,Vampire,Undead,MM 297
601,Medium,18,1/4,Dust Goblin,Humanoid,ToB 232
602,Medium,4,4,Barghest,Fiend,VGM 123
603,Medium,1,11,Pelagic Deva,Celestial,ToB3 27
604,Medium,2,7,Golem' Bone,Construct,CC 195
605,Medium,6,2,Tosculi Warrior,Monstrosity,ToB 386
606,Medium,5,3,Prismatic Beetle Swarm,Beast,ToB 375
607,Medium,3,5,Mind Mage,Humanoid,GGR 233
608,Medium,18,1/4,Dimetrodon,Beast,VGM 139
609,Medium,4,4,Mari Lwyd,Undead,ToB2 257
610,Medium,1,11,Adult Deep Dragon,Dragon,FToD 174
611,Medium,2,7,Venom Troll,Giant,MTF 245
612,Medium,6,2,Dragonnel,Dragon,FToD 190
613,Medium,5,3,Merrenoloth,Fiend,MTF 250
614,Medium,3,5,Air Elemental,Elemental,MM 124
615,Medium,18,1/4,Living Shade,Fey,CC 255
616,Medium,4,4,Nkosi Pridelord,Humanoid,ToB 306
617,Medium,1,11,Broodmother of Leng,Aberration,ToB2 52
618,Medium,2,7,Lesser Infernal Tutor,Fiend,ToB3 120
619,Medium,6,2,Swarm of Musk Deer,Beast,ToB3 282
620,Medium,5,3,Neogi,Aberration,VGM 180
621,Medium,3,5,Kobold' Wizard,Humanoid,CC 241
622,Medium,18,1/4,Forest Falcon,Beast,ToB2 390
623,Medium,4,4,The Flesh,Aberration,ToB3 367
624,Medium,1,11,Dragonborn' Ouroban,Humanoid,CC 125
625,Medium,2,7,Armanite,Fiend,MTF 131
626,Medium,6,2,Shellycoat,Fey,ToB 346
627,Medium,5,3,Amphiptere,Beast,ToB 16
628,Medium,3,5,Vapor Lynx,Monstrosity,ToB 398
629,Medium,18,1/4,Zombie,Undead,MM 316
630,Medium,4,4,Stone Defender,Construct,MTF 126
631,Hard,8,2,Giant Boar,Beast,MM 323
632,Hard,12,1,Xvart Warlock of Raxivort,Humanoid,VGM 200
633,Hard,5,4,Atavist,Humanoid,ToB3 404
634,Hard,26,1/4,Tortle,Humanoid,MTF 242
635,Hard,6,3,Nergaliid,Fiend,EGtW 296
636,Hard,1,13,Skyswimmer,Monstrosity,GGR 220
637,Hard,3,6,Ashen Custodian,Fey,ToB2 29
638,Hard,4,5,Trollkin Ironmonger,Humanoid,ToB3 376
639,Hard,2,8,Sewer Weird,Elemental,ToB3 341
640,Hard,8,2,Skyjek Roc,Monstrosity,GGR 219
641,Hard,12,1,Boneless,Undead,VRgtR 228
642,Hard,5,4,Kezai,Monstrosity,ToB2 228
643,Hard,26,1/4,Cow,Beast,VGM 207
644,Hard,6,3,Bakery Drake,Dragon,ToB3 151
645,Hard,1,13,Shrouded Angel,Celestial,ToB3 29
646,Hard,3,6,Orzhov Giant,Giant,GGR 202
647,Hard,4,5,Umber Hulk,Monstrosity,MM 292
648,Hard,2,8,Chronalmental,Elemental,ToB 57
649,Hard,8,2,Cave Bear,Beast,MM 334
650,Hard,12,1,Giant Eagle,Beast,MM 324
651,Hard,5,4,Wharfling Swarm,Beast,ToB 407
652,Hard,26,1/4,Dimetrodon,Beast,VGM 139
653,Hard,6,3,Clockwork Huntsman,Construct,ToB 63
654,Hard,1,13,Neothelid,Aberration,VGM 181
655,Hard,3,6,Ruin Scarab,Undead,ToB3 337
656,Hard,4,5,Temple Dog,Celestial,ToB 378
657,Hard,2,8,Spirit Naga,Monstrosity,MM 234
658,Hard,8,2,Ahu-Nixta Mechanon,Construct,ToB3 9
659,Hard,12,1,Conniption Bug,Beast,ToB3 93
660,Hard,5,4,Flameskull,Undead,MM 134
661,Deadly,2,10,Dragonflesh Golem,Construct,ToB2 180
662,Deadly,1,17,Nagpa,Humanoid,MTF 215
663,Deadly,20,1/2,Puffinfolk,Humanoid,ToB3 322
664,Deadly,3,7,Angel' Sammael,Celestial,CC 19
665,Deadly,4,5,Owl Harpy,Monstrosity,ToB 246
666,Deadly,8,3,Mummy,Undead,MM 228
667,Deadly,6,4,Stone Defender,Construct,MTF 126
668,Deadly,2,10,Salt Golem,Construct,ToB 235
669,Deadly,1,17,Fey Lord' Moonlit King,Fey,ToB 190
670,Deadly,20,1/2,Bucca,Fey,ToB 46
671,Deadly,3,7,Rattleback Troll,Giant,ToB3 374
672,Deadly,4,5,Giant Frilled Lizard,Beast,ToB2 392
673,Deadly,8,3,Firecracker Dwarf,Humanoid,ToB3 165
674,Deadly,6,4,Catamount,Monstrosity,ToB3 74
675,Deadly,2,10,Collais,Monstrosity,ToB2 69
676,Deadly,1,17,Boreas,Elemental,ToB 42
677,Deadly,20,1/2,Lantern Dragonette,Dragon,ToB 270
678,Deadly,3,7,Mangrove Treant,Plant,ToB2 350
679,Deadly,4,5,Lorelei,Fey,ToB 279
680,Deadly,8,3,Owlbear,Monstrosity,MM 249
681,Deadly,6,4,Asp Vine,Plant,ToB3 45
682,Deadly,2,10,Nyctli Swarm,Fey,ToB2 271
683,Deadly,1,17,Goristro,Fiend,MM 59
684,Deadly,20,1/2,Gnoll Hunter,Humanoid,VGM 154
685,Deadly,3,7,Chelicerae,Aberration,ToB 54
686,Deadly,4,5,Shadowghast,Undead,EGtW 299
687,Deadly,8,3,Orc' Black Sun Priestess,Humanoid,CC 290
688,Deadly,6,4,Mindshard,Aberration,ToB3 271
689,Deadly,2,10,Death Kiss,Aberration,VGM 124
690,Deadly,1,17,Death Knight,Undead,MM 47
691,Insanity,20,1,Moorbounder,Beast,EGtW 295
692,Insanity,3,10,Void Knight,Construct,ToB3 386
693,Insanity,1,21,Primordial Matriarch,Elemental,ToB3 318
694,Insanity,5,7,Demon' Psoglav,Fiend,ToB 79
695,Insanity,6,5,Kobold' Wizard,Humanoid,CC 241
696,Insanity,9,4,Elophar,Undead,CC 149
697,Insanity,2,14,Howler of the Abyss,Aberration,ToB3 236
698,Insanity,10,3,Neogi,Aberration,VGM 180
699,Insanity,4,8,Howler,Fiend,MTF 210
700,Insanity,20,1,Alseid,Fey,MOoT 235
701,Medium,10,1,Dark Servant,Humanoid,CC 72
702,Medium,5,3,Leashed Lesion,Aberration,ToB3 259
703,Medium,1,12,Tosculi Hive Queen,Monstrosity,ToB 385
704,Medium,2,7,Earth Elemental Myrmidon,Elemental,MTF 202
705,Medium,3,5,Amphibolt,Monstrosity,ToB3 21
706,Medium,4,4,Deep One Hybrid Priest,Humanoid,ToB 73
707,Medium,6,2,Woad Warrior,Monstrosity,ToB3 20
708,Medium,21,1/4,Dipsa,Ooze,ToB 118
709,Medium,10,1,Duergar Soulblade,Humanoid,MTF 190
710,Medium,5,3,Gullkin Hunter,Humanoid,ToB3 223
711,Medium,1,12,Fey Lord' Reynard,Fey,CC 156
712,Medium,2,7,Voidclaw Zombie,Undead,ToB3 401
713,Medium,3,5,Mindwitness,Aberration,VGM 176
714,Medium,4,4,Orc Blade of Ilneval,Humanoid,VGM 183
715,Medium,6,2,Tortle Druid,Humanoid,MTF 242
716,Medium,21,1/4,Roachling Skirmisher,Humanoid,ToB 329
717,Medium,10,1,Mountain Strider,Monstrosity,ToB2 261
718,Medium,5,3,Sand Dragon Wyrmling,Dragon,ToB3 147
719,Medium,1,12,Boneclaw,Undead,MTF 121
720,Medium,2,7,Pyrrhic Podthrower,Plant,ToB3 324
721,Medium,3,5,Flesh Golem,Construct,MM 169
722,Medium,4,4,Zombie Plague Spreader,Undead,VRgtR 255
723,Medium,6,2,Trollkin Fire Shaman,Humanoid,ToB3 376
724,Medium,21,1/4,Aarakocra,Humanoid,MM 12
725,Medium,10,1,Phantom,Undead,CC 296
726,Medium,5,3,Ghoulsteed,Undead,CC 177
727,Medium,1,12,Titanoboa,Beast,ToB 382
728,Medium,2,7,Vine Drake,Dragon,ToB2 128
729,Medium,3,5,Troll,Giant,MM 291
730,Medium,4,4,Darakhul Shadowmancer,Undead,CC 173
731,Hard,2,9,Brine Hag,Fey,ToB3 225
732,Hard,9,2,Bannik,Fey,ToB3 51
733,Hard,3,7,Shadow Dancer,Humanoid,MTF 225
734,Hard,6,3,Destroyer,Humanoid,ToB2 315
735,Hard,5,4,Wharfling Swarm,Beast,ToB 407
736,Hard,1,15,Malmbjorn,Monstrosity,ToB3 267
737,Hard,4,5,Knight Ab-Errant,Humanoid,ToB2 231
738,Hard,2,9,Lich' Hierophant,Undead,CC 252
739,Hard,9,2,Trollkin Fire Shaman,Humanoid,ToB3 376
740,Hard,3,7,Spider of Leng,Aberration,ToB 365
741,Hard,6,3,Wight,Undead,MM 300
742,Hard,5,4,Guiguai,Undead,ToB2 188
743,Hard,1,15,Adult Bronze Dragon,Dragon,MM 108
744,Hard,4,5,Drow Elite Warrior,Humanoid,MM 128
745,Hard,2,9,Demon' Fulad-Zereh,Fiend,CC 85
746,Hard,9,2,Dragon' Light' Wyrmling,Dragon,CC 113
747,Hard,3,7,Rattleback Troll,Giant,ToB3 374
748,Hard,6,3,Frost Mole,Beast,ToB2 390
749,Hard,5,4,Black Pudding,Ooze,MM 241
750,Hard,1,15,Snallygaster,Aberration,ToB3 348
751,Hard,4,5,Wormhearted Suffragan,Undead,ToB 410
752,Hard,2,9,Frost Giant Zombie,Undead,EGtW 288
753,Hard,9,2,Plesiosaurus,Beast,MM 80
754,Hard,3,7,Shadow Dancer,Humanoid,MTF 225
755,Hard,6,3,Dragonflesh Grafter,Monstrosity,FToD 186
756,Hard,5,4,Lamia,Monstrosity,MM 201
757,Hard,1,15,Yaojing,Celestial,ToB2 377
758,Hard,4,5,Lunarian,Fey,ToB2 245
759,Hard,2,9,Külmking,Undead,CC 244
760,Hard,9,2,Wind Eater,Undead,CC 381
761,Deadly,6,4,Ghoul' Imperial,Undead,ToB 220
762,Deadly,9,3,Wolf Reaver Dwarf,Humanoid,ToB 426
763,Deadly,5,5,Yaga Goo,Ooze,CC 389
764,Deadly,2,11,Wendigo,Monstrosity,CC 377
765,Deadly,3,8,Dragonleaf Tree,Plant,ToB 147
766,Deadly,10,2,Swarm of Maggots,Beast,VRgtR 247
767,Deadly,4,6,Voidwarped Derro,Humanoid,ToB3 114
768,Deadly,25,1/2,Dolgrim,Aberration,Ebb 291
769,Deadly,1,18,Golem' War Machine,Construct,CC 205
770,Deadly,6,4,Vertigibbet,Fey,ToB3 384
771,Deadly,9,3,Hook Horror,Monstrosity,MM 189
772,Deadly,5,5,Wereshark,Humanoid,ToB2 247
773,Deadly,2,11,Goblin Siege Engine,Construct,ToB3 211
774,Deadly,3,8,Young Bronze Dragon,Dragon,MM 108
775,Deadly,10,2,Wereraven,Humanoid,VRgtR 253
776,Deadly,4,6,Swamp Naga,Monstrosity,ToB2 265
777,Deadly,25,1/2,Eshin Arbalester,Humanoid,Skaven 13
778,Deadly,1,18,Fey Lord of the Hunt,Fey,ToB 188
779,Deadly,6,4,Darakhul Shadowmancer,Undead,CC 173
780,Deadly,9,3,Draconian Infiltrator,Monstrosity,FToD 178
781,Deadly,5,5,Shoth' Oth,Aberration,CC 334
782,Deadly,2,11,Clockwork Tactician,Construct,ToB3 90
783,Deadly,3,8,Devil' Lunar,Fiend,ToB 110
784,Deadly,10,2,Gray Thirster,Undead,ToB 238
785,Deadly,4,6,Animated Breath,Elemental,FToD 163
786,Deadly,25,1/2,Nehekhara Spearman,Undead,TombKings 3
787,Deadly,1,18,Amnizu,Fiend,MTF 164
788,Deadly,6,4,Ostinato,Aberration,ToB 312
789,Deadly,9,3,Manticore,Monstrosity,MM 213
790,Deadly,5,5,Ghul,Undead,ToB2 169
791,Insanity,14,3,Radiant Spark Swarm,Elemental,ToB2 305
792,Insanity,6,6,Medusa,Monstrosity,MM 214
793,Insanity,8,5,Aural Hunter,Aberration,ToB3 47
794,Insanity,2,16,Adult Sea Dragon,Dragon,ToB 135
795,Insanity,4,9,Treant,Plant,MM 289
796,Insanity,3,11,Demon' Berstuc,Fiend,ToB 76
797,Insanity,5,8,Inquisitor of the Sword,Humanoid,VRgtR 249
798,Insanity,25,1,Living Burning Hands,Construct,Ebb 298
799,Insanity,1,22,Zaratan,Elemental,MTF 201
800,Insanity,14,3,Fragrant One,Fey,ToB2 156
801,Medium,2,8,Chronalmental,Elemental,ToB 57
802,Medium,5,4,Dwarf' Graveslayer,Humanoid,CC 400
803,Medium,12,1,Bilwis,Elemental,CC 53
804,Medium,6,3,Bearfolk,Humanoid,ToB 33
805,Medium,26,1/4,Stench Kow,Beast,VGM 207
806,Medium,4,5,Lunarian,Fey,ToB2 245
807,Medium,1,13,Queen of Scorpions,Fey,ToB2 21
808,Medium,8,2,Giant Boar,Beast,MM 323
809,Medium,3,6,Elf' Servant of the Vine,Humanoid,CC 144
810,Medium,2,8,Sword Wraith Commander,Undead,MTF 241
811,Medium,5,4,Animated Bearskin Rug,Construct,ToB2 24
812,Medium,12,1,Iron Defender,Construct,Ebb 293
813,Medium,6,3,Werecrocodile,Humanoid,ToB3 265
814,Medium,26,1/4,Clurichaun,Fey,ToB 67
815,Medium,4,5,Scribe Devil,Fiend,ToB2 105
816,Medium,1,13,Ultroloth,Fiend,MM 314
817,Medium,8,2,Desolation Nymph,Beast,ToB3 105
818,Medium,3,6,Young Brass Dragon,Dragon,MM 105
819,Medium,2,8,Black Sun Ogre,Giant,ToB3 298
820,Medium,5,4,Tusked Skyfish,Aberration,ToB 391
821,Medium,12,1,Tiger,Beast,MM 339
822,Medium,6,3,Carrier Mosquito,Beast,ToB2 389
823,Medium,26,1/4,Skeleton,Undead,MM 272
824,Medium,4,5,Dinosaur' Ngobou,Beast,ToB 115
825,Medium,1,13,Nalfeshnee,Fiend,MM 62
826,Medium,8,2,Folk of Leng,Humanoid,ToB 204
827,Medium,3,6,Quiet Soul,Undead,CC 309
828,Medium,2,8,Fomorian,Giant,MM 136
829,Medium,5,4,Incubus,Fiend,MM 285
830,Medium,12,1,Sema,Aberration,ToB2 320
831,Hard,1,16,Illhveli Nauthveli,Monstrosity,ToB2 212
832,Hard,3,7,Fey Revenant,Fey,ToB2 150
833,Hard,8,3,Orc Red Fang of Shargaas,Humanoid,VGM 185
834,Hard,4,5,Snatch Bat,Aberration,ToB3 349
835,Hard,19,1/2,Dire Rat,Beast,Skaven 15
836,Hard,6,4,Oculo Swarm,Monstrosity,ToB 309
837,Hard,2,10,Young Red Dragon,Dragon,MM 98
838,Hard,1,16,Angel' Ophanim,Celestial,CC 18
839,Hard,3,7,Necrichor,Undead,VRgtR 238
840,Hard,8,3,Jaculus,Dragon,ToB 258
841,Hard,4,5,Brain Coral,Aberration,ToB3 67
842,Hard,19,1/2,Foxin,Fey,CC 163
843,Hard,6,4,Lobe Lemur,Monstrosity,ToB3 264
844,Hard,2,10,Aeorian Absorber,Monstrosity,EGtW 283
845,Hard,1,16,Phoenix,Elemental,MTF 199
846,Hard,3,7,Berberoka,Giant,ToB3 56
847,Hard,8,3,Kobold' Swolbold,Humanoid,CC 240
848,Hard,4,5,Lindwurm,Dragon,ToB 276
849,Hard,19,1/2,Empty Cloak,Construct,ToB 176
850,Hard,6,4,Alleybasher Ogre,Giant,ToB3 297
851,Hard,2,10,Young Dragon Turtle,Dragon,FToD 192
852,Hard,1,16,Dragon' Light' Adult,Dragon,CC 114
853,Hard,3,7,Lost Sorrowsworn,Monstrosity,MTF 233
854,Hard,8,3,Bristled Moorbounder,Beast,EGtW 295
855,Hard,4,5,Brontosaurus,Beast,VGM 139
856,Hard,19,1/2,Cockatrice,Monstrosity,MM 42
857,Hard,6,4,Deathlock,Undead,MTF 128
858,Hard,2,10,Runeswarm,Construct,ToB2 310
859,Hard,1,16,Marilith,Fiend,MM 61
860,Hard,3,7,Maurezhi,Fiend,MTF 133
861,Deadly,3,9,Külmking,Undead,CC 244
862,Deadly,4,7,Vine Drake,Dragon,ToB2 128
863,Deadly,28,1/2,War Ostrich,Beast,ToB 307
864,Deadly,5,5,Owl Harpy,Monstrosity,ToB 246
865,Deadly,12,2,Giant Elk,Beast,MM 325
866,Deadly,8,4,Mindshard,Aberration,ToB3 271
867,Deadly,1,19,Dawnfly,Beast,ToB3 104
868,Deadly,2,12,Sire of Insanity,Fiend,GGR 197
869,Deadly,3,9,Shadow River Lord,Undead,CC 327
870,Deadly,4,7,Armanite,Fiend,MTF 131
871,Deadly,28,1/2,Greed Swarm,Construct,ToB2 184
872,Deadly,5,5,Kruthik Hive Lord,Monstrosity,MTF 212
873,Deadly,12,2,Griffon,Monstrosity,MM 174
874,Deadly,8,4,Ooze' Ink Guardian,Ooze,CC 285
875,Deadly,1,19,Red Abishai,Fiend,MTF 162
876,Deadly,2,12,Dragon Eel,Dragon,ToB 146
877,Deadly,3,9,Jinmenju,Plant,CC 232
878,Deadly,4,7,Blood Mage,Humanoid,CC 397
879,Deadly,28,1/2,Simian' Kapi,Humanoid,CC 336
880,Deadly,5,5,Brain Coral,Aberration,ToB3 67
881,Deadly,12,2,Sampgas Bubble,Ooze,ToB2 343
882,Deadly,8,4,Tripwire Patch,Plant,ToB3 371
883,Deadly,1,19,Polukranos,Monstrosity,MOoT 231
884,Deadly,2,12,Mavka,Fey,ToB 286
885,Deadly,3,9,Demon' Fulad-Zereh,Fiend,CC 85
886,Deadly,4,7,Black Abishai,Fiend,MTF 160
887,Deadly,28,1/2,Giant Wasp,Beast,MM 329
888,Deadly,5,5,Yaga Goo,Ooze,CC 389
889,Deadly,12,2,Sampgas Bubble,Ooze,ToB2 343
890,Deadly,8,4,Weretiger,Humanoid,MM 210
891,Insanity,10,4,Soil Snake,Construct,ToB3 351
892,Insanity,3,12,Horned Serpent,Monstrosity,CC 220
893,Insanity,28,1,Swarm of Quippers,Beast,MM 338
894,Insanity,6,7,Draegloth,Fiend,VGM 141
895,Insanity,2,17,Fey Lord' Moonlit King,Fey,ToB 190
896,Insanity,5,8,Sword Wraith Commander,Undead,MTF 241
897,Insanity,4,9,Treant,Plant,MM 289
898,Insanity,9,5,Moderate Malleable,Aberration,ToB2 253
899,Insanity,1,23,Ancient Sand Dragon,Dragon,ToB3 145
900,Insanity,8,6,Elves' Shadow Fey' Duelist,Humanoid,ToB 171
901,Medium,14,1,Harpy,Monstrosity,MM 181
902,Medium,6,3,Golem' Paper Swarm,Construct,CC 204
903,Medium,2,8,Eyedrake,Aberration,FToD 199
904,Medium,5,4,Tripwire Patch,Plant,ToB3 371
905,Medium,9,2,Adult Kruthik,Monstrosity,MTF 212
906,Medium,4,5,Mudmutt,Monstrosity,ToB3 279
907,Medium,1,14,Queen of Birds,Fey,CC 31
908,Medium,3,6,Tumor Troll,Giant,ToB3 375
909,Medium,28,1/4,Drow,Humanoid,MM 128
910,Medium,14,1,Slavedriver,Humanoid,Skaven 4
911,Medium,6,3,Stygian Fat-Tailed Scorpion,Beast,ToB 340
912,Medium,2,8,Corpse Flower,Plant,MTF 127
913,Medium,5,4,Dust Grazer,Aberration,ToB3 163
914,Medium,9,2,Counterflux Blastseeker,Humanoid,GGR 242
915,Medium,4,5,Dinosaur' Ngobou,Beast,ToB 115
916,Medium,1,14,Howler of the Abyss,Aberration,ToB3 236
917,Medium,3,6,Rotting Wind,Undead,ToB 330
918,Medium,28,1/4,Returned Drifter,Undead,MOoT 240
919,Medium,14,1,Glass Gator,Beast,ToB 228
920,Medium,6,3,Bloody Bones,Monstrosity,CC 54
921,Medium,2,8,Oliphaunt,Beast,CC 280
922,Medium,5,4,Vaettir,Undead,ToB 395
923,Medium,9,2,Plesiosaurus,Beast,MM 80
924,Medium,4,5,Shimmer Seal,Beast,ToB2 324
925,Medium,1,14,Azi Dahaka,Dragon,CC 45
926,Medium,3,6,Ghost Knight,Humanoid,ToB 423
927,Medium,28,1/4,Deep Rothe,Beast,VGM 207
928,Medium,14,1,Meazel,Humanoid,MTF 214
929,Medium,6,3,Jaculus,Dragon,ToB 258
930,Medium,2,8,Huecambra,Monstrosity,ToB2 203
931,Hard,6,4,Stone-Eater Slime,Ooze,ToB3 357
932,Hard,4,6,Devil Bough,Fiend,CC 302
933,Hard,2,11,Grivid,Aberration,ToB3 221
934,Hard,9,3,Radiant Spark Swarm,Elemental,ToB2 305
935,Hard,1,17,Androsphinx,Monstrosity,MM 281
936,Hard,3,8,Moon Nymph,Aberration,CC 269
937,Hard,22,1/2,Tridrone,Construct,MM 225
938,Hard,5,5,Angel' Fidele,Celestial,ToB 21
939,Hard,10,2,Nothic,Aberration,MM 236
940,Hard,6,4,Soil Snake,Construct,ToB3 351
941,Hard,4,6,Ogrepede,Undead,ToB2 275
942,Hard,2,11,Dao,Elemental,MM 143
943,Hard,9,3,Erina Tussler,Humanoid,ToB3 172
944,Hard,1,17,Master of Demon Mtn,Humanoid,CC 264
945,Hard,3,8,Marsh Dire,Undead,ToB2 258
946,Hard,22,1/2,Dire Rat,Beast,Skaven 15
947,Hard,5,5,Rift Swine,Aberration,ToB 326
948,Hard,10,2,Vampire' Thrall,Humanoid,CC 368
949,Hard,6,4,Water Horse,Fey,CC 373
950,Hard,4,6,Sandwyrm,Dragon,ToB 334
951,Hard,2,11,Soul Monger,Humanoid,MTF 226
952,Hard,9,3,Abbanith Giant,Giant,ToB2 170
953,Hard,1,17,Adult Wind Dragon,Dragon,ToB 143
954,Hard,3,8,Golem' Manastorm,Construct,CC 203
955,Hard,22,1/2,Yowler,Undead,ToB2 380
956,Hard,5,5,Spawn of Arbeyach,Fiend,ToB 97
957,Hard,10,2,Will-o-wisp,Undead,MM 301
958,Hard,6,4,Weretiger,Humanoid,MM 210
959,Hard,4,6,Clockwork Assassin,Construct,CC 64
960,Hard,2,11,Radiant Idol,Celestial,Ebb 308
961,Deadly,2,13,Adult Brass Dragon,Dragon,MM 105
962,Deadly,6,5,Far Dorocha,Fey,ToB2 142
963,Deadly,1,21,Primordial Matriarch,Elemental,ToB3 318
964,Deadly,4,7,Ulnorya,Aberration,ToB2 354
965,Deadly,14,2,Rum Story Keeper,Fey,ToB3 220
966,Deadly,3,9,Wraith Bear,Undead,ToB2 375
967,Deadly,5,6,Mulcher,Plant,ToB3 191
968,Deadly,9,4,Black Pudding,Ooze,MM 241
969,Deadly,2,13,Nalfeshnee,Fiend,MM 62
970,Deadly,6,5,Brontosaurus,Beast,VGM 139
971,Deadly,1,21,Ancient Moonstone Dragon,Dragon,FToD 211
972,Deadly,4,7,Eonic Savant,Humanoid,ToB2 137
973,Deadly,14,2,White Dragon Wyrmling,Dragon,MM 102
974,Deadly,3,9,Shukankor,Aberration,ToB2 326
975,Deadly,5,6,Galeb Duhr,Elemental,MM 139
976,Deadly,9,4,Iron Cobra,Construct,MTF 125
977,Deadly,2,13,Tigebra,Monstrosity,ToB3 369
978,Deadly,6,5,Old Salt,Undead,ToB3 304
979,Deadly,1,21,Gugalanna,Celestial,CC 211
980,Deadly,4,7,Pyrrhic Podthrower,Plant,ToB3 324
981,Deadly,14,2,Sea Hag,Fey,MM 179
982,Deadly,3,9,Coastline Reaper,Monstrosity,ToB3 92
983,Deadly,5,6,Troll' Desert,Giant,CC 356
984,Deadly,9,4,Giant' Laestrigonian,Giant,CC 184
985,Deadly,2,13,Beholder,Aberration,MM 28
986,Deadly,6,5,Vorthropod,Monstrosity,ToB3 387
987,Deadly,1,21,Monkey King,Celestial,CC 337
988,Deadly,4,7,Yuan-ti Abomination,Monstrosity,MM 308
989,Deadly,14,2,Behtu,Humanoid,ToB 34
990,Deadly,3,9,Young Silver Dragon,Dragon,MM 118
991,Insanity,9,5,Bone Knight,Humanoid,Ebb 316
992,Insanity,8,6,Elf' Deathsworn,Humanoid,CC 142
993,Insanity,1,24,Rakdos,Fiend,GGR 247
994,Insanity,5,8,Obzedat Ghost,Undead,GGR 245
995,Insanity,2,17,Adult Blue Dracolich,Undead,MM 84
996,Insanity,12,4,Flab Giant,Giant,ToB 223
997,Insanity,6,7,Elves' Shadow Fey' Enchantress,Humanoid,ToB 172
998,Insanity,4,10,Spawn of Hriggala,Fiend,ToB2 89
999,Insanity,3,13,Tricenatorus,Monstrosity,ToB2 109
1000,Insanity,9,5,Subek,Humanoid,ToB 371
1001,Medium,3,7,Black Abishai,Fiend,MTF 160
1002,Medium,6,4,Zimwi,Giant,ToB 415
1003,Medium,1,16,Star Spawn Larva Mage,Aberration,MTF 235
1004,Medium,8,3,Bat' Giant Albino,Monstrosity,CC 50
1005,Medium,19,1/2,Alkonost,Monstrosity,CC 12
1006,Medium,2,10,Deva,Celestial,MM 16
1007,Medium,4,5,Salamander,Elemental,MM 266
1008,Medium,3,7,Earth Elemental Myrmidon,Elemental,MTF 202
1009,Medium,6,4,Ogre Battering Ram,Giant,MTF 220
1010,Medium,1,16,Bathael The Exiled Lord,Fiend,ToB2 87
1011,Medium,8,3,Desert Slime,Ooze,ToB3 115
1012,Medium,19,1/2,Shoth' Sooze,Aberration,CC 334
1013,Medium,2,10,Runeswarm,Construct,ToB2 310
1014,Medium,4,5,Mezzoloth,Fiend,MM 313
1015,Medium,3,7,Firefist,Humanoid,GGR 231
1016,Medium,6,4,Dragon Turtle Wyrmling,Dragon,FToD 192
1017,Medium,1,16,Arcane Leviathan,Construct,ToB3 40
1018,Medium,8,3,Wolf Reaver Dwarf,Humanoid,ToB 426
1019,Medium,19,1/2,Void Cultist,Humanoid,CC 407
1020,Medium,2,10,Winter Eladrin,Fey,MTF 197
1021,Medium,4,5,Far Dorocha,Fey,ToB2 142
1022,Medium,3,7,Golem' Bone,Construct,CC 195
1023,Medium,6,4,Pillar of Lost Magocracy,Construct,CC 299
1024,Medium,1,16,Star Spawn Larva Mage,Aberration,MTF 235
1025,Medium,8,3,Trapper,Monstrosity,VGM 194
1026,Medium,19,1/2,Light Eater,Aberration,ToB3 262
1027,Medium,2,10,Runeswarm,Construct,ToB2 310
1028,Medium,4,5,Elves' Shadow Fey' Forest Hunter,Humanoid,ToB 173
1029,Medium,3,7,Dragonborn of Tiamat,Humanoid,FToD 185
1030,Medium,6,4,Winterghast,Undead,ToB2 371
1031,Hard,5,5,Chemosit,Fiend,ToB3 82
1032,Hard,8,4,Falsifier Fog,Undead,ToB2 140
1033,Hard,3,9,Drake' Spider,Dragon,CC 133
1034,Hard,28,1/2,Firenewt Warrior,Humanoid,VGM 142
1035,Hard,12,2,Roggenwolf,Monstrosity,CC 320
1036,Hard,2,12,Death Barque,Undead,ToB2 268
1037,Hard,1,19,Dawnfly,Beast,ToB3 104
1038,Hard,4,7,Blood Mage,Humanoid,CC 397
1039,Hard,5,5,Troll,Giant,MM 291
1040,Hard,8,4,Crystallite,Giant,ToB3 100
1041,Hard,3,9,Demon' Yek Alpha,Fiend,CC 95
1042,Hard,28,1/2,Light Drake,Dragon,ToB2 125
1043,Hard,12,2,Dragon' Light' Wyrmling,Dragon,CC 113
1044,Hard,2,12,Relentless Juggernaut,Fiend,VRgtR 243
1045,Hard,1,19,Lesser Star Spawn Emissary,Aberration,VRgtR 245
1046,Hard,4,7,Fire Dancer Swarm,Elemental,ToB 373
1047,Hard,5,5,Nehekhara Liche Priest,Undead,TombKings 4
1048,Hard,8,4,Kraul Death Priest,Humanoid,GGR 214
1049,Hard,3,9,Sinoper Ooze,Ooze,ToB3 310
1050,Hard,28,1/2,Hallowed Reeds,Celestial,CC 305
1051,Hard,12,2,Eshin Assassin,Humanoid,Skaven 12
1052,Hard,2,12,Sire of Insanity,Fiend,GGR 197
1053,Hard,1,19,Hraesvelgr the Corpse Swallower,Giant,ToB 224
1054,Hard,4,7,Silenal,Fey,ToB2 328
1055,Hard,5,5,Xiphus,Fey,CC 388
1056,Hard,8,4,Blistercoil Weird,Elemental,GGR 207
1057,Hard,3,9,Jiangshi,Undead,VRgtR 236
1058,Hard,28,1/2,Harvest Horse,Construct,ToB3 230
1059,Hard,12,2,Ogre Howdah,Giant,MTF 221
1060,Hard,2,12,Queen of Serpents,Fey,CC 34
1061,Deadly,5,7,Ijiraq,Fey,CC 225
1062,Deadly,6,5,Brain Coral,Aberration,ToB3 67
1063,Deadly,9,4,August Rooster,Monstrosity,ToB2 33
1064,Deadly,2,15,Core Spawn Worm,Aberration,EGtW 287
1065,Deadly,1,21,Fey Queen of Night and Magic,Fey,ToB 192
1066,Deadly,3,11,Naina,Dragon,ToB 302
1067,Deadly,12,3,Doppelganger,Monstrosity,MM 82
1068,Deadly,4,8,Ala,Fey,ToB 13
1069,Deadly,21,1,Rime Worm Grub,Elemental,ToB 327
1070,Deadly,5,7,Pech' Lithlord,Elemental,CC 295
1071,Deadly,6,5,Obsidian Ophidian,Elemental,ToB3 295
1072,Deadly,9,4,Skitterhaunt,Ooze,ToB 352
1073,Deadly,2,15,Forest Emperor,Aberration,ToB2 155
1074,Deadly,1,21,Ancient Black Dragon,Dragon,MM 87
1075,Deadly,3,11,Djinni,Elemental,MM 144
1076,Deadly,12,3,Frost Mole,Beast,ToB2 390
1077,Deadly,4,8,Kachlian,Aberration,ToB2 219
1078,Deadly,21,1,Caretaker Weevil,Beast,ToB3 73
1079,Deadly,5,7,Risen Reaver,Undead,ToB 328
1080,Deadly,6,5,Ghoul' Iron,Undead,ToB 221
1081,Deadly,9,4,Alleybasher Ogre,Giant,ToB3 297
1082,Deadly,2,15,Mummy Lord,Undead,MM 229
1083,Deadly,1,21,Primordial Matriarch,Elemental,ToB3 318
1084,Deadly,3,11,Dragonbone Golem,Construct,FToD 183
1085,Deadly,12,3,Stygian Fat-Tailed Scorpion,Beast,ToB 340
1086,Deadly,4,8,Demon' Kishi,Fiend,ToB 77
1087,Deadly,21,1,Plague Monk,Humanoid,Skaven 8
1088,Deadly,5,7,Angel' Sammael,Celestial,CC 19
1089,Deadly,6,5,Drakon,Beast,ToB 157
1090,Deadly,9,4,Ooze' Ink Guardian,Ooze,CC 285
1091,Insanity,2,20,Harbinger of Wrath,Construct,ToB2 193
1092,Insanity,1,25,Marut,Construct,MTF 213
1093,Insanity,14,4,The Flesh,Aberration,ToB3 367
1094,Insanity,4,12,Flutterflesh,Undead,ToB 203
1095,Insanity,5,9,Aurora Horribilis,Aberration,ToB2 34
1096,Insanity,8,7,Swamp Lily,Plant,ToB2 342
1097,Insanity,9,6,Bearfolk Thunderstomper,Humanoid,ToB3 53
1098,Insanity,19,2,Giant Constrictor Snake,Beast,MM 324
1099,Insanity,6,8,Mallqui,Undead,ToB 282
1100,Insanity,3,15,Mummy Lord,Undead,MM 229
1101,Medium,2,11,Adult Deep Dragon,Dragon,FToD 174
1102,Medium,1,17,Ghost Dragon,Undead,FToD 203
1103,Medium,24,1/2,Ravenfolk Scout (Kenku),Humanoid,ToB 322
1104,Medium,10,2,Initiate of the Elder Elementals,Humanoid,ToB2 216
1105,Medium,9,3,Bugbear Chief,Humanoid,MM 33
1106,Medium,3,8,Horizonback Tortoise,Monstrosity,EGtW 292
1107,Medium,4,6,Bodak,Undead,VGM 127
1108,Medium,5,5,Dragon Blessed,Humanoid,FToD 188
1109,Medium,6,4,Overshadow,Undead,ToB2 289
1110,Medium,2,11,Glacial Crawler,Aberration,ToB3 209
1111,Medium,1,17,Fey Queen of Witches,Fey,ToB 194
1112,Medium,24,1/2,Woodwose,Humanoid,CC 383
1113,Medium,10,2,Infliltrator,Humanoid,ToB3 410
1114,Medium,9,3,Destroyer,Humanoid,ToB2 315
1115,Medium,3,8,Fomorian,Giant,MM 136
1116,Medium,4,6,Doomspeaker,Humanoid,CC 399
1117,Medium,5,5,Wormhearted Suffragan,Undead,ToB 410
1118,Medium,6,4,Animated Bearskin Rug,Construct,ToB2 24
1119,Medium,2,11,Wendigo,Monstrosity,CC 377
1120,Medium,1,17,Barong,Celestial,CC 49
1121,Medium,24,1/2,Vine Blight,Plant,MM 32
1122,Medium,10,2,Woad Warrior,Monstrosity,ToB3 20
1123,Medium,9,3,Sapper Kobold,Humanoid,ToB3 257
1124,Medium,3,8,Ziphius,Aberration,CC 392
1125,Medium,4,6,Priest of Osybus,Humanoid,VRgtR 241
1126,Medium,5,5,Battleforce Angel,Celestial,GGR 189
1127,Medium,6,4,Red Dragon Wyrmling,Dragon,MM 98
1128,Medium,2,11,Horned Devil,Fiend,MM 74
1129,Medium,1,17,Adult Wind Dragon,Dragon,ToB 143
1130,Medium,24,1/2,Changeling,Humanoid,Ebb 317
1131,Hard,1,21,Fey Queen of Night and Magic,Fey,ToB 192
1132,Hard,10,3,Gloomflower,Plant,CC 188
1133,Hard,4,8,Minotaur' Lost,Undead,CC 268
1134,Hard,6,5,Knight Ab-Errant,Humanoid,ToB2 231
1135,Hard,5,6,Rockwood,Elemental,ToB3 334
1136,Hard,9,4,Merrow Shallowpriest,Monstrosity,EGtW 294
1137,Hard,18,1,Anophiloi,Monstrosity,CC 39
1138,Hard,3,9,Ash Phoenix,Undead,ToB2 28
1139,Hard,2,13,Vampire,Undead,MM 297
1140,Hard,1,21,Gugalanna,Celestial,CC 211
1141,Hard,10,3,Fang of the Great Wolf,Monstrosity,CC 384
1142,Hard,4,8,Huecambra,Monstrosity,ToB2 203
1143,Hard,6,5,Drake' Moon,Dragon,CC 129
1144,Hard,5,6,Ooze' Blood,Ooze,CC 282
1145,Hard,9,4,Babau,Fiend,VGM 136
1146,Hard,18,1,Mantik’s Barbed,Humanoid,CC 263
1147,Hard,3,9,Murgrik,Aberration,ToB2 263
1148,Hard,2,13,Rakshasa,Fiend,MM 257
1149,Hard,1,21,Ancient Prismatic Dragon,Dragon,ToB3 141
1150,Hard,10,3,Meletian Hoplite,Humanoid,MOoT 229
1151,Hard,4,8,Ooze' Shark Bowl,Ooze,CC 284
1152,Hard,6,5,Elves' Shadow Fey' Forest Hunter,Humanoid,ToB 173
1153,Hard,5,6,Urushi Constrictor,Monstrosity,ToB3 382
1154,Hard,9,4,The Flesh,Aberration,ToB3 367
1155,Hard,18,1,Sporous Crap,Beast,ToB2 398
1156,Hard,3,9,Lonely Sorrowsworn,Monstrosity,MTF 232
1157,Hard,2,13,Devourer,Fiend,VGM 138
1158,Hard,1,21,Giant' Mountain,Giant,CC 185
1159,Hard,10,3,Cave Drake,Dragon,ToB2 119
1160,Hard,4,8,Deathlock Mastermind,Undead,MTF 129
1161,Deadly,1,22,Lich (in lair),Undead,MM 202
1162,Deadly,3,12,Aboleth' Nihileth,Undead,ToB 8
1163,Deadly,4,9,Demon' Yek Alpha,Fiend,CC 95
1164,Deadly,6,6,Elves' Shadow Fey' Duelist,Humanoid,ToB 171
1165,Deadly,14,3,Sahuagin Warlock of Uk'otoa,Humanoid,EGtW 297
1166,Deadly,27,1,Wampus Cat,Monstrosity,ToB 405
1167,Deadly,5,8,Minotaur' Lost,Undead,CC 268
1168,Deadly,2,16,Fey Lord' River King,Fey,ToB 196
1169,Deadly,1,22,Demon Lord' Typhon,Fiend,CC 81
1170,Deadly,3,12,Aeorian Nullifier,Monstrosity,EGtW 283
1171,Deadly,4,9,Shadow River Lord,Undead,CC 327
1172,Deadly,6,6,Fragrite,Elemental,CC 164
1173,Deadly,14,3,Displacer Beast,Monstrosity,MM 81
1174,Deadly,27,1,Leshy,Monstrosity,ToB 272
1175,Deadly,5,8,Shoosuva,Fiend,VGM 137
1176,Deadly,2,16,Massive Malleable,Aberration,ToB2 255
1177,Deadly,1,22,Ancient Sapphire Dragon,Dragon,FToD 214
1178,Deadly,3,12,Derendian Moth Abomination,Monstrosity,ToB2 96
1179,Deadly,4,9,Shadow Fey Ambassador,Humanoid,CC 145
1180,Deadly,6,6,Bearing Golem,Construct,ToB2 178
1181,Deadly,14,3,Fragrant One,Fey,ToB2 156
1182,Deadly,27,1,Core Spawn Crawler,Aberration,EGtW 286
1183,Deadly,5,8,Spirit Naga,Monstrosity,MM 234
1184,Deadly,2,16,Githzerai Anarch,Humanoid,MTF 207
1185,Deadly,1,22,Arch-Devil' Belphegor,Fiend,CC 100
1186,Deadly,3,12,Aboleth' Nihileth,Undead,ToB 8
1187,Deadly,4,9,Lonely Sorrowsworn,Monstrosity,MTF 232
1188,Deadly,6,6,Nightgarm,Monstrosity,ToB 305
1189,Deadly,14,3,Gold Dragon Wyrmling,Dragon,MM 115
1190,Deadly,27,1,Slavedriver,Humanoid,Skaven 4
1191,Insanity,8,8,Venom Drake,Dragon,ToB3 158
1192,Insanity,24,2,Sampgas Bubble,Ooze,ToB2 343
1193,Insanity,6,9,Flame-Scourged Scion,Aberration,CC 159
1194,Insanity,2,21,Primordial Matriarch,Elemental,ToB3 318
1195,Insanity,4,13,Tigebra,Monstrosity,ToB3 369
1196,Insanity,5,11,Clockwork Tactician,Construct,ToB3 90
1197,Insanity,3,16,Devil' Infernal Knight,Fiend,CC 104
1198,Insanity,9,7,Zalikum,Construct,ToB2 382
1199,Insanity,12,5,Dark Voice,Humanoid,CC 73
1200,Insanity,1,26,Tromokratis,Monstrosity,MOoT 254
1201,Medium,4,6,Redcap,Fey,ToB 325
1202,Medium,10,2,Baba Yaga’s Iron Teeth,Fey,CC 47
1203,Medium,3,8,Parzz'Val,Aberration,ToB2 292
1204,Medium,6,4,Death Vulture,Monstrosity,ToB2 81
1205,Medium,2,11,Baba Yaga’s Horsemen' Base,Fey,ToB 30
1206,Medium,26,1/2,Human' Elfmarked,Humanoid,CC 403
1207,Medium,1,18,Queen of Mammoths,Fey,ToB3 32
1208,Medium,9,3,Smokeplume Zombie,Undead,ToB3 400
1209,Medium,5,5,Brain Coral,Aberration,ToB3 67
1210,Medium,4,6,Demon' Apau Perape,Fiend,ToB 75
1211,Medium,10,2,Hobgoblin Iron Shadow,Humanoid,VGM 162
1212,Medium,3,8,Hongaek,Elemental,ToB2 201
1213,Medium,6,4,Forest Marauder,Giant,ToB 205
1214,Medium,2,11,Ecstatic Bloom,Celestial,CC 303
1215,Medium,26,1/2,Magma Mephit,Elemental,MM 216
1216,Medium,1,18,Drow Favored Consort,Humanoid,MTF 183
1217,Medium,9,3,Smokeplume Zombie,Undead,ToB3 400
1218,Medium,5,5,Revenant,Undead,MM 259
1219,Medium,4,6,Loxoda,Monstrosity,ToB 280
1220,Medium,10,2,Niya-Atha Warrior,Fey,ToB3 290
1221,Medium,3,8,Vampire' Priestess,Undead,CC 367
1222,Medium,6,4,Rum Lord,Fey,ToB2 185
1223,Medium,2,11,Balhannoth,Aberration,MTF 118
1224,Medium,26,1/2,Kobold Speelclerk,Humanoid,ToB2 232
1225,Medium,1,18,Lava Keeper,Elemental,ToB2 235
1226,Medium,9,3,Slithering Tracker,Ooze,VGM 191
1227,Medium,5,5,Earth Elemental,Elemental,MM 124
1228,Medium,4,6,Crimson Mist,Undead,CC 67
1229,Medium,10,2,Emerald Dragon Wyrmling,Dragon,FToD 197
1230,Medium,3,8,Hebi-Doku,Fey,ToB2 222
1231,Hard,3,10,Undying Councilor,Undead,Ebb 311
1232,Hard,20,1,Phantom,Undead,CC 296
1233,Hard,4,8,Ooze' Shark Bowl,Ooze,CC 284
1234,Hard,2,14,Azi Dahaka,Dragon,CC 45
1235,Hard,6,5,Zombie' Lord,Undead,CC 394
1236,Hard,5,7,Void Speaker,Humanoid,CC 408
1237,Hard,1,21,Dread Examiner,Aberration,ToB3 160
1238,Hard,9,4,Lamia,Monstrosity,MM 201
1239,Hard,10,3,Mindrot Thrall,Plant,ToB 290
1240,Hard,3,10,Undying Councilor,Undead,Ebb 311
1241,Hard,20,1,Thorny,Plant,VGM 197
1242,Hard,4,8,Gloamwing,Undead,GGR 215
1243,Hard,2,14,Zmey,Dragon,ToB 416
1244,Hard,6,5,Scarlet Ibis,Monstrosity,ToB2 318
1245,Hard,5,7,Cueyatl Warchief,Humanoid,ToB3 101
1246,Hard,1,21,Gugalanna,Celestial,CC 211
1247,Hard,9,4,Mind Drinker Vampire,Undead,GGR 224
1248,Hard,10,3,Amphiptere,Beast,ToB 16
1249,Hard,3,10,Githzerai Enlightened,Humanoid,MTF 208
1250,Hard,20,1,Hippogriff,Monstrosity,MM 184
1251,Hard,4,8,Voidwracked Mage,Humanoid,CC 409
1252,Hard,2,14,Devkarin Lich,Undead,GGR 198
1253,Hard,6,5,Drake' Moon,Dragon,CC 129
1254,Hard,5,7,Venom Troll,Giant,MTF 245
1255,Hard,1,21,Rainforest King,Fey,ToB3 182
1256,Hard,9,4,Wharfling Swarm,Beast,ToB 407
1257,Hard,10,3,Fleecemane Lion,Monstrosity,MOoT 223
1258,Hard,3,10,Pumpkin King,Fey,ToB2 298
1259,Hard,20,1,Nihilethic Zombie,Undead,ToB 9
1260,Hard,4,8,Xhkarsh,Aberration,ToB 412
1261,Deadly,5,8,Bone Collective,Undead,ToB 39
1262,Deadly,4,10,Star Spawn Hulk,Aberration,MTF 234
1263,Deadly,6,7,Theran Chimera,Monstrosity,MOoT 216
1264,Deadly,2,17,Koschei,Fiend,ToB 266
1265,Deadly,1,23,Kraken,Monstrosity,MM 197
1266,Deadly,9,5,Kamaitachi,Monstrosity,ToB2 220
1267,Deadly,30,1,Category 1 Krasis,Monstrosity,GGR 210
1268,Deadly,3,13,Queen of Scorpions,Fey,ToB2 21
1269,Deadly,8,6,Ogrepede,Undead,ToB2 275
1270,Deadly,10,4,Frostveil,Plant,ToB 207
1271,Deadly,5,8,Greater Ghast of Leng,Aberration,ToB2 164
1272,Deadly,4,10,Underworld Sentinel,Undead,ToB3 381
1273,Deadly,6,7,Drake' Elder Shadow,Dragon,ToB 153
1274,Deadly,2,17,Koschei,Fiend,ToB 266
1275,Deadly,1,23,Demon Lord of the Devouring Worm Qorgeth,Fiend,ToB 90
1276,Deadly,9,5,Bone Knight,Humanoid,Ebb 316
1277,Deadly,30,1,Word Archon,Celestial,ToB3 44
1278,Deadly,3,13,Chaos Raptor,Monstrosity,ToB3 81
1279,Deadly,8,6,Bloated Ghoul,Undead,ToB2 166
1280,Deadly,10,4,Stone Defender,Construct,MTF 126
1281,Deadly,5,8,Young Cave Dragon,Dragon,ToB 127
1282,Deadly,4,10,Stone Giant Dreamwalker,Giant,VGM 150
1283,Deadly,6,7,Vine Lord,Plant,ToB 402
1284,Deadly,2,17,Demon Lord' Rangda,Fiend,CC 79
1285,Deadly,1,23,Demon Lord of the Devouring Worm Qorgeth,Fiend,ToB 90
1286,Deadly,9,5,Revenant,Undead,MM 259
1287,Deadly,30,1,Stained-Glass Moth,Construct,ToB3 353
1288,Deadly,3,13,Infernal Tutor,Fiend,ToB3 121
1289,Deadly,8,6,Mouth of Grolantor,Giant,VGM 149
1290,Deadly,10,4,Gnyan,Elemental,ToB3 210
1291,Insanity,6,10,Despair and Anger,Celestial,ToB3 116
1292,Insanity,2,21,Greater Star Spawn Emissary,Aberration,VRgtR 245
1293,Insanity,1,27,Chromatic Greatwyrm,Dragon,FToD 168
1294,Insanity,3,17,Fey Lord' Moonlit King,Fey,ToB 190
1295,Insanity,9,8,Unspeakable Horror,Monstrosity,VRgtR 250
1296,Insanity,4,14,Smaragdine Golem,Construct,ToB 236
1297,Insanity,8,9,Mantik,Monstrosity,CC 262
1298,Insanity,27,2,Muraenid,Monstrosity,ToB3 281
1299,Insanity,12,5,Brain Coral,Aberration,ToB3 67
1300,Insanity,5,11,Dullahan,Fey,ToB 161
1301,Medium,12,2,Vampire' Thrall,Humanoid,CC 368
1302,Medium,5,5,Darakhul Spy,Undead,ToB2 168
1303,Medium,2,12,Devouring Angel,Aberration,ToB3 125
1304,Medium,1,20,Pit Fiend,Fiend,MM 77
1305,Medium,3,9,Fulminar,Elemental,CC 165
1306,Medium,4,7,Breathstealer,Humanoid,ToB3 404
1307,Medium,8,4,Winged Lion,Celestial,MOoT 214
1308,Medium,12,2,Doppelrat,Monstrosity,ToB 123
1309,Medium,5,5,Alke,Monstrosity,ToB3 16
1310,Medium,2,12,Maelstrom Devil,Fiend,ToB3 122
1311,Medium,1,20,Rhopalocerex Demon Lord of Deception,Fiend,ToB2 90
1312,Medium,3,9,Pelagic Blush Worm,Monstrosity,ToB3 313
1313,Medium,4,7,Demon' Psoglav,Fiend,ToB 79
1314,Medium,8,4,Amethyst Dragon Wyrmling,Dragon,FToD 162
1315,Medium,12,2,Griffon,Monstrosity,MM 174
1316,Medium,5,5,Cunning Artisan Ogre,Giant,ToB3 299
1317,Medium,2,12,Glacier Behemoth,Beast,ToB2 177
1318,Medium,1,20,Baba Yaga,Fey,CC 46
1319,Medium,3,9,Ammut,Celestial,CC 15
1320,Medium,4,7,Vampire' Umbral,Fiend,ToB 397
1321,Medium,8,4,Elemental' Venom,Elemental,CC 140
1322,Medium,12,2,Rug of Smothering,Construct,MM 20
1323,Medium,5,5,Deathweaver,Monstrosity,ToB2 83
1324,Medium,2,12,Gray Render,Monstrosity,MTF 209
1325,Medium,1,20,Ancient Topaz Dragon,Dragon,FToD 220
1326,Medium,3,9,Fire Giant,Giant,MM 154
1327,Medium,4,7,Living Soot,Elemental,ToB3 263
1328,Medium,8,4,Lemurfolk Greyfur,Humanoid,ToB 271
1329,Medium,12,2,Simian' Vanara,Humanoid,CC 338
1330,Medium,5,5,Shantak,Monstrosity,CC 328
1331,Hard,12,3,Amphiptere,Beast,ToB 16
1332,Hard,3,11,Glacial Crawler,Aberration,ToB3 209
1333,Hard,2,15,Purple Worm,Monstrosity,MM 255
1334,Hard,4,8,Nivix Cyclops,Giant,GGR 216
1335,Hard,6,6,Mirror Hag,Fey,ToB 243
1336,Hard,22,1,Cloudhoof Assassin,Beast,ToB3 91
1337,Hard,8,5,Dogmole Juggernaut,Monstrosity,ToB 121
1338,Hard,5,7,Blue Slaad,Aberration,MM 276
1339,Hard,1,22,Arch-Devil' Belphegor,Fiend,CC 100
1340,Hard,12,3,Mirager,Fey,ToB 291
1341,Hard,3,11,Black Shuck,Fiend,ToB3 59
1342,Hard,2,15,Star-Spawn of Cthulhu,Fiend,ToB 368
1343,Hard,4,8,Deathlock Mastermind,Undead,MTF 129
1344,Hard,6,6,Dusk Hag,Fey,Ebb 292
1345,Hard,22,1,Giant Eagle,Beast,MM 324
1346,Hard,8,5,Deathweaver,Monstrosity,ToB2 83
1347,Hard,5,7,Crystaline Monolith,Aberration,ToB2 78
1348,Hard,1,22,Mind Flayer Lich,Undead,VGM 172
1349,Hard,12,3,Barnyard Golem,Construct,ToB3 214
1350,Hard,3,11,Alkilith,Fiend,MTF 130
1351,Hard,2,15,Lich' Pact,Undead,CC 254
1352,Hard,4,8,Relentless Slasher,Fiend,VRgtR 242
1353,Hard,6,6,Clockwork Assassin,Construct,CC 64
1354,Hard,22,1,Spurred Water Skate,Beast,ToB2 399
1355,Hard,8,5,Swarm of Penguins,Beast,ToB3 243
1356,Hard,5,7,Vampiric Vanguard,Undead,ToB3 383
1357,Hard,1,22,Ancient Green Dragon,Dragon,MM 93
1358,Hard,12,3,Drake' Skull,Dragon,CC 132
1359,Hard,3,11,Giant' Void,Giant,CC 187
1360,Hard,2,15,Mummy Lord,Undead,MM 229
1361,Deadly,4,10,Aphasian Abomination,Construct,ToB3 39
1362,Deadly,12,4,Demon' Yek,Fiend,CC 95
1363,Deadly,1,24,Rakdos,Fiend,GGR 247
1364,Deadly,9,5,Dogmole Juggernaut,Monstrosity,ToB 121
1365,Deadly,2,18,Sibriex,Fiend,MTF 137
1366,Deadly,5,9,Demon' Yek Alpha,Fiend,CC 95
1367,Deadly,3,13,Equitox,Fiend,ToB3 171
1368,Deadly,6,7,Breakwater Troll,Giant,ToB3 372
1369,Deadly,8,6,Child of Yggdrasil,Aberration,CC 61
1370,Deadly,4,10,Theullai,Elemental,ToB 379
1371,Deadly,12,4,Mari Lwyd,Undead,ToB2 257
1372,Deadly,1,24,Ancient Red Dragon,Dragon,MM 97
1373,Deadly,9,5,Red Slaad,Aberration,MM 276
1374,Deadly,2,18,Angel of Judgement,Celestial,ToB2 16
1375,Deadly,5,9,Pelagic Blush Worm,Monstrosity,ToB3 313
1376,Deadly,3,13,Kalkydra,Celestial,ToB3 26
1377,Deadly,6,7,Yuan-ti Abomination,Monstrosity,MM 308
1378,Deadly,8,6,Loxoda,Monstrosity,ToB 280
1379,Deadly,4,10,Chameleon Hydra,Monstrosity,ToB2 208
1380,Deadly,12,4,Dark Father,Undead,CC 71
1381,Deadly,1,24,Ancient Red Dragon,Dragon,MM 97
1382,Deadly,9,5,Wraith,Undead,MM 302
1383,Deadly,2,18,Adult Sand Dragon,Dragon,ToB3 146
1384,Deadly,5,9,Abhorrent Overlord,Fiend,MOoT 219
1385,Deadly,3,13,Malaabit,Fiend,ToB3 186
1386,Deadly,6,7,Breakwater Troll,Giant,ToB3 372
1387,Deadly,8,6,Cryoceros,Monstrosity,ToB2 76
1388,Deadly,4,10,Stone Giant Dreamwalker,Giant,VGM 150
1389,Deadly,12,4,Elves' Shadow Fey' Guardian,Humanoid,ToB 174
1390,Deadly,1,24,Dyrrn,Aberration,Ebb 288
1391,Insanity,14,5,Temple Dog,Celestial,ToB 378
1392,Insanity,4,15,Mordakhesh,Fiend,Ebb 301
1393,Insanity,8,9,Sinoper Ooze,Ooze,ToB3 310
1394,Insanity,30,2,Bat' Giant Vampire,Beast,CC 50
1395,Insanity,19,3,Amphiptere,Beast,ToB 16
1396,Insanity,6,10,Golem' Doom,Construct,CC 197
1397,Insanity,2,22,Demon Lord' Typhon,Fiend,CC 81
1398,Insanity,10,6,Yavalnoi,Aberration,ToB2 379
1399,Insanity,1,27,Chromatic Greatwyrm,Dragon,FToD 168
1400,Insanity,5,12,Oinoloth,Fiend,MTF 251
1401,Medium,14,2,Griffon,Monstrosity,MM 174
1402,Medium,1,21,Lich,Undead,MM 202
1403,Medium,4,7,Tsucora Quori,Aberration,Ebb 307
1404,Medium,3,9,Dragon' Wasteland Young,Dragon,CC 118
1405,Medium,9,4,Soil Snake,Construct,ToB3 351
1406,Medium,5,6,Angel' Song,Celestial,CC 20
1407,Medium,2,13,Tigebra,Monstrosity,ToB3 369
1408,Medium,6,5,Nehekhara Liche Priest,Undead,TombKings 4
1409,Medium,14,2,Ember Glider,Monstrosity,ToB3 170
1410,Medium,1,21,Astral Dreadnought,Monstrosity,MTF 117
1411,Medium,4,7,Golem' Armory,Construct,CC 194
1412,Medium,3,9,Lich' Hierophant,Undead,CC 252
1413,Medium,9,4,Shoreline Scrapper,Beast,CC 330
1414,Medium,5,6,Treant' Weeping,Plant,ToB 388
1415,Medium,2,13,Star Spawn Seer,Aberration,MTF 236
1416,Medium,6,5,Diminution Drake,Dragon,ToB2 121
1417,Medium,14,2,Wakwak,Beast,ToB3 388
1418,Medium,1,21,Dread Examiner,Aberration,ToB3 160
1419,Medium,4,7,Painted Phantasm,Construct,ToB3 312
1420,Medium,3,9,Master of Cruelties,Fiend,GGR 196
1421,Medium,9,4,Bone Naga,Undead,MM 233
1422,Medium,5,6,Devil' Crystalline,Fiend,ToB 105
1423,Medium,2,13,Drow Arachnomancer,Humanoid,MTF 182
1424,Medium,6,5,Rockchwer Ogre,Giant,ToB3 302
1425,Medium,14,2,Rock Roach,Beast,ToB2 308
1426,Medium,1,21,Ancient Moonstone Dragon,Dragon,FToD 211
1427,Medium,4,7,Vine Drake,Dragon,ToB2 128
1428,Medium,3,9,Mytholabe,Construct,CC 271
1429,Medium,9,4,Orc War Chief,Humanoid,MM 246
1430,Medium,5,6,Zouyu,Monstrosity,ToB2 386
1431,Hard,4,9,Skeleton' Monarch,Undead,CC 341
1432,Hard,6,6,Tumor Troll,Giant,ToB3 375
1433,Hard,1,22,Demon Lord of Bats and Fire Camazotz,Fiend,ToB 85
1434,Hard,2,16,Bathael The Exiled Lord,Fiend,ToB2 87
1435,Hard,14,3,Gold Dragon Wyrmling,Dragon,MM 115
1436,Hard,5,8,Mandriano' Ancient,Plant,CC 261
1437,Hard,8,5,Wereshark,Humanoid,ToB2 247
1438,Hard,3,11,Flying Polyp,Aberration,CC 162
1439,Hard,25,1,Ghillie Dubh,Celestial,ToB2 165
1440,Hard,4,9,Demon' Alnaar,Fiend,CC 82
1441,Hard,6,6,Kaveph,Aberration,ToB2 225
1442,Hard,1,22,Elder Brain Dragon,Aberration,FToD 194
1443,Hard,2,16,Star Spawn Larva Mage,Aberration,MTF 235
1444,Hard,14,3,Orc Red Fang of Shargaas,Humanoid,VGM 185
1445,Hard,5,8,Inquisitor of the Mind Fire,Humanoid,VRgtR 248
1446,Hard,8,5,Hound of the Night,Monstrosity,ToB 251
1447,Hard,3,11,Efreeti,Elemental,MM 145
1448,Hard,25,1,Lion,Beast,MM 331
1449,Hard,4,9,Nehekhara Tomb Prince,Undead,TombKings 9
1450,Hard,6,6,Gauth,Aberration,VGM 125
1451,Hard,1,22,Ancient Green Dragon,Dragon,MM 93
1452,Hard,2,16,Adult Flame Dragon,Dragon,ToB 129
1453,Hard,14,3,Deep Scion,Humanoid,VGM 135
1454,Hard,5,8,Tarkun the Desiccated,Fey,ToB2 148
1455,Hard,8,5,Subek,Humanoid,ToB 371
1456,Hard,3,11,Broodmother of Leng,Aberration,ToB2 52
1457,Hard,25,1,Dogmole,Beast,ToB 120
1458,Hard,4,9,Righteous Sentinel,Construct,ToB2 307
1459,Hard,6,6,Swamp Naga,Monstrosity,ToB2 265
1460,Hard,1,22,Arch-Devil' Belphegor,Fiend,CC 100
1461,Deadly,12,4,Yuan-ti Nightmare Speaker,Monstrosity,VGM 205
1462,Deadly,8,7,Ethereal Drake,Dragon,ToB3 153
1463,Deadly,2,19,Lesser Star Spawn Emissary,Aberration,VRgtR 245
1464,Deadly,1,24,Rakdos,Fiend,GGR 247
1465,Deadly,4,11,Horned Devil,Fiend,MM 74
1466,Deadly,3,14,Beholder (in lair),Aberration,MM 28
1467,Deadly,5,9,Fire Giant,Giant,MM 154
1468,Deadly,6,8,Shire Giant,Giant,ToB3 205
1469,Deadly,9,6,Elf' Deathsworn,Humanoid,CC 142
1470,Deadly,12,4,Giant' Laestrigonian,Giant,CC 184
1471,Deadly,8,7,Demon' Vellso,Fiend,CC 92
1472,Deadly,2,19,Poena Duke of Retribution,Fiend,ToB2 99
1473,Deadly,1,24,The Curator Hell's Collector,Fiend,ToB2 101
1474,Deadly,4,11,Leech Demon,Fiend,ToB3 110
1475,Deadly,3,14,Azi Dahaka,Dragon,CC 45
1476,Deadly,5,9,Shukankor,Aberration,ToB2 326
1477,Deadly,6,8,Drow Priestess of Lolth,Humanoid,MM 129
1478,Deadly,9,6,Likho,Monstrosity,ToB 275
1479,Deadly,12,4,Amethyst Dragon Wyrmling,Dragon,FToD 162
1480,Deadly,8,7,Black Paw,Humanoid,Skaven 17
1481,Deadly,2,19,Kalaraq Quori,Aberration,Ebb 306
1482,Deadly,1,24,Ancient Dragon Turtle,Dragon,FToD 191
1483,Deadly,4,11,Devil' Koralk (Harvester Devil),Fiend,ToB 108
1484,Deadly,3,14,Queen of Birds,Fey,CC 31
1485,Deadly,5,9,Brine Hag,Fey,ToB3 225
1486,Deadly,6,8,Hezrou,Fiend,MM 60
1487,Deadly,9,6,Annis Hag,Fey,VGM 159
1488,Deadly,12,4,Couatl,Celestial,MM 43
1489,Deadly,8,7,Air Elemental Myrmidon,Elemental,MTF 202
1490,Deadly,2,19,Balor,Fiend,MM 55
1491,Insanity,4,16,Devil' Infernal Knight,Fiend,CC 104
1492,Insanity,10,7,Lesser Infernal Tutor,Fiend,ToB3 120
1493,Insanity,6,11,Black Shuck,Fiend,ToB3 59
1494,Insanity,9,8,Emerald Order Cult Leader,Humanoid,ToB 421
1495,Insanity,3,19,Balor,Fiend,MM 55
1496,Insanity,21,3,Woe Siphon,Fey,ToB2 373
1497,Insanity,2,23,Iilari'jil The Fire of Forgotten Hope,Celestial,ToB3 24
1498,Insanity,5,13,Siege Archon,Celestial,ToB3 42
1499,Insanity,12,6,Bloated Ghoul,Undead,ToB2 166
1500,Insanity,8,10,Empyrean Kobold,Celestial,ToB3 253
1501,Medium,3,10,Spring Eladrin,Fey,MTF 196
1502,Medium,9,4,Ghoul' Tar,Undead,CC 176
1503,Medium,1,21,Ancient Black Dragon,Dragon,MM 87
1504,Medium,5,6,Eshin Decapitator,Humanoid,Skaven 11
1505,Medium,10,3,Redcap,Fey,VGM 188
1506,Medium,19,1,Putrescent Slime,Ooze,ToB2 300
1507,Medium,4,8,Young Moonstone Dragon,Dragon,FToD 213
1508,Medium,6,5,Centaur Chieftain,Monstrosity,CC 60
1509,Medium,2,14,Ancient Sea Serpent,Dragon,FToD 219
1510,Medium,3,10,Devil' Automata,Fiend,ToB 102
1511,Medium,9,4,Amber Ooze,Ooze,ToB2 277
1512,Medium,1,21,Dread Examiner,Aberration,ToB3 160
1513,Medium,5,6,Wardu,Aberration,ToB2 365
1514,Medium,10,3,Bleakheart,Undead,ToB2 43
1515,Medium,19,1,Stone Cursed,Construct,MTF 240
1516,Medium,4,8,Blood Drinker Vampire,Undead,GGR 223
1517,Medium,6,5,Cambion,Fiend,MM 36
1518,Medium,2,14,Archon of the Trimvirate,Celestial,GGR 192
1519,Medium,3,10,Drudge Pitcher,Plant,ToB3 161
1520,Medium,9,4,Lemurfolk Greyfur,Humanoid,ToB 271
1521,Medium,1,21,Arasta,Monstrosity,MOoT 248
1522,Medium,5,6,Xecha,Fiend,ToB3 397
1523,Medium,10,3,Imy-Ut Ushabti,Monstrosity,ToB 256
1524,Medium,19,1,Agnibarra,Monstrosity,CC 9
1525,Medium,4,8,Mallqui,Undead,ToB 282
1526,Medium,6,5,Shadow Lurker,Fey,ToB3 342
1527,Medium,2,14,Isonade,Monstrosity,ToB 257
1528,Medium,3,10,Scuncatcher Scarab,Beast,ToB3 338
1529,Medium,9,4,Ortifex,Undead,ToB2 287
1530,Medium,1,21,Molydeus,Fiend,MTF 134
1531,Hard,9,5,Otyugh,Aberration,MM 248
1532,Hard,28,1,Moppet,Construct,ToB3 277
1533,Hard,8,6,Fate Eater,Aberration,ToB 180
1534,Hard,5,8,Tarkun the Desiccated,Fey,ToB2 148
1535,Hard,2,17,Goristro,Fiend,MM 59
1536,Hard,4,9,Rot Troll,Giant,MTF 244
1537,Hard,10,4,Dragon Turtle Wyrmling,Dragon,FToD 192
1538,Hard,1,23,Elder Tempest,Elemental,MTF 200
1539,Hard,6,7,Avalanche Screamer,Aberration,ToB2 35
1540,Hard,3,12,Duergar Despot,Humanoid,MTF 188
1541,Hard,9,5,Xiphus,Fey,CC 388
1542,Hard,28,1,Chamrosh,Celestial,ToB2 59
1543,Hard,8,6,Scheznyki,Fey,ToB 339
1544,Hard,5,8,Qwyllion,Fey,ToB 316
1545,Hard,2,17,Hythonia,Monstrosity,MOoT 252
1546,Hard,4,9,Young Void Dragon,Dragon,ToB 140
1547,Hard,10,4,Cosmotronic Blastseeker,Humanoid,GGR 242
1548,Hard,1,23,Ancient Sand Dragon,Dragon,ToB3 145
1549,Hard,6,7,Necrichor,Undead,VRgtR 238
1550,Hard,3,12,Mavka,Undead,ToB 286
1551,Hard,9,5,Brownie Mystic,Fey,ToB3 69
1552,Hard,28,1,Ooze' Alchemical App,Ooze,CC 281
1553,Hard,8,6,Urushi Constrictor,Monstrosity,ToB3 382
1554,Hard,5,8,Young Green Dragon,Dragon,MM 94
1555,Hard,2,17,Ghost Dragon,Undead,FToD 203
1556,Hard,4,9,Külmking,Undead,CC 244
1557,Hard,10,4,Cavelight Moss,Plant,ToB 53
1558,Hard,1,23,Elder Tempest,Elemental,MTF 200
1559,Hard,6,7,Yuan-ti Abomination,Monstrosity,MM 308
1560,Hard,3,12,Stellar Rorqual,Aberration,ToB2 338
1561,Deadly,3,15,Mummy Lord,Undead,MM 229
1562,Deadly,5,9,Phylaskia,Undead,MOoT 239
1563,Deadly,6,8,Kachlian,Aberration,ToB2 219
1564,Deadly,2,20,Adult Imperial Dragon,Dragon,ToB2 116
1565,Deadly,8,7,Yathon,Humanoid,ToB2 378
1566,Deadly,4,12,Galidroo,Monstrosity,ToB2 161
1567,Deadly,9,6,Bloated Ghoul,Undead,ToB2 166
1568,Deadly,1,25,Marut,Construct,MTF 213
1569,Deadly,14,4,Sulsha,Humanoid,ToB2 329
1570,Deadly,19,2,Silver Dragon Wyrmling,Dragon,MM 118
1571,Deadly,3,15,Purple Worm,Monstrosity,MM 255
1572,Deadly,5,9,Myrmex Speaker,Elemental,ToB3 284
1573,Deadly,6,8,Tyrannosaurus Rex,Beast,MM 80
1574,Deadly,2,20,Demilich (in lair),Undead,MM 48
1575,Deadly,8,7,Yathon,Humanoid,ToB2 378
1576,Deadly,4,12,Archmage,Humanoid,MM 342
1577,Deadly,9,6,Bloodfray Giant,Giant,GGR 200
1578,Deadly,1,25,Marut,Construct,MTF 213
1579,Deadly,14,4,Atavist,Humanoid,ToB3 404
1580,Deadly,19,2,Myling,Undead,ToB 301
1581,Deadly,3,15,Royal Chimera,Monstrosity,ToB3 83
1582,Deadly,5,9,Nycaloth,Fiend,MM 314
1583,Deadly,6,8,Kachlian,Aberration,ToB2 219
1584,Deadly,2,20,Adult Imperial Dragon,Dragon,ToB2 116
1585,Deadly,8,7,Liondrake,Monstrosity,FToD 207
1586,Deadly,4,12,Arcanaloth,Fiend,MM 313
1587,Deadly,9,6,Black Patch,Ooze,ToB3 58
1588,Deadly,1,25,Warforged Colossus,Construct,Ebb 314
1589,Deadly,14,4,Stone Defender,Construct,MTF 126
1590,Deadly,19,2,Grick,Monstrosity,MM 173
1591,Insanity,8,10,Forgotten Regent,Undead,ToB3 188
1592,Insanity,9,9,Gulper Behemoth,Monstrosity,ToB2 190
1593,Insanity,2,23,Hriggala Jaws of the Unsated God,Fiend,ToB2 88
1594,Insanity,5,13,Beholder,Aberration,MM 28
1595,Insanity,4,16,Adult Cave Dragon,Dragon,ToB 125
1596,Insanity,24,3,Veteran Swordbreaker Skeleton,Undead,ToB2 332
1597,Insanity,10,7,Firefist,Humanoid,GGR 231
1598,Insanity,3,20,Pit Fiend,Fiend,MM 77
1599,Insanity,14,6,Piasa,Dragon,CC 298
1600,Insanity,6,11,Efreeti,Elemental,MM 145
1601,Medium,2,15,Adult Bronze Dragon,Dragon,MM 108
1602,Medium,5,7,Lesser Infernal Tutor,Fiend,ToB3 120
1603,Medium,6,6,Young White Dragon,Dragon,MM 101
1604,Medium,8,5,Shadowghast,Undead,EGtW 299
1605,Medium,4,9,Skeleton' Vine Troll,Plant,ToB 351
1606,Medium,23,1,Ghillie Dubh,Celestial,ToB2 165
1607,Medium,12,3,Dryad' Duskthorn,Fey,ToB 160
1608,Medium,3,11,Shadow Fey Poisoner,Humanoid,CC 148
1609,Medium,1,22,Demon Lord' Typhon,Fiend,CC 81
1610,Medium,2,15,Vampire (spellcaster),Undead,MM 297
1611,Medium,5,7,Walled Horror,Undead,ToB2 363
1612,Medium,6,6,Plague Harpy,Monstrosity,ToB3 229
1613,Medium,8,5,Willowhaunt,Undead,ToB2 369
1614,Medium,4,9,Treant,Plant,MM 289
1615,Medium,23,1,Chernomoi,Fey,ToB 55
1616,Medium,12,3,Wrackwraith,Undead,ToB3 395
1617,Medium,3,11,Roc,Monstrosity,MM 260
1618,Medium,1,22,Hala'ath The Sentinel of Progress,Celestial,ToB3 22
1619,Medium,2,15,Drake' Star,Dragon,ToB 156
1620,Medium,5,7,Avalanche Screamer,Aberration,ToB2 35
1621,Medium,6,6,Ghost Knight,Humanoid,ToB 423
1622,Medium,8,5,Living Lightning Bolt,Construct,Ebb 299
1623,Medium,4,9,Ushabti,Construct,ToB 394
1624,Medium,23,1,Capybear,Monstrosity,ToB3 72
1625,Medium,12,3,Wrackwraith,Undead,ToB3 395
1626,Medium,3,11,Marid,Elemental,MM 146
1627,Medium,1,22,Ancient Sapphire Dragon,Dragon,FToD 214
1628,Medium,2,15,Drake' Star,Dragon,ToB 156
1629,Medium,5,7,Eonic Savant,Humanoid,ToB2 137
1630,Medium,6,6,Sandwyrm,Dragon,ToB 334
1631,Hard,8,7,Necrichor,Undead,VRgtR 238
1632,Hard,4,11,Vesiculosa,Plant,ToB 399
1633,Hard,2,18,Hierotitan,Construct,TombKings 5
1634,Hard,12,4,Neogi Master,Aberration,VGM 180
1635,Hard,6,8,Black Sun Ogre,Giant,ToB3 298
1636,Hard,3,13,Devilflame Juggler,Fiend,ToB3 119
1637,Hard,5,9,Star-Nosed Diopsid,Aberration,ToB3 355
1638,Hard,9,5,The Heavy Weapon Rat,Humanoid,Skaven 2
1639,Hard,1,24,Ancient Gold Dragon,Dragon,MM 113
1640,Hard,8,7,Dhergoloth,Fiend,MTF 248
1641,Hard,4,11,Montain Dryad,Fey,ToB2 130
1642,Hard,2,18,Kogukhpak,Fiend,ToB3 109
1643,Hard,12,4,Tripwire Patch,Plant,ToB3 371
1644,Hard,6,8,Onyx Magistrate,Construct,ToB2 276
1645,Hard,3,13,Psychic Vampire,Undead,ToB2 357
1646,Hard,5,9,Genie' Al-Aeshma,Elemental,ToB 211
1647,Hard,9,5,Kobold' Wizard,Humanoid,CC 241
1648,Hard,1,24,Ancient Boreal Dragon,Dragon,ToB2 110
1649,Hard,8,7,Troll' Lake,Giant,ToB 389
1650,Hard,4,11,Clockwork Tactician,Construct,ToB3 90
1651,Hard,2,18,Adult Sand Dragon,Dragon,ToB3 146
1652,Hard,12,4,Frostveil,Plant,ToB 207
1653,Hard,6,8,Golem' Fractal,Construct,CC 198
1654,Hard,3,13,Devil Shark,Monstrosity,CC 98
1655,Hard,5,9,Psychophant,Humanoid,ToB3 405
1656,Hard,9,5,Clockwork Abomination,Fiend,ToB 59
1657,Hard,1,24,Devil' Totivillus' Scribe of Hell,Fiend,ToB 101
1658,Hard,8,7,Painted Phantasm,Construct,ToB3 312
1659,Hard,4,11,Yagnoloth,Fiend,MTF 252
1660,Hard,2,18,Amnizu,Fiend,MTF 164
1661,Deadly,6,9,Genie' Al-Aeshma,Elemental,ToB 211
1662,Deadly,8,8,Hantu Penanggal,Fiend,ToB2 192
1663,Deadly,10,5,Lunarian,Fey,ToB2 245
1664,Deadly,23,2,Crinaea,Fey,ToB2 74
1665,Deadly,3,16,Steel Predator,Construct,MTF 239
1666,Deadly,2,21,Shadow of Death,Celestial,ToB2 323
1667,Deadly,4,13,Clockwork Archon,Construct,ToB2 65
1668,Deadly,5,11,Herald of Slaughter,Fiend,ToB2 198
1669,Deadly,1,26,Tromokratis,Monstrosity,MOoT 254
1670,Deadly,9,7,Young Topaz Dragon,Dragon,FToD 223
1671,Deadly,6,9,Murgrik,Aberration,ToB2 263
1672,Deadly,8,8,Qwyllion,Aberration,ToB 316
1673,Deadly,10,5,Ice Elemental,Elemental,ToB2 133
1674,Deadly,23,2,Crystal Dragon Wyrmling,Dragon,FToD 172
1675,Deadly,3,16,Fey Snow Queen,Fey,ToB 198
1676,Deadly,2,21,Giant' Mountain,Giant,CC 185
1677,Deadly,4,13,Vampire,Undead,MM 297
1678,Deadly,5,11,Behir,Monstrosity,MM 25
1679,Deadly,1,26,Tromokratis,Monstrosity,MOoT 254
1680,Deadly,9,7,Midnight Sun,Aberration,ToB3 270
1681,Deadly,6,9,Young Sea Dragon,Dragon,ToB 136
1682,Deadly,8,8,Tyrannosaurus Rex,Beast,MM 80
1683,Deadly,10,5,Brain Coral,Aberration,ToB3 67
1684,Deadly,23,2,Prismatic Dragon Wyrmling,Dragon,ToB3 143
1685,Deadly,3,16,Ashen Rider,Celestial,MOoT 213
1686,Deadly,2,21,Devil' Arbeyach,Fiend,ToB 95
1687,Deadly,4,13,Pustulent Shambler,Ooze,ToB2 299
1688,Deadly,5,11,Thundercall Hadrosaur,Monstrosity,ToB3 129
1689,Deadly,1,26,Zaratan,Monstrosity,ToB 414
1690,Deadly,9,7,Repository,Construct,ToB2 306
1691,Insanity,4,17,Adult Gold Dragon,Dragon,MM 114
1692,Insanity,6,13,Star Spawn Seer,Aberration,MTF 236
1693,Insanity,14,7,Alabaster Tree,Celestial,CC 302
1694,Insanity,9,10,Spring Eladrin,Fey,MTF 196
1695,Insanity,19,4,Rum Lord,Fey,ToB2 185
1696,Insanity,10,8,Mallqui,Undead,ToB 282
1697,Insanity,5,15,Typhon,Monstrosity,MOoT 246
1698,Insanity,8,11,Devil' Koralk (Harvester Devil),Fiend,ToB 108
1699,Insanity,3,21,Greater Star Spawn Emissary,Aberration,VRgtR 245
1700,Insanity,2,24,Rakdos,Fiend,GGR 247
1701,Medium,5,8,Necrotech Thunderer,Undead,ToB3 289
1702,Medium,8,5,Sacred Hippopotamus,Celestial,ToB3 234
1703,Medium,2,16,Bathael The Exiled Lord,Fiend,ToB2 87
1704,Medium,3,11,Doomwake Giant,Giant,MOoT 224
1705,Medium,1,22,Ancient Sea Dragon,Dragon,ToB 135
1706,Medium,6,6,Ooze' Ruby,Ooze,CC 286
1707,Medium,25,1,Mountain Strider,Monstrosity,ToB2 261
1708,Medium,14,3,Mahoru,Monstrosity,ToB 281
1709,Medium,4,9,Kobold War Machine,Construct,ToB2 233
1710,Medium,5,8,Angel' Zoryas,Celestial,CC 21
1711,Medium,8,5,Asanbosam,Aberration,ToB 27
1712,Medium,2,16,Arcane Leviathan,Construct,ToB3 40
1713,Medium,3,11,Doomwake Giant,Giant,MOoT 224
1714,Medium,1,22,Lady Illmarrow,Undead,Ebb 297
1715,Medium,6,6,Zeitgeist,Humanoid,ToB2 383
1716,Medium,25,1,Dryad,Fey,MM 121
1717,Medium,14,3,Dinosaur' Mbielu,Beast,ToB 114
1718,Medium,4,9,Frost Salamander,Elemental,MTF 223
1719,Medium,5,8,Rockslide Elemental,Elemental,ToB3 168
1720,Medium,8,5,Tlincalli,Monstrosity,VGM 193
1721,Medium,2,16,Bathael The Exiled Lord,Fiend,ToB2 87
1722,Medium,3,11,Broodmother of Leng,Aberration,ToB2 52
1723,Medium,1,22,Demon Lord' Typhon,Fiend,CC 81
1724,Medium,6,6,Tumor Troll,Giant,ToB3 375
1725,Medium,25,1,Xvart Warlock of Raxivort,Humanoid,VGM 200
1726,Medium,14,3,Erina Tussler,Humanoid,ToB3 172
1727,Medium,4,9,Plague Spirit,Fey,ToB2 296
1728,Medium,5,8,Vetala,Fiend,ToB3 112
1729,Medium,8,5,Kikimora,Fey,ToB 260
1730,Medium,2,16,Githzerai Anarch,Humanoid,MTF 207
1731,Hard,4,11,Gynosphinx,Monstrosity,MM 282
1732,Hard,5,9,Külmking,Undead,CC 244
1733,Hard,2,19,Balor,Fiend,MM 55
1734,Hard,1,24,Dyrrn,Aberration,Ebb 288
1735,Hard,9,6,Fate Eater,Aberration,ToB 180
1736,Hard,6,8,Obzedat Ghost,Undead,GGR 245
1737,Hard,3,14,Grimmlet Swarm,Monstrosity,ToB2 187
1738,Hard,12,4,Ogre Battering Ram,Giant,MTF 220
1739,Hard,8,7,Fire Dancer Swarm,Elemental,ToB 373
1740,Hard,4,11,Ichneumon,Monstrosity,CC 224
1741,Hard,5,9,Hashalaq Quori,Aberration,Ebb 305
1742,Hard,2,19,Hraesvelgr the Corpse Swallower,Giant,ToB 224
1743,Hard,1,24,Ancient Red Dragon,Dragon,MM 97
1744,Hard,9,6,Hooden Horse,Undead,ToB2 202
1745,Hard,6,8,Aeorian Reverser,Monstrosity,EGtW 284
1746,Hard,3,14,Baliri Demon,Fiend,ToB2 93
1747,Hard,12,4,Serpopard,Beast,ToB 342
1748,Hard,8,7,Voidclaw Zombie,Undead,ToB3 401
1749,Hard,4,11,Shadow Fey Poisoner,Humanoid,CC 148
1750,Hard,5,9,Conclave Dryad,Fey,GGR 194
1751,Hard,2,19,Lesser Star Spawn Emissary,Aberration,VRgtR 245
1752,Hard,1,24,Ancient Gold Dragon,Dragon,MM 113
1753,Hard,9,6,Werynax,Monstrosity,ToB2 367
1754,Hard,6,8,Pal-Rai-Yuk,Monstrosity,ToB2 291
1755,Hard,3,14,Butatsch,Aberration,ToB2 54
1756,Hard,12,4,Drake' Ash,Dragon,ToB 149
1757,Hard,8,7,Giant Husk,Undead,ToB2 205
1758,Hard,4,11,Thundercall Hadrosaur,Monstrosity,ToB3 129
1759,Hard,5,9,Wickerman,Construct,CC 380
1760,Hard,2,19,Dawnfly,Beast,ToB3 104
1761,Deadly,2,21,Monkey King,Celestial,CC 337
1762,Deadly,7,10,Aeorian Absorber,Monstrosity,EGtW 283
1763,Deadly,12,5,Mudmutt,Monstrosity,ToB3 279
1764,Deadly,3,17,Adult Red Dragon,Dragon,MM 98
1765,Deadly,4,13,Salamander Monarch,Elemental,ToB2 311
1766,Deadly,8,8,Triton Master of Waves,Humanoid,MOoT 245
1767,Deadly,6,9,Truant Devourer,Undead,ToB3 378
1768,Deadly,9,7,Swamp Lily,Plant,ToB2 342
1769,Deadly,5,11,Buraq,Celestial,ToB 48
1770,Deadly,1,26,Niv-Mizzet,Dragon,GGR 241
1771,Deadly,25,2,Firegeist,Elemental,ToB 202
1772,Deadly,2,21,Ankou Soul Herald,Dragon,CC 37
1773,Deadly,7,10,Incinis,Elemental,CC 226
1774,Deadly,12,5,Floe Hag,Fey,ToB3 226
1775,Deadly,3,17,Adult Wind Dragon,Dragon,ToB 143
1776,Deadly,4,13,Bat King,Fey,CC 22
1777,Deadly,8,8,Qwyllion,Aberration,ToB 316
1778,Deadly,6,9,Krake Spawn,Monstrosity,ToB 269
1779,Deadly,9,7,Jaanavar Jal,Monstrosity,CC 229
1780,Deadly,5,11,Cloud Giant Smiling One,Giant,VGM 146
1781,Deadly,1,26,Ancient Imperial Dragon,Dragon,ToB2 115
1782,Deadly,25,2,Orc Claw of Luthic,Humanoid,VGM 183
1783,Deadly,2,21,Ancient Black Dragon,Dragon,MM 87
1784,Deadly,7,10,Demon' Rubezahl,Fiend,ToB 80
1785,Deadly,12,5,Derro' Speaker to Darkness,Humanoid,CC 96
1786,Deadly,3,17,Elemental Locus,Elemental,ToB 169
1787,Deadly,4,13,Haugbui,Undead,ToB 247
1788,Deadly,8,8,Copperkill Slime,Ooze,ToB3 94
1789,Deadly,6,9,Oozasis,Ooze,ToB 310
1790,Deadly,9,7,Karkadann,Monstrosity,ToB3 249
1791,Insanity,3,21,Molydeus,Fiend,MTF 134
1792,Insanity,4,18,Demilich,Undead,MM 48
1793,Insanity,8,12,Morkoth (in lair),Aberration,VGM 178
1794,Insanity,7,14,Khodumodumo,Monstrosity,ToB2 229
1795,Insanity,14,7,Swavain Basilisk,Monstrosity,EGtW 300
1796,Insanity,5,16,Bathael The Exiled Lord,Fiend,ToB2 87
1797,Insanity,10,8,Dragon' Clockwork 1-Head,Construct,CC 111
1798,Insanity,6,13,Loup Garou,Monstrosity,VRgtR 237
1799,Insanity,2,24,The Curator Hell's Collector,Fiend,ToB2 101
1800,Insanity,20,4,Kraul Death Priest,Humanoid,GGR 214
1801,Medium,9,5,Razorleaf,Plant,CC 317
1802,Medium,2,17,Adult Gold Dragon,Dragon,MM 114
1803,Medium,8,6,Ogrepede,Undead,ToB2 275
1804,Medium,1,23,Demon Lord of the Devouring Worm Qorgeth,Fiend,ToB 90
1805,Medium,5,8,Hoard Mimic,Monstrosity,FToD 204
1806,Medium,29,1,Manure Ooze,Ooze,ToB3 306
1807,Medium,4,10,Elf' Alchemist Archer,Humanoid,CC 141
1808,Medium,10,4,Weretiger,Humanoid,MM 210
1809,Medium,3,12,Boneshard Wraith,Undead,ToB2 46
1810,Medium,6,7,Haleshi,Fey,ToB2 191
1811,Medium,9,5,Giant Shark,Beast,MM 328
1812,Medium,2,17,Draconic Shard,Undead,FToD 181
1813,Medium,8,6,Drake' Fey,Dragon,CC 127
1814,Medium,1,23,Ancient Silver Dragon,Dragon,MM 116
1815,Medium,5,8,Feyward Tree,Construct,ToB 200
1816,Medium,29,1,Balloon Spider,Beast,ToB2 387
1817,Medium,4,10,Nightgaunt,Aberration,CC 277
1818,Medium,10,4,Wereboar,Humanoid,MM 209
1819,Medium,3,12,Herald of Blood,Fiend,ToB 248
1820,Medium,6,7,Young Copper Dragon,Dragon,MM 111
1821,Medium,9,5,Nehekhara Liche Priest,Undead,TombKings 4
1822,Medium,2,17,Barong,Celestial,CC 49
1823,Medium,8,6,Ashen Custodian,Fey,ToB2 29
1824,Medium,1,23,Elder Tempest,Elemental,MTF 200
1825,Medium,5,8,Sword Wraith Commander,Undead,MTF 241
1826,Medium,29,1,Spurred Water Skate,Beast,ToB2 399
1827,Medium,4,10,Death Slaad,Aberration,MM 278
1828,Medium,10,4,Trollkin Shaman,Humanoid,CC 357
1829,Medium,3,12,Sea Fury,Fey,EGtW 299
1830,Medium,6,7,Dragonborn of Tiamat,Humanoid,FToD 185
1831,Hard,19,2,Eshin Saboteur,Humanoid,Skaven 10
1832,Hard,5,10,Deva,Celestial,MM 16
1833,Hard,4,12,Eidolon,Undead,MTF 194
1834,Hard,6,8,Feyward Tree,Construct,ToB 200
1835,Hard,9,6,Piasa,Dragon,CC 298
1836,Hard,2,20,Drow Matron Mother,Humanoid,MTF 186
1837,Hard,14,4,Angler Dwarf,Humanoid,ToB3 164
1838,Hard,3,15,Snallygaster,Aberration,ToB3 348
1839,Hard,1,25,Warforged Colossus,Construct,Ebb 314
1840,Hard,19,2,Sampgas Bubble,Ooze,ToB2 343
1841,Hard,5,10,Peat Mammoth,Plant,ToB2 293
1842,Hard,4,12,Mavka,Fey,ToB 286
1843,Hard,6,8,Githyanki Knight,Humanoid,MM 160
1844,Hard,9,6,Ashen Custodian,Fey,ToB2 29
1845,Hard,2,20,Pit Fiend,Fiend,MM 77
1846,Hard,14,4,Black Pudding,Ooze,MM 241
1847,Hard,3,15,Mordant Snare,Aberration,ToB 296
1848,Hard,1,25,Devil' Mammon,Fiend,ToB 99
1849,Hard,19,2,Orc Claw of Luthic,Humanoid,VGM 183
1850,Hard,5,10,Vampire' Patrician,Undead,CC 365
1851,Hard,4,12,Gug,Giant,ToB 241
1852,Hard,6,8,Young Moonstone Dragon,Dragon,FToD 213
1853,Hard,9,6,Ruin Scarab,Undead,ToB3 337
1854,Hard,2,20,Ancient Brass Dragon,Dragon,MM 104
1855,Hard,14,4,Zilaq,Dragon,ToB3 399
1856,Hard,3,15,Nabassu,Fiend,MTF 135
1857,Hard,1,25,Warforged Colossus,Construct,Ebb 314
1858,Hard,19,2,Gibbering Mouther,Aberration,MM 157
1859,Hard,5,10,Spawn of Hriggala,Fiend,ToB2 89
1860,Hard,4,12,Maelstrom Devil,Fiend,ToB3 122
1861,Deadly,5,12,Herald of Fire,Dragon,CC 215
1862,Deadly,3,18,Lava Keeper,Elemental,ToB2 235
1863,Deadly,18,3,Deathlock Wight,Undead,MTF 129
1864,Deadly,4,14,Dragon' Clockwork 3-Head,Construct,CC 112
1865,Deadly,10,6,Naizu-Ha,Fey,ToB2 223
1866,Deadly,6,10,Underworld Sentinel,Undead,ToB3 381
1867,Deadly,1,27,Demon Lord of Apes' Mechuiti,Fiend,ToB 88
1868,Deadly,8,9,Demon' Yek Alpha,Fiend,CC 95
1869,Deadly,14,5,Yuan-ti Pit Master,Monstrosity,VGM 206
1870,Deadly,9,8,Hydra,Monstrosity,MM 190
1871,Deadly,29,2,Kobold Alchemist,Humanoid,ToB 261
1872,Deadly,2,22,Zaratan,Elemental,MTF 201
1873,Deadly,5,12,Morkoth (in lair),Aberration,VGM 178
1874,Deadly,3,18,Kogukhpak,Fiend,ToB3 109
1875,Deadly,18,3,Dragonflesh Grafter,Monstrosity,FToD 186
1876,Deadly,4,14,Adult Copper Dragon,Dragon,MM 111
1877,Deadly,10,6,Permafrost Elemental,Elemental,ToB3 167
1878,Deadly,6,10,Undying Councilor,Undead,Ebb 311
1879,Deadly,1,27,Demon Lord of Apes' Mechuiti,Fiend,ToB 88
1880,Deadly,8,9,Myrmex Speaker,Elemental,ToB3 284
1881,Deadly,14,5,Phase Giant,Giant,ToB2 172
1882,Deadly,9,8,Chronalmental,Elemental,ToB 57
1883,Deadly,29,2,Kappa,Fey,CC 234
1884,Deadly,2,22,Ancient Bronze Dragon,Dragon,MM 107
1885,Deadly,5,12,Aboleth' Nihileth,Undead,ToB 8
1886,Deadly,3,18,Lava Keeper,Elemental,ToB2 235
1887,Deadly,18,3,Ankylosaurus,Beast,MM 79
1888,Deadly,4,14,Howler of the Abyss,Aberration,ToB3 236
1889,Deadly,10,6,Mortifera,Aberration,ToB3 278
1890,Deadly,6,10,Salt Golem,Construct,ToB 235
1891,Insanity,12,8,Qwyllion,Aberration,ToB 316
1892,Insanity,10,9,Külmking,Undead,CC 244
1893,Insanity,23,4,Giant' Laestrigonian,Giant,CC 184
1894,Insanity,8,13,Adult White Dragon,Dragon,MM 101
1895,Insanity,4,20,Harbinger of Wrath,Construct,ToB2 193
1896,Insanity,5,17,Koschei,Fiend,ToB 266
1897,Insanity,9,11,Dao,Elemental,MM 143
1898,Insanity,2,25,Devil' Mammon,Fiend,ToB 99
1899,Insanity,6,14,Devkarin Lich,Undead,GGR 198
1900,Insanity,3,22,Elder Brain Dragon,Aberration,FToD 194
1901,Medium,5,9,Bukavac,Monstrosity,ToB 47
1902,Medium,3,13,Pustulent Shambler,Ooze,ToB2 299
1903,Medium,6,7,Dragonborn of Tiamat,Humanoid,FToD 185
1904,Medium,2,18,Trostani,Fey,GGR 252
1905,Medium,12,4,Alchemical Skunk,Monstrosity,ToB2 13
1906,Medium,1,24,Ancient Void Dragon,Dragon,ToB 138
1907,Medium,4,10,Salt Golem,Construct,ToB 235
1908,Medium,8,6,Ooze' Ruby,Ooze,CC 286
1909,Medium,9,5,Fellforged,Construct,ToB 182
1910,Medium,5,9,Demon' Alnaar,Fiend,CC 82
1911,Medium,3,13,Steam Golem,Construct,ToB 237
1912,Medium,6,7,Avalanche Screamer,Aberration,ToB2 35
1913,Medium,2,18,Drow Favored Consort,Humanoid,MTF 183
1914,Medium,12,4,Niya-Atha Sorcerer,Fey,ToB3 290
1915,Medium,1,24,Devil' Totivillus' Scribe of Hell,Fiend,ToB 101
1916,Medium,4,10,Devil' Automata,Fiend,ToB 102
1917,Medium,8,6,Cyclops,Giant,MM 45
1918,Medium,9,5,Demon' Cipactli,Fiend,CC 83
1919,Medium,5,9,Slayer Rakshasa,Fiend,ToB3 330
1920,Medium,3,13,Devourer,Fiend,VGM 138
1921,Medium,6,7,Midnight Sun,Aberration,ToB3 270
1922,Medium,2,18,Lava Keeper,Elemental,ToB2 235
1923,Medium,12,4,Winged Bull,Celestial,MOoT 214
1924,Medium,1,24,Ancient Red Dragon,Dragon,MM 97
1925,Medium,4,10,Dragonflesh Golem,Construct,ToB2 180
1926,Medium,8,6,Gryllus Swarm,Construct,ToB3 361
1927,Medium,9,5,Centaur Chieftain,Monstrosity,CC 60
1928,Medium,5,9,Young Blue Dragon,Dragon,MM 91
1929,Medium,3,13,Devilflame Juggler,Fiend,ToB3 119
1930,Medium,6,7,Golem' Bone,Construct,CC 195
1931,Hard,5,10,Nightveil Specter,Undead,GGR 215
1932,Hard,6,9,Nehekhara Tomb Prince,Undead,TombKings 9
1933,Hard,4,13,Loup Garou,Monstrosity,VRgtR 237
1934,Hard,2,21,Ancient Copper Dragon,Dragon,MM 110
1935,Hard,1,26,Niv-Mizzet,Dragon,GGR 241
1936,Hard,8,8,Ushabti,Construct,TombKings 11
1937,Hard,22,2,Allosaurus,Beast,MM 79
1938,Hard,9,7,Yuan-ti Abomination,Monstrosity,MM 308
1939,Hard,3,16,Fey Lady' Berchta,Fey,CC 154
1940,Hard,10,5,Felidar,Celestial,GGR 199
1941,Hard,5,10,Wandering Haze,Ooze,ToB3 389
1942,Hard,6,9,Glabrezu,Fiend,MM 58
1943,Hard,4,13,Angry Sorrowsworn,Monstrosity,MTF 231
1944,Hard,2,21,Ankou Soul Herald,Dragon,CC 37
1945,Hard,1,26,Gem Greatwyrm,Dragon,FToD 201
1946,Hard,8,8,Hebi-Doku,Fey,ToB2 222
1947,Hard,22,2,Firegeist,Elemental,ToB 202
1948,Hard,9,7,Warlock’s Trumpetbloom,Plant,CC 372
1949,Hard,3,16,Massive Malleable,Aberration,ToB2 255
1950,Hard,10,5,Angel' Fidele,Celestial,ToB 21
1951,Hard,5,10,Catonoctrix,Aberration,ToB3 75
1952,Hard,6,9,Wraith Bear,Undead,ToB2 375
1953,Hard,4,13,Dire Troll,Giant,MTF 243
1954,Hard,2,21,Ancient Copper Dragon,Dragon,MM 110
1955,Hard,1,26,Tromokratis,Monstrosity,MOoT 254
1956,Hard,8,8,Tyrannosaurus Rex,Beast,MM 80
1957,Hard,22,2,Naiad,Fey,MOoT 236
1958,Hard,9,7,Theran Chimera,Monstrosity,MOoT 216
1959,Hard,3,16,Devil' Infernal Knight,Fiend,CC 104
1960,Hard,10,5,Bone Knight,Humanoid,Ebb 316
1961,Deadly,9,8,Arborcyte,Plant,CC 40
1962,Deadly,10,7,Giant Ape,Beast,MM 323
1963,Deadly,21,3,Brimstone Locusthound,Monstrosity,ToB2 51
1964,Deadly,5,13,Mask Wight,Undead,ToB 285
1965,Deadly,8,10,Forgotten Regent,Undead,ToB3 188
1966,Deadly,3,19,Shoggoth,Aberration,ToB 347
1967,Deadly,12,6,Troll' Desert,Giant,CC 356
1968,Deadly,4,15,Royal Chimera,Monstrosity,ToB3 83
1969,Deadly,1,28,Alsikaya The Screeching Mother of Volcanoes,Fiend,ToB2 85
1970,Deadly,2,22,Ancient Sea Dragon,Dragon,ToB 135
1971,Deadly,6,11,Roc,Monstrosity,MM 260
1972,Deadly,9,8,Drow Priestess of Lolth,Humanoid,MM 129
1973,Deadly,10,7,Yuan-ti Abomination,Monstrosity,MM 308
1974,Deadly,21,3,Phoenixborn Sorcerer,Humanoid,ToB3 316
1975,Deadly,5,13,Gigantura,Monstrosity,ToB3 208
1976,Deadly,8,10,Githyanki Gish,Humanoid,MTF 205
1977,Deadly,3,19,Bone Lord,Undead,ToB3 66
1978,Deadly,12,6,Necrotech Reaver,Undead,ToB3 288
1979,Deadly,4,15,Typhon,Monstrosity,MOoT 246
1980,Deadly,1,28,Alsikaya The Screeching Mother of Volcanoes,Fiend,ToB2 85
1981,Deadly,2,22,Lady Illmarrow,Undead,Ebb 297
1982,Deadly,6,11,Abominable Beauty,Elemental,ToB 11
1983,Deadly,9,8,Giant' Blood,Giant,CC 180
1984,Deadly,10,7,A-Mi-Kuk,Aberration,ToB2 15
1985,Deadly,21,3,Ankylosaurus,Beast,MM 79
1986,Deadly,5,13,Countess of Garlands,Fey,ToB3 178
1987,Deadly,8,10,Yochlol,Fiend,MM 65
1988,Deadly,3,19,Balor,Fiend,MM 55
1989,Deadly,12,6,Bloom Hydra,Plant,ToB2 207
1990,Deadly,4,15,Commander of Horn and Gold,Fey,ToB2 145
1991,Insanity,6,15,Vampire (warrior),Undead,MM 297
1992,Insanity,12,9,Demon' Alnaar,Fiend,CC 82
1993,Insanity,3,23,Empyrean,Celestial,MM 130
1994,Insanity,4,21,Ancient Prismatic Dragon,Dragon,ToB3 141
1995,Insanity,8,14,Beholder (in lair),Aberration,MM 28
1996,Insanity,9,12,Virtuoso Lich,Undead,ToB2 238
1997,Insanity,10,10,Githzerai Enlightened,Humanoid,MTF 208
1998,Insanity,27,4,Red Dragon Wyrmling,Dragon,MM 98
1999,Insanity,14,8,Canoloth,Fiend,MTF 247
2000,Insanity,2,26,Ancient Imperial Dragon,Dragon,ToB2 115
